artist,songs,run_rate_usd,fwd12_usd,new_release_share,earnings_jan_sep_usd,top_song_share,top_territory,top_territory_share,value_decline_10pct_usd,value_decline_20pct_usd,value_decline_30pct_usd,value_to_run_rate
Post Malone,28,23022584.467133332,14654377.58469623,0.6600038887643332,12561779.9414,0.22159639987211596,US,0.5684959123877237,63421901.66719089,46825748.40091856,36236954.95060553,2.03390494528389
Ed Sheeran,50,17030858.93366,2932268.838140326,0.9430659376059459,6262913.9566,0.3243360736354013,US,0.23617206571092428,12690410.414190158,9369601.817957995,7250836.357712015,0.5501543905950509
Billie Eilish,25,10107678.86445356,2269493.7142971843,0.7866558051593058,9609882.3506872,0.2095448856766494,US,0.5147198083821998,9822021.191318136,7251808.618206079,5611943.667368948,0.7174553837191112
Lil Nas X,11,9291049.705979427,1988919.2297852917,1.0,5105327.2659627,0.3510281222013816,US,0.4660610028208687,8607737.796189902,6355277.179491711,4918146.547922228,0.6840214379007847
Taylor Swift,26,9219293.2338,3223847.3426369685,0.9985213275810898,3087517.4074,0.2563385229191243,US,0.5953928033228552,13952317.52239546,10301294.864064185,7971843.92496918,1.1173627525261183
Shawn Mendes,13,8940747.126768602,1975463.6681200848,0.9831840171361325,2782455.7326451,0.6429523629396349,US,0.3127220777669368,8549504.186207123,6312282.057966658,4884873.99307784,0.7060128162072364
Lil Tecca,9,6495595.842753333,2883976.726975333,1.0,1777773.1039,0.6770382065965286,US,0.6465241433108397,12481409.553668743,9215292.006156594,7131420.910236238,1.41869848882877
Ariana Grande,24,5044787.73183242,1928783.4432042146,0.5886104333892688,8206774.5479793,0.2800471639870004,US,0.513385054540422,8347479.322489374,6163122.774020574,4769444.375027938,1.2216812880215953
Lizzo,6,4994824.847306667,1648175.340484041,1.0,1868741.7196,0.6181689262266097,US,0.6992744260987065,7133050.432904792,5266483.913632815,4075564.125370334,1.054388106616518
Drake,27,4986461.3018298,1156992.4815565147,0.7558020790836005,3078495.9115442,0.30294350816551663,US,0.6357715882257715,5007286.250873378,3696986.6874248963,2860980.2217827733,0.7414048688331891
Lewis Capaldi,18,4275990.8524931,1415938.6298689537,0.15039007913032273,1988783.7413959,0.6975173386969342,GB,0.4264865643176303,6127965.519607381,4524408.194765329,3501295.366987569,1.0580958544678343
Khalid,25,3998643.5157066667,1052846.4010405447,0.4890494711499028,5249782.0868999995,0.19170685621625322,US,0.6479513855419187,4556557.965804141,3364204.3406485007,2603450.565123693,0.8413364000651496
Young Thug,15,3753094.33564,1258869.158319443,1.0,1280227.0842,0.6652750832343312,US,0.7136647320431686,5448192.904089831,4022517.513040065,3112898.157228283,1.0717869451992128
Sam Smith,7,3541295.0950459335,1194979.4050844857,0.6938658880443611,2384206.4516034,0.6090520237732961,US,0.3400653085440815,5171687.837682908,3818367.9001966547,2954913.2754822155,1.078240530007886
Marshmello,14,3526587.4825133337,752505.9609432389,0.6406426218384498,3363595.7213,0.47789701245033517,US,0.4410881476049046,3256730.5423300504,2404513.9135842714,1860776.7166610453,0.6818245472449244
J Balvin,15,3271541.529368147,666088.619077617,0.9533901771767705,1034516.8153178,0.31905880525808866,ES,0.2570366521998134,2882729.522739487,2128380.9502913333,1647086.2131895167,0.6505743335932528
Anuel AA,17,3141515.5069133327,1030994.8145072153,0.7466144196768744,2106423.5795,0.3098487425567674,ES,0.2776316471632053,4461987.646158753,3294381.048102856,2549416.543396667,1.0486598079344578
Chris Brown,8,3117471.04552,762088.3613439066,0.9997078573668523,1097040.0337,0.7059216444345152,US,0.5232787166972099,3298201.7035877937,2435132.960189643,1884471.8213920905,0.7811244834780681
MACHETE,19,3001985.5471666665,435662.52001893945,1.0,743383.879,0.17321522989335636,IT,1.0,1885480.6589381676,1392090.754602996,1077294.68688457,0.46372333668191
DJ Snake,10,2979380.4321666667,693184.2562489366,0.9554133747498428,1677503.7773,0.5147716066487096,US,0.23101795551468057,2999995.2903476534,2214960.778169645,1714087.5837943275,0.7434299944565589
Tones and I,5,2906979.412653333,1628133.9154805273,1.0,764341.7699,0.8828089867289091,AU,0.23739948560411653,7046314.215109324,5202444.706277433,4026006.2229073397,1.7896393361550929
The Chainsmokers,12,2819800.90964,681745.6157130884,0.918370045095588,2064488.4826,0.26160534958268505,US,0.44479694594543245,2950490.6060935427,2178410.4094702927,1685802.417850018,0.7725405017152105
Y2K,1,2797442.22706,1047624.0106935193,1.0,735800.4433,1.0,US,0.4302475234727818,4533956.260263086,3347517.017353612,2590536.7772370433,1.1966349063343191
Sech,27,2638597.7814733335,614178.8010977324,0.9792519202796302,1195194.8343,0.4652268925891558,ES,0.25461598583483774,2658071.7812247514,1962511.3279061434,1518724.996566054,0.7437705518005557
DaBaby,4,2576660.9884599997,799082.7010360538,1.0,1184699.2808,0.6135337073127731,US,0.9102752981092211,3458307.5395837384,2553342.5281273257,1975950.440194141,0.9909501248176964
Kygo,13,2555660.8928933335,657090.0289986155,0.9476405102992728,1357571.3778,0.37320078500847725,US,0.20060970822863208,2843785.0031353384,2099627.3773356066,1624834.7390871793,0.8215594577411094
Bad Bunny,26,2513439.3719933336,578099.1721017973,0.7857094097746835,2425581.5221,0.3587828173866348,US,0.2884689352325768,2501924.673021496,1847224.5734876916,1429508.250033904,0.7349389820462282
Juice WRLD,30,2472173.7730733333,690137.9355794665,0.3419043893029199,4320897.5737,0.2268182224140927,US,0.8263366366823074,2986811.2810760736,2205226.7417431446,1706554.7231029277,0.8920193093876536
Jonas Brothers,5,2277840.5052761803,534038.6570824616,1.0,1603942.0243479002,0.7977099287194539,US,0.4508873186000744,2311237.512491367,1706436.1586412706,1320556.580907846,0.7491464633667891
Lauv,10,2217185.1310266666,786095.9600834401,0.7471051418725262,1818154.4695,0.5254507445468731,US,0.4752841933928981,3402102.9138387255,2511845.4491227516,1943837.1727329213,1.132898382716306
MEDUZA,2,2209840.0817133333,570047.3646733413,1.0,942478.5457,0.987673897455807,GB,0.2688045782642583,2467077.6837161304,1821496.2949143818,1409597.9548767346,0.8242661131850497
Mabel,3,2028926.8106466667,456434.5815572946,0.4991771916917326,1562356.771,0.7915884393091672,GB,0.2297054281464115,1975378.9597493997,1458464.595575893,1128659.287929288,0.7188354887533109
Avicii,23,2014272.34171696,283202.99357968586,0.9449766934830965,1822886.0194845002,0.3605025116218396,SE,0.24270670628557198,1225659.1797813463,904930.424175652,700296.8267271129,0.44925922152328807
Mustard,5,2010441.2344466667,655146.3953364099,0.6177580777096557,1199537.1218,0.7326091659266897,US,0.7712487714525684,2835373.2543395264,2093416.8030328786,1620028.5734857568,1.0412723173224454
A Boogie Wit da Hoodie,8,2010172.4914519733,641536.1261687584,0.2292525716731162,2858939.8447102,0.4100775256825106,US,0.6768643727767399,2776470.093981748,2049927.3381252196,1586373.4620459606,1.0197768335017512
XXXTENTACION,15,1995600.8669549334,577114.1799211719,0.03821273920518336,3544255.8145685,0.20926214485948344,US,0.7124544700999027,2497661.7777288416,1844077.1865884345,1427072.5875794785,0.9240711492585653
Ali Gatie,3,1982459.0745266667,526343.9531865139,1.0,554167.6566,0.9958277352125064,US,0.44413098467356493,2277936.0125793824,1681848.9479891104,1301529.3218636343,0.8483650278584791
5 Seconds of Summer,7,1977886.9763123465,638976.3003179403,0.6080721916428204,1320494.2002454,0.5847832309100595,US,0.4620451572927122,2765391.559771925,2041747.8190328665,1580043.5927969,1.0322874074632842
Daddy Yankee,11,1907093.5949,346108.77855682105,0.9405714565295838,1949244.9213,0.7953458072708741,ES,0.1840222719476273,1497905.78227668,1105935.9219033588,855848.5779478166,0.5799064738410752
Bazzi,7,1847588.29294,493911.64789467613,0.9806172288507984,1307077.2282,0.3931956033751365,US,0.7118280644987524,2137573.9627296967,1578216.6402448814,1221331.580334718,0.8542036373988507
ROSALÍA,10,1836542.92224,669942.7159944662,0.9496156352898417,822674.2046,0.4834450457740777,ES,0.5755279761448351,2899409.463887687,2140696.108099851,1656616.5214911797,1.1656118036647247
Dreamville,17,1830022.9904080802,220662.5809643321,1.0,471459.6959418,0.2986177971049291,US,0.9413692525309474,954993.852906003,705092.4161066867,545648.5585603667,0.3852915618013394
Katy Perry,4,1823785.1695138402,273419.9097381788,1.0,694606.5189235,0.8949699006626588,US,0.3984013897611832,1183319.4913290779,873670.1253400396,676105.4773235798,0.47904223586428807
Lady Gaga,10,1822729.2850000001,533592.2098900941,0.0,2334384.069,0.8183398362199841,US,0.22284282389865812,2309305.357422325,1705009.6071699935,1319452.6181701492,0.9354157093986633
Capital Bra,35,1807112.4972385333,578371.4572723417,0.9265691709744303,2071043.0067361,0.11481682763003102,DE,0.8742491973966113,2503103.0815353952,1848094.6177332094,1430181.5495583438,1.022678234231295
Travis Scott,9,1650729.4144466666,800617.3664952042,0.000625732473753876,2048399.5027,0.6072644322361854,US,0.7194788785378082,3464949.3366358294,2558246.3091480085,1979745.320105353,1.5497672039760353
Martin Garrix,11,1578785.1478689334,195252.5551493295,0.994439123693955,919632.9621071001,0.7935569359313701,US,0.23758703094904335,845023.1530734259,623898.6930162753,482815.32286473695,0.3951764392124049
Loredana,16,1563492.7810666666,775787.2934337966,1.0,589956.375,0.201476502393927,DE,0.8958828303194453,3357488.583493075,2478905.7334579085,1918346.1761467513,1.5854922795145348
Niska,21,1543274.0095758268,1113577.8622823143,1.0,506742.05263610004,0.29635479547607924,FR,0.9209511026333433,4819394.428200382,3558262.130390254,2753625.7064685356,2.3056580414830234
Ozuna,31,1528431.2485835466,271236.2922702454,0.6765122565842383,1646141.9509741,0.41377456378196437,ES,0.3645538371069932,1173869.1293788946,866692.7206999353,670705.8861531236,0.5670472397781263
YNW Melly,3,1522548.3105111069,563886.9773837295,0.3206364307374045,1694964.430686,0.6163598083648145,US,0.7843397910035451,2440416.4710746882,1801811.75057885,1394364.7131097782,1.1834184427120062
Miley Cyrus,8,1476050.42312,484555.0617832835,0.8927104177972978,598478.8141,0.43377455723373787,US,0.4168079272365341,2097080.091129373,1548319.147525631,1198194.8631694613,1.048960877808546
Ava Max,6,1464082.3334799998,302530.8707144124,0.3418993855786263,2148700.6359,0.7727427331935105,US,0.18005706846079497,1309307.271690368,966689.6020461416,748090.2870070871,0.6602699724874094
Queen,18,1448496.03109224,365722.69603110943,0.0,2068771.5656857,0.4767037287799943,US,0.31973780163807297,1582791.812964315,1168609.096488852,904349.3511681632,0.8067741101145173
Ufo361,18,1429691.6538666666,177691.21546655628,1.0,612504.416,0.19487988801700332,DE,0.8956725595264934,769020.3646869637,567784.2064871873,439390.10938985663,0.39713752608934166
Lunay,6,1424703.7412218866,311482.093005717,0.9710199651070406,680355.9801948001,0.49433517855711867,ES,0.37072588216757146,1348046.7907643917,995291.8187196797,770224.6313044252,0.6985956377612058
Nekfeu,34,1422785.3368464666,297164.9891110565,1.0,348514.48695620004,0.17182577620891257,FR,0.9723817999433415,1286084.5579695734,949543.7751111063,734821.6777599669,0.6673837229836254
NLE Choppa,4,1411680.3224992866,459655.7489839783,1.0,469408.74698510004,0.44262182956167845,US,0.9190407533311127,1989319.6790060154,1468757.327191915,1136624.5050293982,1.0404319616721562
Jhay Cortez,2,1410474.7162133337,457747.7575728552,1.0,439179.8861,0.9521466563812199,ES,0.3206463694194213,1981062.1844137877,1462660.6420715817,1131906.474638042,1.036998838233946
Polo G,2,1406018.7358713602,371828.92814695236,1.0,733046.7234237001,0.9989967815634379,US,0.7610119957046165,1609218.6503082952,1188120.5965223075,919448.6794624483,0.8450247256385147
Paulo Londra,18,1394060.0864800133,329061.14946004184,0.6943107432854045,1037875.2222907,0.4432180288933197,ES,0.277279226255095,1424126.254624562,1051462.916393278,813693.6543405697,0.7542450476781173
Ellie Goulding,6,1353426.2209866666,261187.5683312141,0.8995392934083405,1243914.2227,0.5711842744733656,US,0.3904687402365529,1130379.7912709739,834583.6108998196,645857.6689848953,0.6166450730438756
Halsey,4,1336393.31531732,556609.7405538145,0.36640535528473434,1893720.5894424,0.8427305443464638,US,0.4808326778840232,2408921.7046836736,1778558.4899826876,1376369.7555179996,1.3308645513243815
benny blanco,6,1310159.2248333334,559473.4829863356,0.2111533036924263,1821328.8536,0.6376924124406788,US,0.5065997703688935,2421315.543310105,1787709.1264976298,1383451.1416033274,1.3644976065600316
Panic! At The Disco,2,1306533.3794796402,251254.1513070258,0.24056741431094678,1586478.8874831,0.8675278357123182,US,0.4208403784652396,1087389.4838296545,802842.9461293285,621294.5796874695,0.6144833027144556
Samra,11,1305779.6218980933,396385.25681123487,0.976614449206971,799773.2822696001,0.287548813119237,DE,0.8795159669338422,1715494.6796280097,1266586.465238887,980170.9155599505,0.9699848611496672
Lil Uzi Vert,5,1302845.9769866667,330767.1972502441,0.6933112506175477,1174196.1801,0.443943357280898,US,0.9111813827472015,1431509.768155886,1056914.3225770097,817912.3239196654,0.8112350509931583
Maluma,12,1270050.7406658935,346972.66554943216,0.9826147529844176,863664.4675023,0.52846818206329,ES,0.28713109693405275,1501644.5528645327,1108696.336307112,857984.7747158291,0.8729543637963766
Chance the Rapper,18,1257486.4215333334,148749.42115667983,1.0,411587.4359,0.31687019312146114,US,0.9664750300994308,643764.7117474672,475305.27513764385,367823.6105375327,0.377980443365801
Summer Cem,9,1241485.0595333334,445514.96805550717,0.9185807521211767,455247.2655,0.2905502054026067,DE,0.902100069835565,1928120.5450025788,1423572.6957654264,1101657.5582239253,1.1466692126770648
OneRepublic,3,1230350.4888133332,325822.52418403875,1.0,512650.4962,0.9434392204534454,US,0.26549229935184054,1410109.9804700017,1041114.4009778332,805685.2679352014,0.8461933493292491
Lil Baby,6,1222989.1956959732,321329.9489879333,0.15588368696372862,1758694.2426508,0.4957062340848299,US,0.8677754200545407,1390666.803120906,1026759.0866979056,794576.147533971,0.8395487795896693
Luciano,26,1201912.4749666667,585597.0525150261,1.0,646427.232,0.18082387887396428,DE,0.8949149840271581,2534374.3510464947,1871182.8657959693,1448048.8092073582,1.5568378769409676
Marília Mendonça,21,1173815.0695696534,384364.7864649176,0.6274988976945765,748176.1984156,0.15425550886088388,BR,0.9992322385094362,1663471.9250694222,1228176.9513005286,950447.0163423218,1.0463121347988875
Apache 207,8,1163752.7304091868,667429.8814228176,1.0,321769.8631722,0.3579957389631394,DE,0.9607723705677029,2888534.300736749,2132666.7422161694,1650402.8510268505,1.8325772189306082
Luke Combs,9,1140861.6240666667,302629.83983323234,0.5176306486042558,816264.209,0.5071905088270261,US,0.9184484781201523,1309735.5948781397,967005.8422297003,748335.0152106188,0.8476101061080068
Megan Thee Stallion,2,1125283.451321987,433112.8905553817,1.0,286738.5395706,0.5926777266020667,US,0.8525706753532115,1874446.2531306907,1383943.8164552576,1070990.0309906094,1.2298624091817894
YG,5,1117310.30136232,206604.1143972851,1.0,690507.4999964,0.6640154157817121,US,0.7451624555392702,894150.9628512339,660170.8072176992,510885.15651750634,0.5908571740659355
Blanco Brown,1,1107224.1127509465,276522.94900326227,1.0,306731.6326532,1.0,US,0.5902702488611787,1196748.9699952397,883585.3970781387,683778.5902489775,0.798018564536887
Sam Feldt,1,1092236.3223619466,338611.40528497327,1.0,271279.0850138,1.0,US,0.44469365341955214,1465458.2990819025,1081979.2500852433,837309.2728200749,0.9906091089751323
Einár,19,1091550.8331,459982.5074312291,1.0,517921.317,0.18750384143775262,SE,1.0,1990733.839518169,1469801.432187191,1137432.5046229889,1.3465258672497742
Shindy,17,1089468.8420768534,81862.4503016463,0.9585725831437261,634006.1929388,0.23650223851074267,DE,0.8964107967444734,354288.1465459343,261578.526904529,202427.28881401563,0.24009729952981684
Stormzy,9,1063537.3108889533,276710.05176018376,1.0,385707.6454271,0.6530713518231489,GB,0.7419694060972135,1197558.7220698367,884183.2543784633,684241.2529676438,0.8313608232882985
"Tyler, The Creator",11,1054104.694102027,240711.27731788805,1.0,1142368.0276996,0.5486964952072595,US,0.7400071981533066,1041761.539990746,769154.857912364,595224.4414242608,0.7296759631334279
Quality Control,7,1042916.8715527467,345620.07794382924,1.0,270691.45636320004,0.48972019087899693,US,0.9349848416409327,1495790.7608748684,1104374.356301881,854640.1320759284,1.0589284596169521
Sebastian Yatra,18,1041672.6919984667,281792.6376209529,0.5646039947595866,880714.6944563,0.3337726333186392,ES,0.3026341803538798,1219555.375207353,900423.8545245237,696809.3360407602,0.8644019003676148
Dave,14,1026866.0200732268,317616.7088027634,0.8574213644429944,716608.6546433,0.34123882604574446,GB,0.961623446622496,1374596.4683332692,1014894.0143222268,785394.146010324,0.9883412192856997
Dan + Shay,3,1018639.8493394933,292364.36805775214,0.12128756662634452,648164.2719023,0.4771247580567278,US,0.9226585760654883,1265308.2053319786,934204.1489611063,722950.8297598999,0.9171093685043474
NF,10,1018468.52978,66111.00362668931,0.9645044896630477,367696.52,0.36883128673613774,US,0.7580249168526262,286118.297887307,211247.2675460777,163477.53060911177,0.2074165881116713
Myke Towers,5,1005778.79287262,305253.540843877,1.0,407160.22297350003,0.4364749312104748,ES,0.5741282417760007,1321090.5709963331,975389.464303966,754822.8332552336,0.9697852760626832
Ultimo,24,1000925.0147263467,312414.90425710334,0.5205967032665243,888234.09226,0.18129245976753608,IT,0.9997794618128183,1352083.8549875256,998272.4697033543,772531.2621455197,0.9973499063526575
J. Cole,3,968607.8135867468,293104.4646986217,0.0,1447959.1898574,0.8784604663515886,US,0.7406475148999305,1268511.2302376877,936569.0108528808,724780.9210400844,0.9669228326630707
Ninho,24,968320.85214176,253114.55504216446,1.0,1180076.3538915,0.13609050240359769,FR,0.9507028080024991,1095441.0262489284,808787.5723491897,625894.9365399202,0.8352475014457139
Dominic Fike,2,952319.6980816133,296906.56268378784,0.011530951091110287,601230.5108429,0.9947314051716052,GB,0.27452728038818414,1284966.1279739146,948718.0142902533,734182.6477671298,0.9962179887714017
Dalex,19,947451.9364779734,255615.84594458094,1.0,472535.5380398,0.6994994099723351,ES,0.3529139359331192,1106266.2301675011,816780.0522615659,632080.0621261396,0.8620807249577611
R3HAB,5,869144.5162255267,165549.84497210107,0.9997151067301495,235962.2233135,0.988672116934376,DE,0.24042931658270322,716474.3728047549,528988.375225857,409367.25150296505,0.6086310910907186
Nicky Jam,7,864671.5620677334,228524.00848296052,0.998680140422485,577078.997549,0.824606648753829,ES,0.26006626935605426,989016.9071209347,730212.3657553011,565088.0873423661,0.8444967983092989
Meek Mill,2,838803.3777391666,254475.64405916719,0.0,1220311.8081228,0.9953558692676113,US,0.6811255982553418,1101331.611045023,813136.7172714538,629260.6012437149,0.9694008618123447
Dean Lewis,4,820706.3949066666,246321.1516087459,0.029713717091368122,1102298.5163,0.8937409621187203,US,0.3205609463088778,1066040.2166922146,787080.3249331414,609096.3892965928,0.9590278933097026
Camila Cabello,4,816683.6716228666,741106.1277869848,0.9163622943956578,294045.764641,0.4095107194688362,US,0.3170672775128292,3207393.810470939,2368087.5477354303,1832587.5125723637,2.8996386606208295
Shirin David,12,809450.5609666667,281348.1103421919,1.0,437776.964,0.40086444909421964,DE,0.9173943298213381,1217631.5292303385,899003.4378338588,695710.120814342,1.1106341525790602
Dardan,9,809359.7993,152152.67726472236,1.0,454420.058,0.354473115048984,DE,0.9023054842794813,658493.4829276192,486179.84236767824,376239.0916836783,0.6006968010866935
Pedro Capó,4,780915.4247407068,168488.28199222853,0.03135668224383869,1056992.2146004,0.982537229069773,ES,0.1909562442950501,729191.4781658435,538377.686494875,416633.34037696465,0.6894186866313168
Mau y Ricky,5,757382.69326772,232907.99201757985,0.6474391174217314,516681.9538102,0.6754954537560819,MX,0.2939589596254671,1007990.1163914242,744220.692536797,575928.6851726075,0.9826217302720033
PNL,31,757211.8409361134,128737.64157091013,0.8995939638572187,845495.1146813,0.2080224200399984,FR,0.9290418151564195,557156.7947793927,411360.7950311341,318339.01447469584,0.5432572138895553
Joji,4,753340.5207466667,201138.60295709356,0.3129348123736599,483204.0562,0.7715683002165991,US,0.8833850606653909,870497.066456294,642706.6288790697,497370.1852609264,0.8531422526456652
Tiësto,3,751669.0356933334,195150.33120444533,0.9979949082263182,326931.5567,0.7355998271548927,GB,0.23265671037622412,844580.7434969696,623572.0525502418,482562.54621392174,0.8295832646279809
Lana Del Rey,15,744482.6416849467,665646.9296727878,0.9998702090807903,193291.3613525,0.24210981224120148,US,0.6723112797581795,2880817.95864619,2126969.6015784764,1645994.0153822438,2.856976754709314
Imagine Dragons,8,718941.5234835601,171739.1616058015,0.06940036656978674,1402503.3094114999,0.34138049640945406,US,0.25380057873771555,743260.7872164861,548765.3587100235,424672.02898219804,0.7632962359039094
AJ Tracey,15,708883.2744122134,260842.9320094963,0.8318875652124802,357940.5619256,0.545613810799106,GB,0.9713880445881717,1128888.2580563694,833482.3799811193,645005.4614590382,1.1757681554445196
Jax Jones,8,699423.6612133333,190256.05044669507,1.0,409798.0034,0.6021319936962874,GB,0.6253990353140896,823399.046003804,607933.1516115076,470460.0989889079,0.8691915720393111
Normani,1,697070.9871014934,390919.9361700056,1.0,172402.8061837,1.0,US,0.527044081028948,1691841.608981755,1249122.8965681978,966656.4161059674,1.791959383881696
Offset,14,693337.0545445068,101792.74892889122,0.4620645421753406,1058384.9586364,0.3613237564383956,US,0.8862751971528628,440543.42640544253,325262.64748083724,251710.40093075315,0.46912630061943117
Gemitaiz,21,681205.4897271867,407579.0183127311,0.7171240282346535,381620.017933,0.22049985488306723,IT,1.0,1763939.564928036,1302354.3616711677,1007850.5511441424,1.9118377366464594
Juju,9,667722.52758042,139122.01410001479,1.0,301080.74328570004,0.31727848438999473,DE,0.9448901820925985,602098.7685759553,444542.4168734066,344017.21454512695,0.6657592016316481
NAV,16,667101.8453666667,182343.36885075708,1.0,397735.5525,0.6758965606927986,US,0.8281562621938354,789154.1719925429,582649.427656223,450893.8304883659,0.8734040112510479
Cardi B,5,662534.7338133333,133670.81757827432,0.2000632369522609,1632656.6859,0.36671519387430573,US,0.717167538412737,578506.8249555451,427123.97959514585,330537.6408379847,0.6446816412729939
Calvin Harris,4,653440.8544733333,117707.44063286918,0.0,1565456.6426,0.5496817565453793,GB,0.2792326731412983,509419.7745464524,376115.5305392688,291063.8270996053,0.5755923094867004
Calboy,1,652803.8655666666,210194.84075183776,0.0,613904.0823,1.0,US,0.9147077299049262,909691.0765446365,671644.406002981,519764.2091007945,1.0288609510912743
PLK,23,641928.4079,467276.7370624943,0.9388402773837319,228860.6225,0.20431258330602503,FR,0.9681536914459804,2022302.1481507462,1493108.9905954609,1155469.4815617818,2.3259743177280576
Mark Ronson,4,631597.5521995533,31965.361389862457,0.8712725536294057,647416.0899577,0.7637700123134219,GB,0.27643915323512175,138341.18816081405,102140.26227557198,79043.09507310146,0.16171731812428042
Piso 21,10,627953.1548264,207649.7214174175,0.3508509726011453,579340.5905805,0.5144959713822833,MX,0.37441161099458625,898676.1898852782,663511.8792603689,513470.70573415427,1.0566263966677565
Tyga,12,622059.9486656532,122467.95780574607,0.10092889571805334,901666.62076,0.8013935354567533,US,0.518541314618488,530022.5637320178,391327.01107517217,302835.5072912823,0.6290824733445487
Gilli,22,621732.774,121006.03765028455,0.9843470017876201,247580.244,0.2591479068095595,DK,1.0,523695.5972123485,386655.6761797644,299220.51003133965,0.6219001029850236
Jul,31,620713.6965724933,100926.31292864417,1.0,314019.4107404,0.20565641059077205,FR,0.9823861490942273,436793.62410295726,322494.08812588814,249567.90104448548,0.5195536845838297
Becky G,6,617744.5937866666,188091.4949468107,0.5564660587307049,580143.7503,0.2773240120518454,ES,0.3792752044406536,814031.1813317344,601016.6564788001,465107.64374582015,0.972920949084593
Saweetie,1,602531.9980333333,201175.9526094161,1.0,152914.9015,1.0,US,0.9011511608631549,870658.7100309333,642825.9737923837,497462.5424873463,1.0668744164468775
Fred De Palma,6,601842.24107592,177440.13873159603,0.8393413043956878,190058.3555747,0.6468961071373517,IT,0.9920647113906695,767933.7430339092,566981.930446965,438769.2535205906,0.9420773281605578
Dimitri Vegas & Like Mike,4,597653.4240584266,210144.44493124128,1.0,185841.33576,0.8167910182045283,NL,0.3432017061466261,909472.9711519076,671483.3741200457,519639.5916566145,1.1235330495728932
KC Rebell,15,590820.8035272401,96273.33857279466,1.0,562383.6167146,0.34501197155084695,DE,0.8805824313196845,416656.26375782554,307626.2436716502,238062.14986912863,0.5206760524258807
MERO,18,578441.6592634333,113011.74682422161,0.937448357285619,785577.8259447,0.2244104372649514,DE,0.8762656180347146,489097.53095268214,361111.1828226448,279452.4403980986,0.6242828071589289
Machine Gun Kelly,3,574428.0655533333,574.0159241755599,1.0,168736.7293,0.84879332077939,US,0.7088141419842016,2484.253001402291,1834.1771998310826,1419.4113032137445,0.003193049417013185
Mahmood,8,563836.7847524533,195075.65569104784,1.0,438688.0930189,0.7832814154344873,IT,0.5270598546503941,844257.5593125665,623333.4387447868,482377.89059144584,1.1055210578686434
Aya Nakamura,11,555419.7223466667,247182.67952236958,0.332177561659418,452878.1301,0.3106002302847788,FR,0.6613049319336076,1069768.777547535,789833.2012726893,611226.7525968583,1.4220474525744564
Blueface,5,552832.8409066667,167958.96146665575,1.0,938971.9102,0.6688000348873483,US,0.760152100660785,726900.6600038793,536686.3263800793,415324.45066610834,0.9707931343222908
Boomdabash,3,547470.0534333333,114236.49252078494,1.0,302225.931,0.586604249719393,IT,1.0,494398.04274076875,365024.66420463636,282480.9589670934,0.6667481845179798
blackbear,2,541650.8809515267,387988.8056411312,1.0,134032.3503283,0.9533899223456286,US,0.7332555994062044,1679156.12499572,1239756.9320376634,959408.3945291187,2.288848731972452
Night Skinny,16,534742.3445,523220.97937520215,1.0,123402.0795,0.10230511958268904,IT,1.0,2264420.2602503947,1671869.9785578973,1293806.9153227652,3.1264963318383647
Alec Benjamin,5,528773.6458472001,146189.01293239018,0.04447245084842104,882873.5999498001,0.9880822578254709,US,0.29303991432681936,632683.6571144579,467123.89516286855,361492.30121084815,0.8834099407780499
Takagi & Ketra,3,528159.5981727868,103991.5998751866,0.9087099877446774,260413.01187430002,0.5474049620500868,IT,0.9747088620572496,450059.7165167598,332288.72829438705,257147.6610411527,0.6291445416195565
Koba LaD,24,526380.5213333333,154164.9266698822,0.8988405368829872,437189.9765,0.2263507258154168,FR,0.9698215039017484,667202.1901494932,492609.667436763,381214.92846847017,0.9358432682671691
George Ezra,6,524710.3372333334,120056.07097691238,0.049030919552653644,662042.4247,0.556208332067031,GB,0.6215524680105897,519584.2869504486,383620.20775543246,296871.4577192501,0.7311085384331593
KAROL G,14,524707.43,106645.57942228786,0.7217769042962983,520379.5309,0.35216173622942937,ES,0.33889630361707984,461545.7335031634,340769.10064834694,263710.35104503046,0.6494459219842702
Camilo,2,520689.13248455996,280420.12154700025,1.0,139631.5540983,0.7735888939154557,MX,0.2785020247137209,1213615.33585899,896038.196247079,693415.4148146042,1.7208697864913653
Dree Low,24,517665.5792642534,416427.3307740841,1.0,199116.91786870002,0.1799525240423205,SE,1.0,1802233.7060200842,1330627.7462412987,1029730.4227523213,2.5704389079383847
Manuel Turizo,16,513048.3674333333,221224.3982954549,0.7550964043632262,476737.8582,0.41621512344160627,MX,0.28426811772759686,957425.3122650553,706887.6146296117,547037.8055072741,1.3778186609695553
Lil Tjay,2,511487.90853333334,293791.6233972216,1.0,125993.9319,0.840570107646589,US,0.8388994367116819,1271485.1478374274,938764.7179135303,726480.1087852594,1.8353605280824574
Olexesh,10,505501.54164241336,199484.04416029295,1.0,192890.8403975,0.4489922932941013,DE,0.9331994879630013,863336.3894021652,637419.7476392672,493278.8362946349,1.260964992447385
DJ Luian,1,504536.33108666673,117146.96526299695,1.0,366589.254,1.0,ES,0.373362140342499,506994.12299015286,374324.6200415103,289677.8985187699,0.7419180680909393
Kodak Black,5,503099.96845333336,149296.67257768082,0.0,1280340.8387,0.746500576963905,US,0.730289385246335,646133.1320784815,477053.930595969,369176.8392894776,0.9482289018275295
Guaynaa,4,498532.6975962667,169573.18340947817,1.0,190192.57435480002,0.4993442660255108,MX,0.4097751776129376,733886.7653321342,541844.3175756099,419316.0557332128,1.0868781931218858
Lorenzo,17,497010.02974757337,210875.2404907517,1.0,126209.049244,0.23012997570046098,FR,0.9784620007940579,912635.7424020828,673818.5158757678,521446.68347030826,1.3557443020173934
Bebe Rexha,6,495546.2803824,153244.8940824996,0.039932783629875505,634700.0067339,0.5714131556703339,US,0.6250688712999034,663220.4300269393,489669.84865507594,378939.8963676944,0.9881415077461799
Reik,8,494935.78738378675,194868.2568716912,0.6946074794280176,343844.9966796,0.357980225002654,MX,0.39235040855199377,843359.9689883713,622670.7285834228,481865.04030965135,1.2580838655350395
Official HIGE DANdism,16,494796.78380028,197497.43496088329,0.7529930897481226,144049.4951662,0.2610547682899735,JP,1.0,854738.649063628,631071.8517968908,488366.40192835755,1.2754162364394368
Aitch,9,494010.6869067067,305984.0107865847,1.0,122036.3715622,0.6992753160045002,GB,0.9682811386462185,1324251.9330268588,977723.5656026376,756629.1198923619,1.9791546853464719
21 Savage,13,485956.67730497336,144392.48477495858,0.0,1363654.0039788,0.6481593878304199,US,0.8382555058272472,624908.5584120774,461383.3732601908,357049.8941872753,0.9494331384001933
Morgan Wallen,1,479687.5312317399,146283.26755469874,1.0,207544.7611215,1.0,US,0.915810014955902,633091.5766834184,467425.0709176446,361725.3715328555,0.9744365664819183
Molly Sandén,15,479488.8423,141938.19863698786,0.8564570988349774,353810.8485,0.24988176415398974,SE,0.9990931213631228,614286.7839146,453541.0896465561,350981.00073181954,0.9458845537907027
Sido,9,478921.26108259335,174281.06320354497,0.8061168378490373,244239.5886578,0.5110412908030988,DE,0.8750569345240116,754261.7480043478,556887.6036834387,430957.57561520516,1.1627957431344849
Boro Boro,3,476884.94527232007,125049.25138131857,0.8715543964702952,162292.52905890002,0.7283089322534533,IT,1.0,541194.0069665005,399575.1268904008,309218.46135887713,0.8378858063179739
VIZE,2,475960.55234676006,113494.25141028907,1.0,173268.5732889,0.5835693384437743,DE,0.7580152413219761,491185.73689897195,362652.94999896485,280645.56489947945,0.761939089722618
MC Kevin o Chris,10,469587.59223999997,130191.99558336961,0.7976067014321246,359891.5068,0.23699586010902773,BR,0.9823659556280476,563451.0161910079,416007.9535119155,321935.3023775518,0.8859006506698741
Ashley O,1,469063.01140989334,0.0,1.0,111633.2325372,1.0,US,0.5839657830554756,0.0,0.0,0.0,0.0
Zé Neto & Cristiano,14,468308.55344,153742.39471478362,0.34123636210815905,433287.8028,0.23326990823846008,BR,0.9992270790965362,665373.5365644037,491259.5333279315,380170.1026931272,1.049008244071869
Snelle,13,467507.85149952,195005.91406277486,0.8218733312521088,284281.6335857,0.3448123347256255,NL,0.9850740286571454,843955.7282272902,623110.5903897674,482205.4353488193,1.3328344933484122
Don Patricio,3,466675.17074845335,139680.3257274235,1.0,389314.8653261,0.6565160585653725,ES,0.9541894222100634,604515.0557862797,446326.41347396164,345397.792681174,0.9563963147174589
Ambjaay,1,465219.76184666675,145650.05540993565,1.0,118004.5741,1.0,US,0.9184160768900229,630351.1315060281,465401.7415470375,360159.5813905352,1.0003911693253278
YK Osiris,1,463898.4414655067,122645.15769435144,1.0,291657.1281899,1.0,US,0.9260551329084682,530789.457709303,391893.2253242966,303273.6824606836,0.8447823710859265
Benji & Fede,3,457967.79860000004,105786.65188374312,1.0,152622.027,0.9275749725169093,IT,0.9733632845801478,457828.42667290155,338024.53339654376,261586.41788306634,0.7380967273897404
Lil Mosey,5,457514.43287350674,186584.80245951924,0.11139290248968048,484348.7238045,0.7534796091629742,US,0.8782317313446547,807510.4470174032,596202.258670384,461381.93465508305,1.3031332256030086
RIN,5,450873.33156666666,275975.42198747344,0.7744296920823863,230147.3875,0.42446075561035856,DE,0.9011689693848903,1194379.3569321947,881835.8610002088,682424.6800135745,1.9558394769902674
Ski Mask The Slump God,3,449513.51838622673,140700.05944917497,0.0,785340.6988494999,0.6804494508889671,US,0.892377695306611,608928.3071477826,449584.8114792466,347919.36309405253,1.0001586005539407
Logic,16,448851.3250866667,12799.014945186345,0.9883610022413146,985945.9396,0.3668320632739081,US,0.7148289821913882,55392.17633768521,40897.23020572188,31649.063585286243,0.091115315740296
Young T & Bugsey,1,447498.8084666666,168849.81556747245,1.0,126356.048,1.0,GB,0.9665320452250927,730756.1401056623,539532.9099177064,417527.3309817193,1.2056633441469715
Trippie Redd,13,447366.39442768006,0.0,1.0,437667.52866969997,0.30995701989621166,US,0.986445030434101,0.0,0.0,0.0,0.0
Alan Walker,13,444730.80325942667,102039.93830263322,0.5260637250914048,646415.2363834,0.4038488011429922,NO,0.3057272420332991,441613.2241545473,326052.50207243115,252321.64423663818,0.7331457584741068
Capo Plaza,11,441877.20733277337,104074.21097521327,0.3363383696573323,387929.1775564,0.1647753919899636,IT,1.0,450417.24470464967,332552.6990132125,257351.9395710858,0.7525907503139676
Salmo,12,439098.4569320267,111708.59749959924,0.0,640259.3570971,0.2993313694785017,IT,1.0,483457.7002709494,356947.1750337832,276230.0474238949,0.8129091992893049
Jonas Blue,6,437689.25893333333,71617.24447348587,0.84697471260038,537380.7763,0.43623576584572366,GB,0.3045756932857369,309948.4649157649,228841.59026888074,177093.21645856893,0.5228403155850273
Dynoro,3,436239.5421808667,76529.04669966696,0.06329526907949423,608495.7340609999,0.9537084928018966,DE,0.20116954458489048,331205.9926406453,244536.47829185743,189238.99030448677,0.5605555082635577
City Girls,2,434996.65950000007,127177.92156340825,1.0,345339.2196,0.8332754988944209,US,0.9997063826109369,550406.5654794844,406376.9561594352,314482.18034300074,0.9342070732831343
Loud Luxury,4,430735.71120666666,113452.7726789758,0.1919208630316461,493281.7913,0.9285524944938304,GB,0.23674569294810296,491006.223302886,362520.4112660682,280542.99739640264,0.8416307304785583
Jeremy Zucker,2,427515.64291210665,171201.79110791776,0.005055202719535696,159430.61477810002,0.9930400233108025,US,0.5897855705033404,740935.130007324,547048.2761804824,423343.23351401434,1.279598267923381
Flipp Dinero,1,424971.56606666674,134374.05579650996,0.0,673072.9546,1.0,US,0.771896466719211,581550.3322534687,429371.0662204694,332276.5895914521,1.0103524576821041
Veronica Maggio,14,424310.32800000004,127687.25973065358,1.0,210905.118,0.3566735706243032,SE,0.9984044057195426,552610.9030551802,408004.4658051074,315741.65820989886,0.9615709043148895
Bizarrap,11,421923.3219734,209440.40244519175,1.0,106823.8790857,0.364891047956879,AR,0.6027243844538404,906425.9831060702,669233.7175839851,517898.6541310978,1.5861500958370267
Vegedream,8,420870.46876489336,86519.45772677776,0.9130105303910697,200930.935524,0.5913160789853009,FR,0.9450073062369225,374442.9613971983,276459.25839449326,213943.01285577627,0.6568749268766797
Tainy,1,420766.54568000004,273377.88200624776,1.0,101321.7283,1.0,ES,0.39511075434349857,1183137.6017424052,873535.8323624028,676001.5522663839,2.076058187921483
Trettmann,12,418425.82513333333,287198.8137206062,1.0,117573.488,0.3037024937118477,DE,0.9328322640219707,1242952.4773364663,917698.4361565537,710177.5844461214,2.1932165297496273
Kontra K,21,415601.8152,93909.62403693997,0.7781449250352873,507021.064,0.2216385323588844,DE,0.9431714241363353,406426.4692820206,300073.36730362807,232217.2194613502,0.722021310612476
Z.E,18,414144.30739708,114392.53466982511,0.9694797897731792,311999.1659139,0.22808476835588112,SE,1.0,495073.36926181446,365523.2722395845,282866.8158410878,0.8825988084610376
Dermot Kennedy,10,413986.50513999996,134750.37593013508,0.7426719168926194,260857.4371,0.6460614014826568,GB,0.24719657494480532,583178.9881531966,430573.5377545544,333207.14400431374,1.0400666021926128
Lil Skies,14,412938.07259501336,138645.82134956794,1.0,704500.1211118,0.5365665044506244,US,0.9487777865983171,600037.8792874871,443020.8181706373,342839.6977829161,1.0728505012545244
Aimyon,28,411796.10273672,141848.79966195053,0.26374627285265767,278160.1886253,0.18468147513517885,JP,1.0,613899.8788433205,453255.42934551614,350759.9373251798,1.1006792593064023
Hov1,14,410143.1520974667,90604.20420431132,0.8635072491542095,390565.1650542,0.17541337380586056,SE,1.0,392121.1185168893,289511.4204350204,224043.66525370587,0.7058789570286931
Aitana,15,405615.0826,102819.91888050729,0.7264091459436606,323150.7596,0.28491012279830025,ES,0.9992923934318365,444988.8606308387,328544.80678384216,254250.35945496903,0.809991592713624
James Arthur,8,403364.3216491201,191698.48330797898,0.20871959941696464,542390.4112201,0.5746028795727178,US,0.22740768251219612,829641.6744990195,612542.21793707,474026.9085863489,1.5185830403461174
Blake Shelton,1,402247.51315614674,30204.112335875663,1.0,184457.6505869,1.0,US,0.8879679674318283,130718.77201466296,96512.46917438507,74687.92527777924,0.2399330412688476
Coez,13,400519.5709666667,120787.89435700233,0.4578360724231906,393590.9985,0.524321692534846,IT,1.0,522751.50645066716,385958.63374943635,298681.0911003234,0.9636448796195226
Kris Kross Amsterdam,6,398344.88416666666,117511.54946508177,0.671371595393967,377152.285,0.46513418976104043,NL,0.7642159943429747,508571.98757569364,375489.5912604587,290579.43263240205,0.9426243594064952
Irama,4,396836.6069286667,100558.9338302582,0.8020283546034134,286498.1988467,0.3536541732728839,IT,0.9992839412313033,435203.66363430186,321320.18625736097,248659.4557856497,0.8097039956677178
Bausa,9,395557.03503333335,126404.8632850753,0.77977805023071,338643.3075,0.5068919263966261,DE,0.9400930815678382,547060.8876553617,403906.7705625888,312570.58240277856,1.0211088030037232
Sheck Wes,1,392634.30830000003,100491.89909490797,0.0,808026.3447,1.0,US,0.7126294956556013,434913.5475669973,321105.9873510281,248493.69407581436,0.8178245776364522
Matheus & Kauan,15,390491.57555668004,123727.90208673032,1.0,265995.5976135,0.33969041155895496,BR,1.0,535475.4096023311,395352.9639728344,305951.06398322794,1.012449406646543
Duki,17,389284.64804944,180157.86546146133,0.9217443532459114,190419.6570153,0.3937715701392913,AR,0.5405502374244355,779695.6480635582,575665.9968523525,445489.57586174767,1.4787790880960754
Maroon 5,6,388589.55838464666,211321.03907130513,0.39642807063182917,605758.2450138,0.8964706198878544,US,0.30873346055032147,914565.0903785373,675242.994810464,522549.04233797034,1.737676631398501
Capo,4,386408.32186666667,109694.92861731705,0.7845023301661714,179584.3005,0.4563632832704103,DE,0.9320931063236231,474742.84976950247,350512.81424981006,271250.7005938461,0.9071047242371694
A$AP Rocky,4,383164.63198000006,259024.34814420962,0.8028138461799791,281370.4226,0.7449600866470036,US,0.41712699904798023,1121017.7056285269,827671.3825484604,640508.5156679654,2.1600933736276113
Gusttavo Lima,12,377641.37456985336,107917.25968118964,0.536462237476029,278086.5478471,0.3332929072159236,BR,1.0,467049.37088837737,344832.5540093369,266854.92815088603,0.9131217531503617
Charlie Charles,2,375321.8647623467,76405.15758634864,1.0,219738.83651680002,0.8815716148241715,IT,0.9992290734615451,330669.8195335244,244140.610202863,188932.64060165975,0.6504833134553791
Sean Paul,3,374460.5305707067,64225.42857465362,0.9997784602532247,276448.576888,0.9902586092993669,ES,0.43124981137558893,277957.8178638359,205222.210359761,158814.9307940259,0.548047640820747
Dayvi,2,374409.5953,128403.66109506747,1.0,108023.9969,0.9577761374241468,MX,0.39966190882537134,555711.3784336465,410293.61318446463,317513.1564409755,1.0958416085883487
Morat,17,373355.19077999995,99376.74123824306,0.4520833972980035,312660.1978,0.3569075046494453,ES,0.5766012503942707,430087.3151651069,317542.67659820354,245736.1614012789,0.8505109462514906
Zedd,4,368032.99077514675,52655.577360491225,0.00198037269502639,539359.7743827,0.7200063451670269,US,0.5087005088149572,227885.27389070016,168252.5786671666,130205.31057578842,0.45716710970066843
J-AX,4,366335.17250338674,66871.68142758317,0.9781201993834596,163582.0555854,0.861770437115609,IT,0.9971657340394653,289410.3949013137,213677.89328319652,165358.5144341568,0.5832852243561764
BTS,28,364777.8313458934,44758.33625450039,0.9266538246960425,792309.1833832001,0.6000511119641541,US,0.40361978023045697,193707.22395500712,143018.19235814316,110677.22290792913,0.39206930922983907
Alfa,3,363600.88310000004,134397.26329431712,1.0,98276.5175,0.820906225131553,IT,1.0,581650.7707494308,429445.22211327706,332333.9764744974,1.181089601466034
Danny Ocean,11,362114.1413051067,77826.9729152933,0.6704365137976538,343724.1571143,0.4776154342789138,ES,0.41148199550218867,336823.2185066342,248683.7964610948,192448.46771374764,0.6867552743585377
Frenna,23,358619.85856666666,140572.95728282304,0.7939730462911192,503955.0775,0.14958608984349403,NL,0.9820231476881984,608378.2284392555,449178.6765868973,347605.0682391807,1.252520366223378
D-Block Europe,6,356511.6282568533,125607.3545470478,1.0,163797.2279125,0.5484774136763277,GB,1.0,543609.3919866048,401358.45738459285,310598.52401643014,1.1257934540508987
Sigala,3,354744.08389835997,83569.0262489817,1.0,146951.6095741,0.6230730054510243,GB,0.8891453721765077,361673.945860436,267031.6207309389,206647.2644060163,0.7527443947661376
MIST,3,353322.58460486,102916.74080599083,1.0,95540.6725569,0.9383386231315102,GB,0.9788802711881865,445407.8910947226,328854.18595031864,254489.7781359536,0.9307477084095666
Robin Schulz,3,352642.68865817337,55385.18968246679,0.5301998034484979,342214.1775987,0.8035385357378735,DE,0.4588317376775347,239698.61794256052,176974.62360439787,136955.02329285,0.5018525246554719
Angèle,11,344915.2854333333,99631.74452720222,0.0,412582.576,0.35421335267439896,FR,0.8536817754514189,431190.930342463,318357.4993213929,246366.7267487911,0.9230020030032169
Lola Indigo,11,341826.27873333334,105660.79205802563,0.6994659117081055,247474.2095,0.4072443718625153,ES,1.0,457283.72462435876,337622.3682074207,261275.1950550577,0.9877016169105237
Maître Gims,7,341009.61642756674,87980.59464029448,1.0,137897.4854347,0.65358096390582,FR,0.5839577380033695,380766.53816569474,281128.0905640068,217556.0733358792,0.8243993043630802
Fleetwood Mac,5,338842.0626883067,127070.00923356002,0.0040228820586359895,165051.09577400002,0.41452900099181134,GB,0.6364855078414366,549939.537444158,406032.1393579283,314215.3376052096,1.1982931993051533
Shade,4,338655.1592666667,98510.13293261244,1.0,183284.4615,0.5145526889086558,IT,1.0,426336.76715131244,314773.5666686229,243593.2354428436,0.9294810902932716
Luis Fonsi,8,337725.4460562667,70813.4023033671,0.7054229936825711,355366.8847083,0.47820556516483675,ES,0.5315673566707213,306469.5591229693,226273.039609224,175105.49692987255,0.669991089660226
Joel Corry,1,335177.83258648,165170.8761300462,1.0,84988.4399949,1.0,GB,0.9060664534449737,714834.2537006291,527777.4401624409,408430.1474343783,1.5746191688445499
JAY1,4,330062.79065188003,82550.71650268612,1.0,157328.2623969,0.5919075287215205,GB,0.984183465266257,357266.8572466047,263777.77281425655,204129.21516175423,0.7991745215911513
Shiva,4,328760.66556666663,182651.8377240679,1.0,84765.94,0.5516543319168051,IT,1.0,790489.1780299839,583635.091207451,451656.6041101881,1.7752582724623438
Marco Borsato,2,327563.45767790667,90955.47966447544,1.0,134342.2395271,0.9956816335432388,NL,0.8725558544239821,393641.384905814,290633.865671742,224912.2898644511,0.8872597319983184
Henkie T,6,326378.52872629336,99920.69331324019,1.0,99819.39104490001,0.5833563296975766,NL,0.9797850087855942,432441.4564319567,319280.78951762035,247081.2316182183,0.9782530449034983
Journey,1,324235.90194666665,75222.77838574654,0.0,167953.1108,1.0,GB,0.2547426528523698,325552.66345094674,240362.50426544726,186008.8847765406,0.7413198317100133
Swae Lee,2,323551.68924000004,127450.71606146946,1.0,83983.2562,0.9999293930687103,US,0.5432230311641572,551587.1782848659,407248.62788056716,315156.73931897123,1.2586818163031857
Rvfv,3,321606.09608815995,96515.09049890398,1.0,82826.57929610001,0.8684241040422497,ES,0.9896034761000864,417702.52906639595,308398.72375836875,238659.94759919358,0.9589330784135052
Dopebwoy,15,319178.79939157335,42171.83368864037,1.0,161782.7121184,0.3616710385123112,NL,0.9649345820525727,182513.23700838842,134753.43203739278,104281.38818775817,0.42218791565813
Regard,1,317732.5022733333,220682.92269420417,1.0,75465.7317,1.0,GB,0.3947210386618434,955081.8887972737,705157.414890806,545698.8590487179,2.2193430317814498
Rauw Alejandro,7,317731.4866266667,136966.6884558387,1.0,207955.0206,0.5488602341539236,ES,0.3691516813516163,592770.849305712,437655.4142864367,338687.58264363586,1.3774379710773839
estraden,5,313424.89194986667,168108.79961088154,1.0,142301.3443993,0.45730753068640806,SE,1.0,727549.136542317,537165.1104977824,415694.9664420812,1.7138559326159188
Rocco Hunt,16,311886.393,300927.4956211141,0.934432013945967,106370.9535,0.3300239101457335,IT,1.0,1302368.1098655092,961566.2702446264,744125.5037408603,3.083065795193657
Diego & Victor Hugo,6,310427.37792369333,102828.72936921884,0.7929007620288255,210474.3320886,0.3662134535504951,BR,1.0,445026.99107653485,328572.9593085954,254272.14579701514,1.0584535471911967
Bryce Vine,1,309656.5948666667,0.0,1.0,115108.1735,1.0,US,0.9987608438596239,0.0,0.0,0.0,0.0
Bonez MC,14,308300.34428318666,87914.46414678448,0.0,337409.3529209,0.4246246623880276,DE,0.8635456805953048,380480.3355185776,280916.78101961775,217392.54761120523,0.9111789403698622
Ant Wan,18,305770.2726,149700.44054041634,0.8513081078372953,233846.883,0.3385875342199879,SE,1.0,647880.5779785869,478344.10733163264,370175.26596379944,1.5643904924576786
Anne-Marie,2,302198.9476390733,95707.13347139525,0.0,342386.2448464,0.9308639314294904,GB,0.30355808813997925,414205.81480106356,305817.0247220079,236662.05296063624,1.0119725006033304
Luche,4,301293.2255666667,78168.39101385378,0.2937110216585977,245346.88150000002,0.5383896106297157,IT,1.0,338300.8237443288,249774.74405612666,193292.7173030156,0.8290088288123802
Chris Viz,1,296719.33963481337,106694.43353538275,1.0,77205.16149520001,1.0,ES,0.8380345661050468,461757.16662195907,340925.2062485275,263831.1561959241,1.1489820874774135
Baby K,2,290916.13147584,54645.80757496846,0.915257882876504,76952.5715615,0.8705664228889372,IT,1.0,236498.68542784144,174612.04489112558,135126.69889177266,0.60021437795596
BROCKHAMPTON,6,290720.8379580267,57076.322776006906,1.0,79675.0295627,0.37623319833989116,US,0.7858377990776643,247017.58295112159,182378.3722312433,141136.81220690723,0.6273316130767843
Lil Kleine,6,290247.70927204,51786.016780328784,0.982554616016438,162414.5810257,0.38730272647531766,NL,0.9638116972763058,224121.94888491344,165474.0352107345,128055.08431144845,0.5701131479237306
Heuss L'enfoiré,16,289971.6360063467,95661.87714296882,0.6895504666519302,442465.7620553,0.31901387887128435,FR,0.9726957493240119,414009.9523432628,305672.4152743396,236550.14431593672,1.054145914008118
NSG,2,289873.9506,75404.89800349053,0.47381300118797215,263711.523,0.7763055731167273,GB,0.9885402504766544,326340.84926241974,240944.4387317911,186459.22532124596,0.8312041776540066
JVG,18,289470.14354232006,67888.45076776811,0.9621825610599702,170093.9837467,0.35377505224236044,FI,1.0,293810.81687343254,216926.81907551325,167872.75460317743,0.7493927229279137
Fero47,5,286694.8716666667,43448.62429863865,0.8444105779057564,331069.9215,0.41552847167965995,DE,0.9082502682141119,188038.99121042757,138833.21471795306,107438.60203382291,0.4842542662547907
Younotus,1,286534.1401,85406.82065853392,1.0,83653.81,1.0,DE,0.8330098832318577,369627.6385815009,272904.00242282165,211191.7135197723,0.9524310168679325
Thegiornalisti,6,285525.18236666673,70457.90402472671,0.7708118697006404,174711.439,0.4358126201456105,IT,1.0,304931.0170224619,225137.10102320326,174226.4302459649,0.7885017326916052
Freya Ridings,2,284584.18776666664,81546.10963667133,0.9130777675054272,124389.023,0.532984445902433,GB,0.8856782241950723,352919.0725998441,260567.7102866628,201645.05003522823,0.9156085316317883
Random,1,279066.216767,117225.86927759592,1.0,71831.371953,1.0,IT,1.0,507335.60748010274,374576.7453545152,289873.0102664998,1.342250415310068
Maffio,1,275754.32567696,60773.87561573053,1.0,123001.63814730001,1.0,ES,0.8638878308104264,263020.0253103994,194193.31817291287,150280.02248016195,0.7042258274505039
The Killers,2,274868.6158144333,67181.51032435404,0.02517760150788595,162780.6176951,0.9901889673438187,GB,0.5914684051902219,290751.2869119834,214667.90257452783,166124.65108580186,0.780983678105515
Jorja Smith,1,274066.90727138665,155023.12465397912,1.0,67686.2659454,1.0,GB,0.5356744099659424,670916.339579846,495351.9035125868,383337.05760760856,1.8074123156433448
TOTO,1,272497.99353902665,69076.8552968913,0.0,183629.8583404,1.0,GB,0.3352932080139505,298954.04965498764,220724.177998307,170811.40970033454,0.8100029476609533
Rammstein,17,270449.2090733333,49396.99797703664,1.0,322900.5176,0.42014440704012046,DE,0.6473012432854645,213782.64141533556,157840.30305380916,122147.58218447622,0.5836227201204726
Maren Morris,1,269485.33932666667,83000.97076646565,1.0,214165.07559999998,1.0,US,0.8250079173973407,359215.4887376125,265216.48918077076,205242.59192433578,0.9841592490464899
Bryant Myers,11,269235.57986,87405.35254637158,0.9998276230800398,202028.4493,0.42875543568308716,ES,0.793222108347886,378276.9784894307,279289.99533246446,216133.62999274157,1.0373443044849149
H.E.R.,1,268893.3833733333,97272.37549503309,0.0,346931.02,1.0,US,0.8507819897453966,420979.94254103553,310818.50832387386,240532.54178689606,1.155917280018495
WOS,6,267880.0507933333,151119.50764160338,0.9519933792683899,79032.8699,0.6180487784614791,AR,0.5513590390319357,654022.0830428906,482878.51206224354,373684.29733141634,1.8025922820015414
Kalazh44,3,267796.73856329336,77478.44394673928,1.0,103508.0494397,0.8782187080740671,DE,0.8932271113123583,335314.83851273503,247570.127204409,191586.634554374,0.9244702849355133
Hardy Caprio,3,266444.83300084004,70317.94025202114,0.6538719245318501,170776.0438459,0.5336468295016541,GB,0.994100484365892,304325.27525156806,224689.86889969098,173880.33155313847,0.8432885200629227
Dennis Lloyd,13,264720.22122,52460.14259149232,0.9387410978078512,255558.7735,0.6411017366226325,DE,0.3883095662923895,227039.46214399431,167628.09773858107,129722.04467936499,0.633227401239103
Suzan & Freek,2,263377.83907604,90668.57689613834,0.6226563755383125,158764.7390347,0.7401993335989742,NL,0.9156910301400458,392399.71366755397,289717.11320183775,224202.84433315182,1.1000056581001612
Elodie,2,260785.3612,82357.44277937477,1.0,71976.639,0.9894472357899347,IT,1.0,356430.3981746408,263160.19716575294,203651.29304160338,1.0091064772762748
Diplo,4,258035.29643874668,149336.25104247557,1.0,113230.8926361,0.5606148082273601,US,0.4984802211662938,646304.4216121272,477180.39732741925,369274.70786407194,1.8492834271635936
Big Sean,3,257108.65483402667,150511.7667678228,1.0,65291.378482700005,0.5436907505239126,US,0.9044020580457826,651391.8736250374,480936.57211398374,372181.4918702122,1.8705576925228224
Oasis,2,256349.6195866667,79509.9167484166,0.0,188083.0102,0.6827351474407655,GB,0.7368770834357904,344106.74165040907,254061.3776000581,196610.00644255558,0.9910737453392827
Zola,17,255087.92703333334,64230.58736224093,0.9132569492514299,337951.1435,0.2905798083207255,FR,0.9636575959684539,277980.14430637454,205238.6944504855,158827.6873067007,0.8045801964734542
ILLENIUM,2,254795.06875333335,146696.3051574941,1.0,72074.0889,0.8682161697086677,US,0.9213802007561693,634879.1401659298,468744.8673236558,362746.71992645983,1.8396936393515797
Wiley,2,254377.85966666666,68698.38054168884,1.0,154800.2665,0.8187799954465841,GB,0.8923298300652475,297316.06888308283,219514.82171136938,169875.52739656917,0.8629478288677273
Rick Ross,7,253396.12350000002,2618.237805824991,1.0,72902.9786,0.9012350683295676,US,0.7511198657663626,11331.332204498833,8366.165266368458,6474.308777107926,0.033016153328677335
Chivv,15,253074.64303333336,158395.11016794643,1.0,126072.7755,0.48814938638358124,NL,0.9880932382582471,685509.7764183619,506126.55049953685,391675.21366080956,1.9999101626031857
Luan Santana,5,251847.77971062667,99606.29554783372,0.8489223159942968,148202.3013214,0.44870348229604545,BR,0.9920939750101517,431080.79105761717,318276.1811283764,246303.7971897849,1.2637640939065495
Wisin & Yandel,11,250651.7571133333,59100.3935659238,0.005084143253876322,285087.5282,0.7081662585336485,ES,0.32447939264149117,255777.4513156164,188845.9706677184,146141.88059736902,0.753419696085876
Melanie Martinez,9,248761.28862780004,243401.5678862605,1.0,57406.4512218,0.2582878927598528,US,0.9980704000222551,1053404.7055156792,777751.2563982015,601876.920355332,3.1264963318383643
Alvaro Soler,3,245470.17613612002,11180.422190112171,0.9153704441724105,137232.7649661,0.5101812862095663,ES,0.412058023680196,48387.1548034547,35725.27277016328,27646.65048994937,0.14553813963270482
Josylvio,8,244467.31399999998,128479.5535934177,1.0,148427.7725,0.3502847049732556,NL,0.9773149293876252,556039.829542527,410536.11567307095,317700.82139145955,1.6793088162005616
David Bisbal,3,244389.75140666668,70230.36039326688,0.6237048315487395,138204.8875,0.36903138827127224,ES,0.9396606722754286,303946.2430369389,224410.02129734054,173663.76640883833,0.9182464485751709
LX,21,244171.59866666666,0.0,1.0,249308.1045,0.3953803595662892,DE,0.9157091080446604,0.0,0.0,0.0,0.0
Dani M,3,244091.5459942267,59464.30375076932,1.0,71462.7763427,0.7235108686577306,SE,1.0,257352.39885778053,190008.78817106318,147041.7480191069,0.7784324827684007
TIX,10,240617.71162710668,34737.60430818194,0.8552974075915687,113323.56309340001,0.30758018102353535,NO,1.0,150339.03090418904,110998.52654842797,85898.22359443747,0.461306550535424
Eva,8,239118.29211200666,54130.60965079959,0.8175381820300485,130681.753998,0.4833374675087899,FR,0.9834537221720097,234268.98772168288,172965.81131795762,133852.73117387728,0.7233483051013838
Mrs. GREEN APPLE,10,238289.8455291467,87462.92285116922,0.5697631853969202,95030.3866519,0.24832504101390165,JP,1.0,378526.13395091135,279473.95214620413,216275.9883105471,1.1728319833587704
MAX,1,236677.98512245336,3124.7153195629066,1.0,150892.3513907,1.0,US,0.845303401553734,13523.28930996298,9984.534145697837,7726.712896132541,0.042186154916487056
TOOL,14,236336.52934666668,185106.732113718,1.0,56743.4504,0.3554372611786047,US,0.7086378289748838,801113.5849475673,591479.3183932325,457727.0016342115,2.5026995193181922
Gunna,12,236043.1905,123359.54399136301,1.0,270535.3369,0.2873575278217194,US,0.9593211924693302,533881.2121846874,394175.9338741201,305040.197886707,1.6699313928063522
Jess Glynne,6,235994.34473333333,32138.278594346026,0.7586797543912105,258864.2279,0.4116098777508995,GB,0.7570013268720163,139089.54733717206,102692.79188418487,79470.68013516506,0.43514937614384236
Jorge & Mateus,4,234926.24992633334,70870.27932794119,0.897428890581749,130018.5036393,0.521709704739263,BR,1.0,306715.7141738278,226454.78115553714,175246.14092278894,0.9639398799689153
Kendrick Lamar,3,234772.36887416002,63910.99956228998,0.0,348960.3444128,0.7474486756737413,US,0.7829070522813216,276597.0172574516,204217.50212580196,158037.41909894827,0.8698532246580698
Farruko,13,233360.85038318002,51951.646581130386,0.9109336366107187,134894.023679,0.4851558772065028,ES,0.44500213191464794,224838.76929430192,166003.2790721817,128464.64927559903,0.7113587339076081
Booba,6,232695.6632,66086.6405704144,1.0,160872.032,0.3533288620361307,FR,0.9606752931423158,286012.85831128614,211169.4192487472,163417.28629183586,0.9074918558634624
Dark Polo Gang,6,229290.09140076002,49029.48110677547,0.7037983514881118,221366.89387590002,0.3938662008031733,IT,1.0,212192.084691106,156665.96095702067,121238.79624701345,0.6832652907063274
RAF Camora,10,228452.68989963335,215225.9050398979,0.9516255033032507,122751.28875020001,0.5160419993985341,DE,0.7917368119496965,931464.7522067052,687720.3771030824,532204.8909998623,3.010340466576341
Moha La Squale,2,227619.0869333333,102986.14045993685,1.0,58981.364,0.9851408912822022,FR,0.8952293304034136,445708.24216749,329075.9415804029,254661.3877535641,1.4457308743918518
Luke Bryan,1,227247.5543,17017.04396672989,1.0,76062.788,1.0,US,0.6695101420684185,73647.15989379762,54375.27555899813,42079.29351150583,0.23927771511773815
Beyoncé,23,226348.7443533333,2402.6415182829646,1.0,160007.207,0.24189548724514642,US,0.6223414580319497,10398.264493552088,7677.261390494682,5941.188014112372,0.033917843955477735
MC Kevinho,7,226067.20032,68923.61032108353,0.9911434348849992,117819.9828,0.3104697143106356,BR,0.9518914409483346,298290.8288712662,220234.50788851173,170432.46960187878,0.9741992981589896
tha Supreme,3,225336.8299,62403.29559980823,0.617681911393571,177984.5095,0.4893571370041055,IT,1.0,270071.90543341823,199399.87230821312,154309.20885927515,0.8848969447058557
La Nueva Escuela,1,224574.61350636,86644.14053338527,1.0,65318.9809622,1.0,ES,1.0,374982.56948730984,276857.6626050017,214251.32518224925,1.232809257833415
Bad Gyal,2,224543.00656666665,63374.97737976676,1.0,56957.0155,0.6582223922880931,ES,1.0,274277.1953506568,202504.72792498188,156711.9577091105,0.9018527498199254
Sero El Mero,5,224393.48316666664,5500.996910119335,1.0,109053.2475,0.40202225981395007,DE,0.9315907029728757,23807.472073699904,17577.566551614,13602.718782378543,0.07833367664496027
João Gustavo e Murilo,2,224032.62336,80668.00226897506,1.0,108908.0688,0.9759418156168792,BR,1.0,349118.75840666896,257761.85692093003,199473.68950209752,1.150555008708398
Sarah Connor,2,223425.53523333336,38100.74786346058,1.0,79909.03899999999,0.7838018174639794,DE,0.915023393035674,164894.20109976784,121744.92045328468,94214.51548747031,0.5449015499778974
LUM!X,1,222733.34676666665,95079.70881267451,1.0,59792.4825,1.0,DE,0.7508254821164183,411490.4169768316,303812.18834871345,235110.5739598013,1.3640175248072943
Mares,8,222495.07791125338,40411.66078729842,1.0,133585.0334526,0.6371159958716431,SE,1.0,174895.4782860566,129129.07761196654,99928.87947406058,0.5803682437571597
Darell,2,222315.16432666668,93339.49872805974,1.0,97091.9933,0.5863834531039543,ES,0.7467071643692373,403959.05426771526,298251.62195031455,230807.4287681127,1.341571200748447
Roméo Elvis,20,220769.19409081334,64287.713926164775,1.0,171143.9761554,0.34976762727509675,FR,0.8655287251121058,278227.3793253184,205421.2333603673,158968.94835388113,0.930479608834679
Elton John,6,220671.7898614667,41485.291023345984,0.016808011609134407,142476.2877203,0.5605755803498543,GB,0.44362183075671535,179541.98550644112,132559.69341384704,102583.72375334903,0.6007097395506029
Gue Pequeno,11,219077.59813333335,50247.353191378614,0.40618336299501,236010.3305,0.34364678371568147,IT,1.0,217462.8485394171,160557.47879792057,124250.31793125419,0.7328794918602463
Yasmin Santos,6,218426.92115764,62934.77028513197,0.9405769396866949,120102.2555488,0.31465317386936936,BR,1.0,272372.04646884534,201098.1157001683,155623.4253190432,0.9206654318724504
Izi,18,218026.77579002667,56027.116628009426,0.5930732835951439,268503.5253901,0.2749721102426248,IT,1.0,242476.77944293304,179025.79974408876,138542.3631626443,0.8211184112381762
Pineapple StormTv,5,217656.54049533335,57533.6259392152,0.5790227479864871,126185.3844031,0.5192022761741532,BR,1.0,248996.7209992213,183839.61224226214,142267.61930043084,0.8446316927756359
Russ splash,4,216472.80416666664,65519.54406921716,1.0,209628.0385,0.5941964509676028,GB,0.9802414694635422,283558.55151272926,209357.35197187873,162014.9851536428,0.9671300410128675
Residente,1,214833.33629333336,71762.58341787398,1.0,56707.1148,1.0,MX,0.31341191070436897,310577.4696064194,229305.99790430837,177452.60673290308,1.0673669266636256
Christian Nodal,6,212649.60119884,71877.43158665102,0.26252074376200546,160068.0903578,0.4025439108792376,MX,0.8988898075117734,311074.5148903106,229672.97708335423,177736.60022864045,1.0800536459440446
Farid Bang,6,212213.74265884,38908.45247124877,1.0,161389.48414770002,0.47591868736569487,DE,0.8988214804679843,168389.8229312113,124325.81292230703,96211.78594925934,0.585851846184044
Maes,6,212052.37083333335,64579.18668020594,0.31015229795139637,234092.09100000001,0.429030195214925,FR,0.979888096689264,279488.8287617495,206352.5884976,159689.69442422592,0.9731208742758495
Beret,7,211834.06811285333,77943.06013745259,0.5183746164364822,153846.11885159998,0.4168441672750918,ES,0.9952055065171226,337325.62622378574,249054.73483947187,192735.52510771845,1.1757067078879373
Leon Machère,2,211436.21546666668,18610.995511082278,0.6310580608853577,111097.3065,0.7007360795016214,DE,0.9469748305734127,80545.5380421644,59468.49589863548,46020.77447665205,0.28125974430341055
Rels B,7,211419.15166666667,60263.10142689555,0.9913661452824389,98238.5226,0.3189611648333156,ES,0.6906271511864126,260809.47285321,192561.2199471208,149016.99365728826,0.9108031057220484
Elettra Lamborghini,4,210407.45780383336,26727.861377825902,1.0,54880.6268064,0.7080548469276675,IT,1.0,115674.09030384432,85404.6584332396,66091.94440886813,0.4059012894536462
Lauana Prado,2,210167.15200000003,64349.12639403994,0.2706146262095229,117105.6816,0.8057713264699533,BR,1.0,278493.1630801184,205617.46719921727,159120.807470308,0.9783520652133938
Taco Hemingway,17,209015.86264,47114.319550425666,0.9443179934144734,62358.7224,0.15198505734620374,PL,1.0,203903.55880854325,150546.36477039036,116503.03571133199,0.7202628684201112
Ashafar,13,208730.23686666667,93773.32740573422,1.0,92935.84300000001,0.5288411167691242,NL,0.9317222043167994,405836.59833786474,299637.8529514253,231880.18877844492,1.4355268189669563
Gucci Mane,3,207430.89299426,25877.223212260345,0.12749808489149125,479867.5540723,0.9872752905063467,US,0.8255370844516687,111992.65861020499,82686.57856319527,63988.508987833586,0.3986222947296638
KESI,13,207382.36832265335,118033.66198365747,0.723146430902334,130574.5020332,0.22694488644778005,DK,1.0,510831.6105873798,377157.9193276519,291870.49857535504,1.8186595243278123
Headie One,4,205187.32196473333,105611.93694746598,1.0,94798.9852994,0.4747556392819835,GB,0.9878906838910305,457072.2871886883,337466.259419999,261154.38743765975,1.6446740285347707
Lalo Ebratt,4,203438.80154000001,42067.904968119605,0.9679893843715964,198615.9159,0.7497855774810039,ES,0.6200542435985111,182063.44942408675,134421.34423014143,104024.39601311146,0.6607458518856423
ANAVITÓRIA,6,203392.34136,73865.86993697,0.47029717953191275,109029.4428,0.2628335361904647,BR,1.0,319680.1715138236,236026.71768848307,182653.55767061422,1.1604503695186879
Dosseh,8,203067.51874352669,62072.44574774562,1.0,86284.3338747,0.4006141033469291,FR,0.9484882171141934,268640.03794789413,198342.6938752414,153491.09214873487,0.9767327394478449
YoungBoy Never Broke Again,2,202721.49300000002,109857.57938007891,1.0,183968.72100000002,0.859160859742021,US,1.0,475446.77735853556,351032.53906584444,271652.89907200175,1.7316000088152685
Rkomi,15,202141.88534921335,49830.13126470796,1.0,303183.8845053,0.24585422214087688,IT,1.0,215657.17594405994,159224.31204602597,123218.62265291238,0.7876858958298303
Victor Leksell,4,200708.30589194671,53823.09263447252,0.7504467978615441,137797.1910436,0.37686514680236605,SE,1.0,232938.1011754777,171983.18927534219,133092.3112786764,0.8568812760939302
Zara Larsson,6,199068.67248163998,24329.948265105108,0.9421608336212959,447141.5198861,0.6848051398626531,GB,0.250049619742941,105296.28962534499,77742.50591570196,60162.44867021095,0.39053109133920666
iann dior,1,199063.23406666666,0.0,1.0,51503.9278,1.0,US,0.8882785634846281,0.0,0.0,0.0,0.0
Gustavo Mioto,5,197598.81538184668,65973.69781879481,0.4706337441029867,125130.3776703,0.5563794438768362,BR,1.0,285524.0593810115,210808.5285292008,163138.0044609439,1.066851175812098
Lomepal,14,197559.6443847867,66334.54218558269,0.0,394488.01054369996,0.31332100252057693,FR,0.9445395745005124,287085.73853219434,211961.54969529543,164030.29080936767,1.0728990242686314
Danny Romero,1,196785.96513333332,104956.46571372419,1.0,48909.826,1.0,ES,1.0,454235.5080834838,335371.80464716133,259533.55561240885,1.7042465626038346
back number,8,194245.52419999999,66907.70571277893,1.0,90595.6765,0.2641338850204402,JP,1.0,289566.30249002646,213793.003195245,165447.59432801252,1.100632841223762
King Gnu,11,193419.91153333333,79254.9079703539,0.7679570451449347,88686.801,0.42044535465880656,JP,1.0,343003.1027170536,253246.53733730552,195979.4275217342,1.3093095500339005
Maan,2,192984.2217333333,69764.9573094512,0.8318815943849636,68451.789,0.5969923079731342,NL,1.0,301932.0497730646,222922.89926968628,172512.93004716892,1.1551353642668385
Pk,2,192962.56616,72763.0176020663,1.0,73481.7252,0.914305419709988,BR,0.987058774172602,314907.1955253559,232502.72728635938,179926.4537628501,1.204911045252029
Melim,4,191783.94068322668,67603.58134724843,0.3147265280951598,132083.9463438,0.4752888696245923,BR,0.9909137393580281,292577.9456530911,216016.56384732123,167168.33708025533,1.1263537660023373
Ghali,4,191610.19453333333,44166.83800010216,1.0,110762.6205,0.7521083161805475,IT,1.0,191147.3101060603,141128.15313403044,109214.58176373105,0.7365378104111219
BLACKPINK,18,191585.66968666666,38652.94945606377,0.852947453954099,448692.2835,0.6797998412647095,US,0.21156968927458722,167284.04501528968,123509.39340291213,95579.98489203316,0.6446692678262863
Nio Garcia,3,190177.79282666667,75479.22821286239,0.5530096921946525,217654.6455,0.8528334512391558,ES,0.2136119787068822,326662.53902388783,241181.94917278516,186643.02708511552,1.2681919670432031
Nicki Minaj,2,189516.17507333335,0.0,1.0,117531.5075,0.5465658355483953,US,0.7015193308909102,0.0,0.0,0.0,0.0
P!nk,5,188599.18293909333,21585.511411522406,1.0,451061.77208749996,0.9165270375830118,US,0.22905894698799115,93418.78727126974,68973.09152977285,53376.07824585973,0.3657125680764332
Aden x Asme,10,188467.5667220667,59081.269993665956,1.0,86577.9884597,0.23741154528056152,SE,1.0,255694.68742392244,188784.86431380486,146094.59233675222,1.0016835660228272
Boef,13,186760.58916666667,38048.212866262875,1.0,171383.4395,0.36050099519679674,NL,0.9389871242489564,164666.8376783532,121577.05316947785,94084.60834431252,0.6509780982805826
Luis Miguel,10,186330.19797704002,71116.90522060957,0.24814624193825396,117642.3855461,0.3785951597262261,MX,0.9293245612403714,307783.0732631508,227242.83523238185,175855.99086766888,1.2195706208629864
Prince Royce,3,184974.78170236002,40963.69842839854,1.0,62937.5918917,0.8883399566511413,ES,0.35283618782892356,177284.6126445846,130893.02668046781,101293.94346370925,0.7076263341188082
Ruel,6,184544.74714,71447.21059864704,0.9728258852606141,83321.2366,0.5580133312615765,AU,0.9300433978436656,309212.5843484878,228298.27388462494,176672.76121732785,1.237088984773067
Davina Michelle,3,183797.75657013335,56095.15924754762,0.5530073383009388,151857.2842838,0.6779386618622852,NL,0.9976390601195662,242771.2574786318,179243.21918511382,138710.61714168068,0.9752198423418644
Wesley Safadão,11,183557.80144,51333.31970941345,0.6119161903162965,162732.2196,0.3809923035057035,BR,1.0,222162.7452987713,164027.51323994462,126935.66704038254,0.8936014266523055
Lena,5,183224.06223333333,67812.25273021874,1.0,149621.068,0.47445334703799863,DE,0.9333926690056776,293481.0434376958,216683.34028466672,167684.3341234919,1.1826139953644486
Isah,9,181394.2494,64774.799178948706,1.0,68901.327,0.8618557302967473,NO,1.0,280335.409695565,206977.63733350343,160173.3998060307,1.1410374806154324
Elisa,5,181048.87406666667,40541.35868557434,1.0,137576.117,0.389508307608362,IT,1.0,175456.7909247788,129543.50675559245,100249.5929857638,0.715516776469382
Casper Magico,1,179744.12275932668,46717.288852086785,1.0,57958.2883831,1.0,ES,0.8260829357162452,202185.27075684184,149277.71589871994,115521.26876513715,0.83050123479475
Duncan Laurence,2,179438.76523976,31578.744963598092,1.0,195139.294552,0.9953084869441503,NL,0.6162442182666357,136667.97148356223,100904.89056501749,78087.08026177733,0.5623360728669292
GAMMAL,3,179090.2191,63745.87184015846,1.0,102064.905,0.5266734976140918,SE,1.0,275882.369767647,203689.86257742415,157629.09566157317,1.137358944564629
Vance Joy,1,178922.79403336,53591.27221352526,0.0,104142.0418489,1.0,GB,0.6092063452467263,231934.81790010215,171242.44374434074,132519.07191030713,0.957074500593886
C. Tangana,9,178516.0143,92154.67785473581,0.6140573859988985,330673.6848,0.3105288597794099,ES,0.92210253798823,398831.3309995732,294465.71403346374,227877.6352396579,1.6495198774638098
Masaki Suda,4,177894.40456666666,58470.93450707213,0.676676276730343,65448.998999999996,0.47033077618192454,JP,1.0,253053.24891921415,186834.63369021015,144585.370986024,1.050255819711255
Giaime,4,176901.78231968667,116041.08028950955,1.0,45374.8284097,0.5944060003901692,IT,1.0,502208.0222063852,370790.9393219036,286943.29558301205,2.0960271539369324
Dadju,7,176800.3081,58248.08508801337,0.9841700079782459,104678.59950000001,0.4175462913028369,FR,0.9768492603877452,252088.7907659798,186122.5535784602,144034.3148724137,1.0527275409112267
Felipe Araújo,4,176749.50779581332,60374.814254310644,0.0,146588.3273621,0.6228439036217952,BR,0.9961324408579985,261292.94885990737,192918.18063818128,149293.23416433466,1.0914778945865384
Maiara & Maraisa,5,175769.5179747867,45242.75206382325,0.9016621608606821,149966.4155976,0.40363433129869863,BR,1.0,195803.70138281622,144566.0665464313,111875.07343131985,0.8224751834795874
Zion & Lennox,4,175189.38900666666,36050.411997793606,0.43197302847940666,183359.67,0.4483935507737334,MX,0.3023594905030097,156020.6615102841,115193.39611673665,89144.4995165856,0.6575363768884032
Shordie Shordie,1,175182.7662,0.0,1.0,59895.5625,1.0,US,1.0,0.0,0.0,0.0,0.0
YBN Cordae,2,174957.40244666667,13595.148993762461,1.0,49471.2291,0.6754798335907931,US,0.7154548440358035,58837.72256104899,43441.15078075616,33617.72267613865,0.24829558608701102
Charlie Puth,6,174712.1759331867,94860.24207846475,0.810508734981925,65194.7075275,0.5307950670229349,US,0.3622942474132108,410540.59856551903,303110.91707198526,234567.88245927516,1.7349158148422392
Miami Yacine,2,174527.95890980668,93766.72976063329,1.0,46106.0184809,0.9427507063596597,DE,0.8889918219956414,405808.04474038794,299616.77121883386,231863.87429719718,1.7167264952297479
Mambo Kingz,1,173584.0365639467,26495.305758152394,1.0,49783.2430583,1.0,ES,0.5729817148532322,114667.62520098736,84661.56369085876,65516.887060651614,0.48772666753644855
Justin Quiles,7,172637.60089333335,93974.69986514517,1.0,69516.6426,0.30554893196179755,ES,0.5564921370353982,406708.107499235,300281.3068316569,232378.1372377222,1.7393737243672083
TopGunn,10,171670.27020000003,35537.29536291043,1.0,87486.3495,0.3344203257675073,DK,1.0,153799.97130537592,113553.81297466875,87875.67835545448,0.661464637076506
Guy Sebastian,2,170647.8501,38852.3083124174,0.8691669967113559,87817.02649999999,0.5307442287401977,AU,0.5955608278310358,168146.83961103883,124146.41313269301,96072.95416725063,0.7275005988059208
Ringnes-Ronny,2,169510.90259999997,60727.193843882895,1.0,45173.8575,0.950885952123969,SE,0.6367815943103818,262817.9937517979,194044.15394599072,150164.58903690035,1.1447296366764244
Sevn Alias,19,168926.55779999998,26026.367625569015,1.0,160205.087,0.39235986932175254,NL,0.9813025319227223,112638.13278748779,83163.14597335178,64357.309324454145,0.49230356112395607
Naps,12,168501.4331,23355.474684122055,1.0,46951.8945,0.540551212475569,FR,1.0,101078.91722087492,74628.72953982183,57752.796329089695,0.4428967051902292
Leto,6,167863.64139999996,51103.265111602544,1.0,44010.5225,0.8044600015825761,FR,0.9833892337906237,221167.10423546983,163292.41011780192,126366.79415247774,0.972768187059011
TINI,6,167456.2552669067,76035.63450319349,0.7828347426528568,75554.3986925,0.39575850954351105,AR,0.8693530515599239,329070.5802271688,242959.85756972324,188018.89375433643,1.4508855293728633
Bizzey,13,166656.39422197998,34490.51934238674,0.7279822295834777,186101.718397,0.4090828062468189,NL,0.9981145354496327,149269.6850166865,110209.00557593314,85287.23846574507,0.661294792140642
Branco,18,166291.09023245337,28490.25273633683,1.0,94167.0452237,0.30109753283693336,DK,1.0,123301.45016901624,91036.10158806646,70449.93886442187,0.5474502660413725
Vitão,4,166221.15432,57416.0609736461,1.0,71235.186,0.4911115919596251,BR,1.0,248487.9178349288,183463.95196828022,141976.9077818778,1.1037340747561246
David Guetta,9,165918.3226545867,1365.617044263173,0.7481084512207449,559103.1912236,0.5783531140311096,DE,0.18857280760509043,5910.181404548146,4363.613518014791,3376.861489117244,0.026299768754889607
Blue Ivy,1,165458.07850000003,103.67389115613996,1.0,42352.7123,1.0,US,0.49171076346862447,448.6847218421837,331.27354027586676,256.3620393746596,0.0020021599626872657
Dvicio,3,165372.80998368,46088.01385400098,0.2107086706511111,124897.9548202,0.48080392033359187,ES,0.9991328557304568,199461.8649472428,147266.9670583102,113965.21429435626,0.8905149950154648
Dilsinho,6,164278.71120596002,52132.986266935244,0.21061667192519778,114234.9545591,0.5271415175417777,BR,1.0,225623.57967979967,166582.72138923156,128913.06122535867,1.0140250076614186
Eno,14,164045.03266666667,74265.72267495372,1.0,410353.9292,0.36157431169054344,DE,0.906300154661709,321410.67292087374,237304.38394199882,183642.30288135068,1.4465807350850568
Joyner Lucas,3,162752.87836600002,0.0,1.0,85051.0962589,0.8862012954231946,US,0.683200994168485,0.0,0.0,0.0,0.0
Mano Walter,3,162747.29898006664,50848.69505801188,0.6570492422830554,104625.20894319999,0.4493139604205812,BR,1.0,220065.3640344326,162478.97172978785,125737.3000978567,0.9983512644943394
Gambi,3,162084.75920104003,108536.93311487306,1.0,38851.0731078,0.7698960837994154,FR,0.9554833405707712,469731.2225978545,346812.6225676014,268387.2401287023,2.1396991566457904
GAMPER & DADONI,1,160000.69886666667,33668.11660119602,1.0,53252.633,1.0,DE,0.8462004498444237,145710.4519150981,107581.14754370677,83253.62285078342,0.6723792352516993
Los Angeles Azules,7,159886.36248,63492.81387770226,0.5961943277802939,75310.0188,0.6115981795505805,MX,0.9001571089768469,274787.17366544215,202881.25583774262,157003.34066567392,1.2689090719861789
Reykon,3,159465.18492666667,36217.77232630534,0.9948668218685073,73174.5353,0.7299511459965499,ES,0.3075312526104966,156744.97137854793,115728.16960608427,89558.3436836099,0.7257268704720986
Banda Sinaloense MS de Sergio Lizárraga,9,159157.70104,52607.80603318044,0.18254093273625738,134268.396,0.28072273984713425,MX,0.9610679582408953,227678.52690293454,168099.93293789533,130087.18290876968,1.0561847264660347
Lee Brice,1,158602.0137,0.0,1.0,85609.8765,1.0,US,1.0,0.0,0.0,0.0,0.0
Jonna Fraser,5,158593.2892498067,43842.479536369596,1.0,62450.2024098,0.5630429833864267,NL,1.0,189743.53635498328,140091.7169069258,108412.51678552284,0.8833395004895932
Sfera Ebbasta,10,157375.21201133335,32158.458524764726,0.8015819300618241,309864.7106396,0.4474753864575116,IT,0.9986259276149222,139176.88298519046,102757.27366371271,79520.58053013321,0.6529444653349389
Digga D,3,157100.97,24397.55342948178,1.0,89963.595,0.7560799843536711,GB,1.0,105588.87442210696,77958.52753786971,60329.62092176424,0.49623199358902564
Ceky Viciny,1,156321.8098,37587.66393975599,1.0,56210.2534,1.0,ES,0.9984651127724679,162673.65246383045,120105.44183462008,92945.7752136712,0.7683217203554925
Lefa,2,155600.4346,52416.460913459334,1.0,50217.3515,0.787783989364712,FR,0.96436518560721,226850.41453191702,167488.51983747398,129614.02978825825,1.0764013626827875
Djadja & Dinaz,19,154188.27363333333,51711.501659459886,1.0,180302.161,0.4235903140395527,FR,0.9877377204591574,223799.45885480792,165235.9339142649,127870.82530334938,1.0716504570717447
Gerry Cinnamon,4,152386.38133333335,19214.498538141444,0.5944481740476789,46594.873,0.5019235270799,GB,0.7399876376956753,83157.40670849178,61396.89447721292,47513.10070324903,0.40290276558842875
Ardian Bujupi,6,152292.44896666668,34672.86395363791,1.0,107847.016,0.8275949331783088,DE,0.9248277485952879,150058.84456559774,110791.65897348362,85738.13536840814,0.7274927924872583
Krept & Konan,3,152002.06710000001,33800.523136754986,1.0,41144.40900000001,0.8572460719997217,GB,1.0,146283.48712111622,108004.23170984673,83581.03420868554,0.7105444930481917
Sam Hunt,1,150915.6491024,0.0,1.0,51424.62052040001,1.0,US,0.6893321937346649,0.0,0.0,0.0,0.0
Steel Banglez,1,150729.90906662,42527.15242650764,1.0,104097.2814275,1.0,GB,0.9922122736743648,184051.00208392885,135888.79692923778,105160.01090801948,0.9015383726475765
SANNI,16,150345.09697064,9996.245657544132,0.8418140316224323,54578.5512791,0.2535964863838401,FI,1.0,43262.220143414546,31941.423742401756,24718.450270170346,0.21245404330438128
Massimo Pericolo,8,149678.90459912003,48476.208686843296,1.0,70780.74137130001,0.46287672873096747,IT,1.0,209797.60639891625,154898.06634783803,119870.67892912532,1.0348690536097676
Thomas Rhett,1,149503.27217522665,0.0,1.0,68457.9915462,1.0,US,0.8293595715422586,0.0,0.0,0.0,0.0
Juanfran,1,148204.12291429334,30258.048542575696,1.0,43834.6195766,1.0,ES,1.0,130952.1996561892,96684.81380178659,74821.29729450936,0.6523760061499744
Bryan Adams,1,148163.44963333334,16778.66468900118,0.0,53646.7608,1.0,GB,0.34519709529228465,72615.49089085106,53613.57223735217,41489.83557661311,0.3618542384780596
K-391,3,147784.2266333333,130168.21543238447,0.8593490105573174,63565.0525,0.46504493801841823,NO,0.6310514728199116,563348.0993398012,415931.96779634827,321876.49945296586,2.814454406073491
Gazzelle,3,146952.0416,46045.81065133198,0.646208701828157,74352.103,0.6017931732206687,IT,1.0,199279.215950092,147132.1133916519,113860.85533778857,1.0012253779511417
December Avenue,9,146342.32392,48658.589497813955,0.3751300876567356,115762.7538,0.25462196978247764,PH,1.0,210586.92261466893,155480.8354158731,120321.66534549148,1.062446128031073
Tedua,2,145071.6722,36700.39484772761,0.5829628954029983,102983.10399999999,0.6128996024435233,IT,1.0,158833.68773098997,117270.31362619856,90751.75981239796,0.8083612179263111
Sam Fender,9,144155.934,139774.78987268038,1.0,49957.7445,0.29472682658841814,GB,1.0,604923.882138469,446628.2587262176,345631.38110595266,3.0982301340867284
SDP,3,143493.0072333333,42846.976602098955,1.0,92669.8925,0.9260076405074065,DE,0.9527646694960825,185435.1521304191,136910.74455493633,105950.86361916568,0.9541283383399054
TWICE,17,142679.42353634667,40660.637343762166,0.7700008259005409,119107.1649874,0.34803827172433566,JP,0.6146361384299964,175973.01068824952,129924.64286359986,100544.5420778245,0.9106053251645104
Lijpe,12,142028.77731692002,0.0,1.0,36374.908383,0.2809050780998087,NL,0.9728743763967489,0.0,0.0,0.0,0.0
Tame Impala,3,141710.02577333333,43475.693497953915,1.0,63219.3634,0.6209245900125594,US,0.7160446193294,188156.14255904406,138919.71006783913,107505.53802960076,0.9803096803471242
Emis Killa,6,141520.40334882666,43707.69968652429,0.030733953584623264,154148.9496191,0.5587941233381394,IT,1.0,189160.2298082396,139661.04918993177,108079.23675920536,0.9868615823945056
Karpe,6,141259.9929,40702.07444815023,1.0,78024.474,0.4851860904566944,NO,1.0,176152.34412937894,130057.04858423345,100647.00664694834,0.9206927305759013
Tom Walker,3,141150.00674666665,35792.082869455546,0.9700999093285579,331476.7616,0.7048735023601727,GB,0.6868256854600572,154902.6526094941,114367.94619924448,88505.71012195505,0.8102581702635686
Reynmen,4,140165.27638282,15568.381828874775,1.0,48174.1616997,0.6878765465472824,TR,0.5101337973246567,67377.57204368123,49746.3045642845,38497.08032471548,0.35491175737717795
Astrid S,8,139993.7643,60214.239809328814,0.8882576550589975,101441.5155,0.3235638420642484,NO,0.9301483030387101,260598.0072562096,192405.09036758606,148896.16994953636,1.374383290067628
Mert,8,139153.58643541334,35344.62800578148,1.0,76818.1581706,0.2734506907344656,DE,0.9512472213368776,152966.13649337608,112938.17487350425,87399.25564146457,0.8116080782863855
Ude Af Kontrol,9,138992.82512370666,39887.84923765294,0.7517418053066974,67617.2701919,0.22871524515274788,DK,1.0,172628.50212813044,127455.32055941118,98633.61221228806,0.916992085353853
Nil Moliner,2,138084.55266666668,46389.58979248772,1.0,42544.495,0.7556691294608151,ES,1.0,200767.0394185128,148230.60532528773,114710.94325036072,1.0734771012592075
Miriam Bryant,7,137808.7113,41711.1094874158,1.0,64723.968,0.28931877291577673,SE,1.0,180519.2932317333,133281.26063986542,103142.12164245886,0.9671468471229033
Gettomasa,9,137687.10743025332,31827.551854791447,0.9054179968024232,64311.0864999,0.3656296321558269,FI,1.0,137744.76960045143,101699.91367808383,78702.32332177529,0.7386306210957395
Becky Hill,1,137557.67691761334,46007.17619770785,1.0,34497.0154776,1.0,GB,0.8987221385812746,199112.01195220446,147008.66309875785,113765.32108889759,1.0687056251088403
Hilltop Hoods,7,137251.07153333334,47363.28106368384,0.6800369062619578,136154.7915,0.48395240280618407,AU,0.9871319438655232,204981.0261060465,151341.88195383688,117118.66111665746,1.1026644838767719
Pitbull,2,136046.1206,24898.598229645086,1.0,65837.1512,0.991710728820235,MX,0.4370206346352362,107757.31957531496,79559.53703925836,61568.59117122156,0.5847982778809083
Michael Schulte,2,135899.53563333332,22765.38723935169,1.0,68688.2965,0.963860954100092,DE,0.9158239788345894,98525.10913991263,72743.19833498828,56293.643797398945,0.5352718682663835
Lele Blade,2,135848.01836666666,35689.87032853293,1.0,37554.202,0.944893144048168,IT,1.0,154460.29238763673,114041.34217276852,88252.96167055254,0.8394774067661418
Daniel Caesar,7,135568.7242,0.0,1.0,31285.0902,0.3859920883335027,US,0.7832041507107433,0.0,0.0,0.0,0.0
Benjamin Ingrosso,5,135384.4705603,28799.62644941199,1.0,81534.5542969,0.6607636431361271,SE,0.8339368584478202,124640.37221436854,92024.65641181033,71214.94994993624,0.679728302891451
Dimelo Flow,1,135335.70613333333,132419.81196332438,1.0,31231.3168,1.0,ES,0.39058711735138874,573092.6642627487,423126.5887926216,327444.1874415581,3.1264963318383656
Tino Martin,2,135122.27213333335,38896.57273708111,1.0,39169.0915,0.9859559801125333,NL,1.0,168338.40926127823,124287.85310859336,96182.41005871943,0.9198176669642663
Jay Chou,11,135079.16328365335,69686.60205590709,0.2025799054776312,84838.9729471,0.22624251087136837,SG,0.7165138724616996,301592.9402369099,222672.52743593618,172319.17526117334,1.648459481262444
Julie Bergan,6,134916.639,43711.52067705564,1.0,75139.299,0.4712836354781537,NO,0.7491478726731267,189176.76647002203,139673.25856151571,108088.6852029179,1.035255989155761
Stepz,16,134494.5003792,131596.73052408427,1.0,31037.1923952,0.18991000605813718,DK,1.0,569530.4938599545,420496.56208800245,325408.8935601195,3.126496331838365
Achille Lauro,11,134128.51876666668,44585.42537644806,1.0,163612.2145,0.30898523471791284,IT,1.0,192958.89215847454,142465.68296464183,110249.65348969636,1.0621580277977922
Soolking,6,134128.32324666667,31064.98488647428,1.0,101730.8968,0.5800760895287812,FR,0.806668471244618,134444.4965591886,99263.25140492384,76816.66801379505,0.7400618229035433
Yung Felix,8,133897.10137908,32911.31211685679,1.0,156327.148572,0.36026802781066974,NL,0.9926808616925995,142435.11802188813,105162.89837771255,81382.2168598489,0.785400858529288
Sergio Contreras,2,130270.50096666667,33152.19585479074,1.0,49518.5495,0.7484600291048509,ES,1.0,143477.62594501048,105932.60430627738,81977.86775729552,0.8131741531675171
Yandel,4,130224.24159333335,23786.97845923374,1.0,53461.1134,0.9491831907862959,ES,0.4078001675139074,102946.39946882344,76007.53168209275,58819.807382228355,0.5836665336047836
C ARMA,1,129727.05039987333,31164.868399779283,0.0,120578.1860617,1.0,DE,0.9549049937264968,134876.77710623955,99582.41339159901,77063.65730767822,0.7676302905573211
Greeicy,8,129726.89698072002,31327.084571484866,0.8316761717287361,85901.3956863,0.6700003634304047,PE,0.26316103397730134,135578.8238517447,100100.74954057188,77464.78114063402,0.7716267934432196
ONE OK ROCK,22,129514.37009160001,41337.59963154966,0.29371524409625244,121186.442951,0.1926538979895634,JP,0.9985465051724371,178902.79978371353,132087.7689043777,102218.5164096605,1.0198696006547971
RK,26,128200.26027570668,29785.407048562654,1.0,218410.1799873,0.3013161771590807,FR,0.9924433715841634,128906.67966164276,95174.56257790647,73652.561984712,0.7423897765357469
Ed Maverick,2,127942.44728217335,44594.6594964412,0.21727138670987856,53491.799215900006,0.8503123815973651,MX,0.9689509888553847,192998.85601547244,142495.189136228,110272.48737590312,1.1137444387159408
Noriel,2,127766.9885266667,79169.46435567197,1.0,44490.5923,0.6881439539747373,ES,0.4474006406967974,342633.3158395743,252973.51576539382,195768.14482493242,1.9799599151747622
Mula B,2,127445.31496666666,27020.63229246349,1.0,72179.0195,0.6247469460291021,NL,0.9701464079877117,116941.15798050562,86340.16163756834,66815.90053619278,0.6774683059957961
Marco Mengoni,2,127051.09342536001,22680.071391909085,0.6962468375917956,133271.169237,0.681748766850132,IT,1.0,98155.87521947587,72470.58502310455,56082.6770400268,0.5704050478375424
Xand Avião,2,126945.30175053999,35786.96147062497,1.0,41946.8538243,0.6365076345876711,BR,1.0,154880.487979768,114351.58157838527,88493.04606320297,0.9007941215744824
EREN CAN,2,126511.03703333334,101004.1473843521,1.0,30453.716500000002,0.7368260290989442,DE,0.9423964723648753,437130.4797058443,322742.79583243094,249760.36801544973,2.551103867304432
The Plug,3,125674.07185250668,11533.675117520936,1.0,59878.3320057,0.4727041248160617,GB,1.0,49915.97936773799,36854.036691055095,28520.164929078397,0.29325091602273895
Pietro Lombardi,3,124469.69556666666,19881.484566288636,1.0,108577.268,0.4254688743872244,DE,0.9604119482910548,86044.02008023385,63528.14295640896,49162.40600570648,0.51039044216496
Florida Georgia Line,2,124178.12593333333,0.0,0.7837574674967352,79877.71549999999,0.8475634108489246,US,0.8113077983558507,0.0,0.0,0.0,0.0
Geolier,2,124108.03805850667,30312.58053907759,1.0,51920.4628624,0.5068537236049507,IT,1.0,131188.2057847245,96859.06218137415,74956.14256440804,0.7804414903063177
Lauren Daigle,1,123936.51018666665,45284.03600485429,0.0,40363.8712,1.0,NL,0.6035149448202579,195982.37195639548,144697.982857755,111977.15926216998,1.1675170023733807
Calum Scott,2,123575.2167,51823.215711742014,0.0,70904.6624,0.558495769666058,AU,0.22779577468237122,224282.9401625422,165592.89851919448,128147.06883921436,1.340017059579184
JJ Lin,14,122221.84008892,50943.5036075457,0.21721622833730156,73213.8830573,0.19584015457803758,SG,0.7781088732285154,220475.6809155823,162781.91747150006,125971.74015636707,1.3318562161482057
Jack,7,122153.75596666666,32862.31395202418,1.0,50992.704,0.6077436293631341,NL,1.0,142223.0614692351,105006.33248296214,81261.05550165134,0.8596242633064536
Eric Chou,8,121915.49936869334,39253.05457210449,0.007500894549985015,98970.1544071,0.33967353885514723,SG,0.7673940101931528,169881.208043166,125426.9344936489,97063.90885467932,1.0288022043393874
Ketama126,1,121812.32870906669,45295.99935172189,1.0,33012.155498,1.0,IT,1.0,196034.1474892874,144736.20984264178,112006.74190796944,1.1881901559268757
Labrinth,2,121753.97277333333,1906.9589586841334,1.0,35651.2133,0.9812136211364229,US,0.8021178342337089,8253.026296206279,6093.386081676555,4715.4773704381105,0.050046712586705296
IZA,3,121741.63664000001,37769.726889067984,0.6090325903803292,79249.9716,0.6494129923448452,BR,1.0,163461.5930230093,120687.19522594225,93395.97563018584,0.9913386952635126
Sinsinati,1,121303.65447052667,54804.122090555094,1.0,30666.0367891,1.0,ES,1.0,237183.8464032561,175117.9139143733,135518.17481329737,1.4436326315042878
MC JottaPê,1,120734.50490027331,36706.14398331625,1.0,30970.821273699996,1.0,BR,0.9918769282487955,158858.56910925845,117288.68408069521,90765.9761219018,0.9714595191952429
Drax Project,7,120280.09023333332,52670.10884073862,1.0,84452.1514,0.7482210974201422,AU,0.7120936412284222,227948.16391151492,168299.01171654213,130241.24363347354,1.399225851843444
100 Blaze,3,120137.62280000001,26612.257553329564,1.0,47210.894499999995,0.6045606591927633,FR,0.9629336931965989,115173.77465773904,85035.26467572495,65806.08234777546,0.7078154427717288
Smith & Thell,3,119976.85050000002,52313.125343010084,0.9233859701959755,77766.3267,0.6409148639908692,SE,0.8818523249086418,226403.1940102758,167158.32734756742,129358.50433932515,1.3932548375035683
K27,5,119786.80350000001,37023.94628234525,1.0,49107.204,0.5199372988126142,SE,1.0,160233.96878366516,118304.17111926491,91551.82919048515,0.9876227402567337
Carl Brave,5,119685.61875781334,36768.47502959829,0.0,133197.46125300002,0.5340164846647777,IT,1.0,159128.32833071053,117487.85309172279,90920.10667457059,0.98163717839369
Felipe Original,1,119217.21492512002,55858.199884124704,1.0,30292.1842434,1.0,BR,0.9967067180729388,241745.73364732132,178486.05297530693,138124.6703331006,1.4971499970655537
Greekazo,1,118999.54169999999,69991.81658166912,1.0,29192.642999999996,1.0,SE,1.0,302913.86195660767,223647.79223370992,173073.90161897233,1.8794004501087078
Gaullin,1,118028.66616666668,26067.41273387312,0.0,153708.2366,1.0,DE,0.6468813103279073,112815.7697296054,83294.29913242854,64458.80457609225,0.7057124496756558
Ludmilla,6,117589.30983990667,47067.0485452107,1.0,91108.4292879,0.4868340110983638,BR,0.9870574097817687,203698.97713817717,150395.31774133292,116386.14522747867,1.278988012992766
KitschKrieg,3,117367.69589999999,36095.31698529395,0.0,191070.0185,0.7451709227735276,DE,0.9175312033583123,156215.00341836945,115336.8829099822,89255.53937479199,0.9826970021482906
Bugzy Malone,2,117071.51473333333,13273.835947933138,1.0,49663.254,0.6996199040844162,GB,0.9849508451459906,57447.1289122096,42414.44570543114,32823.188326285504,0.362295181727538
Tabitha,7,115997.87896666669,38295.14277013471,1.0,106114.855,0.5035891251983523,NL,1.0,165735.51248160127,122366.078666094,94695.2100400069,1.0548992770915864
Suspekt,3,113059.4049,28229.47554692279,1.0,41886.3735,0.7907256521025865,DK,1.0,122172.84643484361,90202.82927816278,69805.09596950351,0.7978356984803374
ONEFOUR,3,113004.86469999999,63859.52441030464,1.0,31243.3415,0.5056535646163199,AU,0.9286111090262225,276374.2406837862,204053.02140993165,157910.13271283003,1.8057012142941105
Arijit Singh,17,111572.9732,46722.51549273028,1.0,35161.239,0.20660742927744954,IN,1.0,202207.89085701504,149294.4168031657,115534.1930630438,1.3380876436406168
MC WM,4,111552.1281862,36966.03030860568,1.0,50423.2129368,0.6314632833276308,BR,0.9980454228626102,159983.31731994785,118119.10977503181,91408.61611171797,1.0588691735030853
Fabio Rovazzi,1,111315.84964292002,33360.039844193125,1.0,28696.643107800002,1.0,IT,1.0,144377.14289697987,106596.73693819229,82491.81884373359,0.9576061026361858
Emil Stabil,1,111247.94063820668,28447.363480373308,1.0,27972.1178291,1.0,DK,1.0,123115.83203828524,90899.05574649159,70343.88345352278,0.8170852891749932
Ghetto Kids,3,110992.89377097998,37822.98988159634,1.0,33631.602786100004,0.7815259552709515,MX,0.9045482871626094,163692.10709671254,120857.38870381587,93527.68294082591,1.088875013504829
Ruben,5,110026.19705402001,36646.483081523635,0.46409425220689,98580.8766775,0.7047540701578785,NO,0.6852754969293015,158600.36586418725,117098.04709454096,90618.44823147613,1.0642742385892776
The Kolors,1,109839.48733333334,23941.25770206868,1.0,52523.191,1.0,IT,1.0,103614.09640182622,76500.50662877473,59201.30498866792,0.6964754523718437
Jake La Furia,3,109583.27076666665,17177.032144631507,0.5020716040725174,44287.4285,0.6676915436623284,IT,1.0,74339.5642233671,54886.4925057599,42474.90802066825,0.5008656168205506
ZAYN,7,109141.31138300001,19394.97178303143,0.9401563304907231,112261.5371685,0.7732868920465712,ID,0.17156950312813318,83938.4672704173,61973.568219203924,47959.370140969644,0.5678286932225464
Kezah,1,108984.96699999999,23320.196270480305,1.0,38115.753,1.0,FR,0.9266395445473686,100926.23765000743,74516.0029424877,57665.56080656569,0.6837273524383203
Frej Larsson,2,108563.75790000001,26426.7294042729,1.0,31609.827,0.8458363596864988,SE,1.0,114370.83724480821,84442.43878606806,65347.31327753829,0.7778142579022501
Aaron Smith,1,108024.73636968003,30520.038764776622,0.0,100565.0939836,1.0,MX,0.6004458977013168,132086.05321047083,97521.96216631985,75469.13974462532,0.9027743593150942
Manuel Carrasco,3,107963.45866453333,42573.856140606404,0.6691967139286745,54830.5940784,0.6174329511621425,ES,1.0,184253.12860523246,136038.03126915687,105275.49860949581,1.2600377289862261
Citybois,5,106142.04071744002,30913.459945813313,0.8077372239251321,74648.5693324,0.3351095765467329,DK,1.0,133788.71982413557,98779.07739570051,76441.98117248158,0.9306310367506463
Bushido,4,105900.95533333335,103646.66328813112,0.9395091764768656,52105.9115,0.40945552790109047,DE,0.8954517281594815,448566.88379976375,331186.5379252377,256294.71102715834,3.127323421047492
Tymek,8,105821.6796,34877.26323784774,0.755645853876619,49787.3016,0.4000728330293763,PL,1.0,150943.45336109772,111444.78459416727,86243.56847950681,1.0531375519215183
Anitta,19,105660.97048000002,18034.509373550438,1.0,187859.1864,0.2876330374653427,BR,0.9315754366537594,78050.59433570325,57626.42552228092,44595.25489558122,0.5453898943052838
Calcutta ,5,104819.42379583999,29045.26983021376,1.0,47384.7535604,0.7462095676962621,IT,1.0,125703.47914281809,92809.57102720736,71822.37036561627,0.8854234040436572
Morgan Sulele,3,104565.95760000001,20302.715164571713,1.0,34179.5475,0.9731010189646307,NO,1.0,87867.0415923464,64874.118785131315,50204.013820544074,0.6204133761515068
Adel Tawil,1,104349.95956666666,28495.11243885612,1.0,27786.319,1.0,DE,0.9012851252445493,123322.48221718946,91051.62999970703,70461.9558074989,0.8725602805963365
Paloma Mami,4,104314.76224000001,24948.65864448804,0.5890109330704064,173409.4937,0.41644786314257026,CL,0.7803209727034686,107973.97338331459,79719.49718609733,61692.37923297911,0.7642206670872178
Ben Fero,11,104008.05167999999,21357.5425936152,0.7491580601829807,92008.149,0.20627031199160414,TR,1.0,92432.17314392561,68244.65318779062,52812.363018999924,0.6561477893822867
Tory Lanez,6,103462.21210710666,7821.297722553818,1.0,295017.6649813,0.4698809461494002,US,0.8025493576284921,33849.37860395077,24991.721225161415,19340.29689008667,0.2415540970580579
Norlie & KKV,5,102842.18581953333,20375.006317668678,0.5890825206008011,65140.5557472,0.5745256564672258,SE,1.0,88179.90663056623,65105.11374393911,50382.77346031463,0.6330584402220414
$kyhook,1,102342.33403333333,53724.848867974906,1.0,25580.919,1.0,ES,1.0,232512.91720145935,171669.2668405347,132849.37670706623,1.6774023033774204
Norm Ender,10,102003.85832000001,25378.8601713036,1.0,26979.514199999998,0.6146393695999167,TR,1.0,109835.8197000947,81094.13819967362,62756.17012118286,0.7950104979879314
Sakanaction,13,101970.52559130668,33855.7593094014,0.6021542511115068,43625.2213311,0.5135106538916243,JP,1.0,146522.54081615078,108180.73017305486,83717.62074661686,1.0609019571659208
Estopa,2,101581.78333333334,32399.593396534154,1.0,40402.3515,0.5355889866954897,ES,1.0,140220.47777708815,103527.78205077343,80116.85242464574,1.0191569654871526
Cadet,1,101469.91919999999,32346.36843807407,0.0,118785.20850000001,1.0,GB,1.0,139990.12830900695,103357.71010475614,79985.23916363764,1.0186044388291595
Little Mix,4,101420.06333333334,40.153503723535174,0.9995971309950211,170171.4203,0.5789223432837506,GB,0.6858335188967098,173.77821405439238,128.3041774996396,99.29051555613215,0.0012650768820558443
The Kooks,2,100853.766,27569.83896761304,0.0,70692.6825,0.9144995523405128,GB,1.0,119318.04035200087,88095.06480162454,68173.96418856854,0.8734930612469597
Leiva,13,100749.00593333333,34903.56519912428,0.41482758543862797,120491.7035,0.48699155041824105,ES,1.0,151057.28422099564,111528.82835611264,86308.60726947805,1.1069968117592388
Natalia Lacunza,8,100696.51083006669,19499.810166773284,1.0,46694.133446600004,0.7088560593324408,ES,1.0,84392.1917378124,62308.562711565144,48218.61170662408,0.6187757867471273
LP,2,99318.78614666668,23927.83952668371,0.0,56333.3898,0.8705356995932101,MX,0.81522819349316,103556.02459393808,76457.63096920171,59168.12488162248,0.7698204331282775
Mwuana,3,98932.0605,23819.724918536733,1.0,43401.3795,0.689953219113692,SE,1.0,103088.1211291164,76112.16781934802,58900.78195543668,0.7693377398052678
Dani Fernández,2,98920.9767,39215.28998465874,0.42768231550090086,56280.749,0.7963160191773567,ES,1.0,169717.7686928665,125306.26372070213,96970.52558772781,1.2667309594073402
AK Ausserkontrolle,3,98754.78556666667,48591.279554209665,1.0,25621.8845,0.5527147310339331,DE,0.9533367071418968,210295.6154881927,155265.75712504308,120155.22310800855,1.5722352717806003
Azet,16,98725.4554,10133.26280111924,1.0,440556.382,0.190879123389932,DE,0.8678691244109591,43855.209354748564,32379.240378050665,25057.26261689034,0.32797256033777344
Doja Cat,1,98707.12234517335,33044.813973796365,1.0,26049.254116300002,1.0,US,0.9499880836977668,143012.89361107803,105589.48247027998,81712.3366993154,1.0697250609843472
UNDRESSD,1,98474.6529,16195.31749020511,1.0,31785.488999999998,1.0,SE,0.721924240334953,70090.85356210418,51749.57842367212,40047.35014581525,0.5255116611197735
The Prince Karma,1,98461.34705437334,20962.59811374888,0.0,103842.1297984,1.0,DE,0.6914535575464125,90722.9139262404,66982.67049765815,51835.75481833149,0.6802940697192401
NDG,1,98340.11156666667,25377.509797336614,1.0,43955.835,1.0,IT,1.0,109829.97548839392,81089.82329300087,62752.83095236962,0.8245854311241908
Side Baby,7,98269.05901453333,31697.474263341304,1.0,35173.9780567,0.7624923051400865,IT,1.0,137181.81370782648,101284.27128490551,78380.67091489417,1.0306832313304868
Pedro Sampaio,3,97800.58223294668,38496.69529856632,1.0,38234.0649762,0.8538959378821667,BR,1.0,166607.8009541129,123010.1079284329,95193.60376916699,1.2577645768553896
Ben&Ben,9,97742.42608,38699.22758880522,0.37809700620437064,64671.9972,0.36962606746278126,PH,1.0,167484.32968566247,123657.26786483936,95694.42022725349,1.265134014206161
Columbine,9,97401.48296666666,21129.703919663916,0.8378899856647597,83406.883,0.5264451855849834,FR,0.9983302097501954,91446.12225968936,67516.63070025876,52248.96960865131,0.6931786728890433
Toploader,1,96884.1094,30447.449244562875,0.0,70575.4235,1.0,GB,0.9509800107681959,131771.8968850686,97290.0138225279,75289.64231058769,1.004189587178348
Russ,6,96607.25164566666,14304.709690288331,0.7930303554828758,96401.97053800001,0.7060037941524427,US,0.5546323817906187,61908.592576638264,45708.439886599794,35372.30548568629,0.47313673774974896
Sivas,14,96504.3573,23354.05251251723,0.7701442171046923,91163.94750000001,0.23150702749022575,DK,1.0,101072.76227999438,74624.1852151403,57749.27962098809,0.7732727029429198
Nico Santos,2,96437.85103333334,6354.835134690181,1.0,46895.3075,0.9759499817758952,DE,0.9289112988543682,27502.753132581096,20305.871704648598,15714.067224170458,0.21055914754498167
Illy,1,96403.84693333333,27209.211488153975,1.0,25097.0265,1.0,AU,1.0,117757.29985595791,86942.73666472417,67282.21415336026,0.9018596189926751
Andmesh,3,96114.1376,29066.682603442234,0.5687091960132201,43316.559,0.5276790337847473,ID,0.9419912786701271,125796.15034569034,92877.99216116323,71875.31930147951,0.9663301828467245
George Henrique & Rodrigo,3,95726.72200000001,34117.7242178297,1.0,56533.164000000004,0.5338988138006923,BR,1.0,147656.2848163016,109017.7976514269,84365.40060150946,1.1388439442377112
Peppe Soks,2,94850.21606666666,28198.446550168064,1.0,35436.0335,0.9171027423258306,IT,1.0,122038.55768940656,90103.68102114728,69728.36829198428,0.9499575726618986
Projota,1,94423.78296000001,31189.712164864584,1.0,33274.356,1.0,BR,1.0,134984.29711636459,99661.79771798833,77125.09030890917,1.0554734685879643
PA Sports,4,94052.00318626667,37079.98023371018,1.0,22810.9016244,0.3833843416450239,DE,0.948317134604669,160476.47514280266,118483.21875833104,91690.3884544034,1.2597628412409168
Lukas Graham,8,93022.28372666668,26008.039716626925,0.0,289027.6344,0.9721870850976317,AU,0.12763381285869183,112558.81240475763,83104.58203586095,64311.9885589126,0.8933835926889567
"Earth, Wind & Fire",1,92288.53942203999,63848.31722434388,0.0,49192.8502439,1.0,GB,0.7065782403797618,276325.73769948265,204017.21061776066,157882.4198816002,2.2106451342217044
MamboLosco,13,92163.9705714,90197.12248584285,0.9521176458898198,71238.5895434,0.3717620452952052,IT,1.0,390359.3311895189,288210.6551164357,223037.04441238387,3.1271510258247517
Keala Settle,1,91741.5967,26553.22796966531,0.0,108838.1112,1.0,GB,0.8786215595406253,114918.30366083233,84846.64496691112,65660.11556401875,0.9248437788189392
18 Karat,7,91696.53029004,78029.06235566939,1.0,54385.054787600006,0.33838737128193536,DE,0.9282086776514527,337697.8306518061,249329.5413407283,192948.18910447726,2.719072799724138
Cazzu,6,91523.32955029333,34982.289078290516,1.0,29998.119463000003,0.3347372515962302,AR,0.7356008365463452,151397.98911238284,111780.37807480096,86503.2735831032,1.2213320759203379
Cherrie,4,91236.84553152,14192.759391423657,1.0,30113.738843100004,0.6956143689510589,SE,1.0,61424.088829879154,45350.72039303909,35095.4777655583,0.49706585238495093
MC Du Black,1,91224.00145976001,48971.612681856845,1.0,22722.3744057,1.0,BR,0.9337413050054167,211941.63901140293,156481.0515475329,121095.70074570546,1.7153495685733382
Andy Grammer,1,90758.81542000001,23875.6216323554,1.0,46418.6638,1.0,AU,0.6033909791259436,103330.03354517349,76290.77693751654,59039.00186200229,0.840588063919406
Laleh,7,90575.7684,11254.587615333348,0.2139515605809644,79816.014,0.35377190096213024,SE,1.0,48708.13140435757,35962.25666943723,27830.044779955853,0.39704059159201377
IliassOpDeBeat,2,90474.28087342667,20255.384164594605,1.0,33555.1194993,0.9717810579926632,NL,0.9229284077365913,87662.20027383877,64722.8800522897,50086.97498323933,0.7153732467112601
Hungria Hip Hop,2,90419.20056000001,24719.722319369732,1.0,31148.626800000002,0.9072156079766572,BR,1.0,106983.17203294781,78987.9673276736,61126.271580032255,0.8735751570293865
Ellinoora,14,90233.9607,54078.863418908535,0.7948216773776173,50350.6755,0.33171168676773766,FI,1.0,234045.03795570513,172800.46440907515,133724.77446858137,1.9150269263208255
Jovanotti,1,90070.42286666667,23694.1835100654,1.0,26497.7965,1.0,IT,1.0,102544.79714164494,75711.0200822299,58590.3465011215,0.8405758258102848
Arif,4,89706.50130000002,38630.59443785251,1.0,24752.4075,0.8199956913282072,NO,1.0,167187.2959204497,123437.96147397428,95524.70599784885,1.3760202402852406
Guilherme & Benuto,2,89495.61955074,37519.29658886182,1.0,24953.3180045,0.8170481110617547,BR,1.0,162377.7690405601,119886.98476584966,92776.71824757858,1.3395849469244594
Kidd Keo,5,89281.93660550666,14903.118961786446,1.0,57154.8126368,0.8176023045470057,ES,0.9874124817629657,64498.41624907611,47620.56217401856,36852.0360090725,0.5333728633646311
Ezhel,12,88463.07184,38886.194403843394,0.5590008333583547,62824.5006,0.37055989904677405,TR,1.0,168293.49342460983,124254.69078435261,96156.74679244804,1.4045938966384486
Gringo,8,88234.65054681334,53247.5515823319,1.0,71078.0685359,0.22616671031769267,DE,0.9130532832940076,230447.2476538369,170144.13877004597,131669.12867961306,1.9283143041380908
Ricky Rich,11,87854.2392,25725.133286251068,1.0,97063.137,0.3307267000859451,SE,1.0,111334.43670509972,82200.59923255061,63612.42506578461,0.9356474995523109
Rudimental,1,87630.58529333334,12022.565426845755,0.0,210002.6904,1.0,GB,0.33634328381918677,52031.82174622438,38416.20843719587,29729.079877011227,0.43838813022419076
Undacava,1,86854.72450945334,32356.734266795927,1.0,22014.675360200003,1.0,DE,0.9916569559534794,140034.99002804598,103390.83247279201,80010.87150907495,1.1903881228883395
Vegas Jones,4,86798.98780080667,7686.680946151014,0.5247590034688173,61468.910693,0.6386730423086986,IT,1.0,33266.777814089255,24561.574583589732,19007.420107438567,0.28297074892112356
24kGoldn,1,86764.79153333334,84895.38871997056,1.0,20022.6442,1.0,US,0.7712260101989926,367414.2394842305,271269.80246168707,209927.05823087247,3.1264963318383647
SPITZ,6,86718.7594,30436.328458533015,0.3389932463294288,50594.551,0.2877686176125963,JP,1.0,131723.76782643262,97254.4791076862,75262.14312680795,1.1214929708471615
Holden,2,86422.34318033335,62933.480311635576,1.0,20372.712319400005,0.9520672092115048,IT,1.0,272366.4636611301,201093.99379365696,155620.23550690644,2.326875046352814
j mena,9,86288.10692493334,19131.22466316996,1.0,29417.0863994,0.5273653308682678,AR,0.9406255473881456,82797.01013215388,61130.80596575977,47307.183281068275,0.7084499607685303
Miki Núñez,6,86021.58413333334,28541.83643814868,1.0,45531.9161,0.4273556917144543,ES,0.994024431139633,123524.69652970489,91200.92915775813,70577.49366966268,1.0602098307838277
Hayden James,3,85838.36776666666,26195.878693951126,0.5224177455070458,55483.8375,0.5662435479521402,AU,1.0,113371.75072849526,83704.79181217069,64776.471783800516,0.9751442622919433
Danny Vera,1,85696.29856666668,26671.121607191355,1.0,37095.7615,1.0,NL,1.0,115428.52926701384,85223.35546020622,65951.63981384126,0.9944811722983282
Major Lazer,3,85466.33665093334,80810.02511236718,1.0,21277.1196143,0.8957560198698459,US,0.3881208626777598,349733.41152011923,258215.668479519,199824.8798101275,3.0212558370687943
Felix Jaehn,2,85244.79903333334,35177.87863817941,1.0,37329.460999999996,0.5851950420607467,DE,0.9413599221269229,152244.4707703522,112405.35361322084,86986.92224232052,1.3186183190984693
Vigiland,5,85209.68430970667,15990.980631613766,0.6585655655847503,70215.9207813,0.4669230145783613,SE,0.9477833808742641,69206.51493511966,51096.652274190026,39542.07139912488,0.5996578051911564
Six60,17,84778.72105369334,37316.258129744594,0.3988576865014356,55730.0307908,0.23357911860061142,NZ,1.0,161499.0496876318,119238.20744675955,92274.65014855847,1.40646386221422
Future,19,84646.14288,18.34566698918119,0.9982892725519072,667441.0375,0.3214179105671188,US,0.894320508423937,79.39723683808697,58.62068052481143,45.36467716786691,0.0006925381184576361
Bedoes,15,84526.27768,22381.25419476015,0.5618884401819314,58780.5468,0.23289186551085303,PL,1.0,96862.64015817673,71515.7618782324,55343.76982619465,0.8460772654508356
Daya,2,84382.86272,22464.161439826938,1.0,87849.27679999999,0.9959212709193299,NO,0.45816621338424046,97221.45001644151,71780.6788817471,55548.78065570279,0.850654701297945
ADAAM,6,84265.83397093334,28876.830820048504,1.0,31034.9879324,0.5247093400509886,SE,1.0,124974.50090557273,92271.35078105137,71405.85886330195,1.0950031161250888
Juan Magán,3,84151.47953333333,26037.324714055452,0.5121289386591121,56753.4595,0.8031274023039954,ES,0.999850934197236,112685.55338822836,83198.15761855521,64384.40372130437,0.9886713588392644
Monet192,1,84081.35142974666,24116.469966731132,1.0,21016.442243,1.0,DE,1.0,104372.3882471184,77060.3697396043,59634.56521447222,0.9164977540113795
Danna Paola,3,83932.50759027334,45984.626526090164,1.0,28743.1524999,0.7980638893099776,MX,0.9594955698542792,199014.42042723528,146936.60918561206,113709.56086094944,1.750651963157122
Soprano,3,83764.52933333332,21020.388344679868,1.0,33011.4225,0.6355205535296153,FR,1.0,90973.02119434143,67167.3300506119,51978.65696362752,0.8018588606082369
La Adictiva Banda San José de Mesillas,2,83753.52253614666,28420.52280063369,0.41944554634923104,47135.9310721,0.8029998139360759,MX,0.9494844263889085,122999.66968739124,90813.29059480687,70277.51253487088,1.0842921926730105
Lagum,3,83454.16163214,31181.35604175651,0.3739487872345316,49221.020742299996,0.8262739014501708,BR,1.0,134948.13309540797,99635.0970467381,77104.42751003703,1.1938900960496435
Dynho Alves,1,83422.79504000001,31972.063083752597,1.0,40621.4604,1.0,BR,0.9853357118593402,138370.19206551404,102161.6764796312,79059.66684342649,1.2246254327806467
Zé Felipe,3,83022.17062152,36850.17063899913,1.0,22378.9344355,0.6618382688857939,BR,1.0,159481.89441539175,117748.89850488715,91122.12140364459,1.4182825819103038
Vitor Kley,2,82487.56568,26902.21382827645,0.0,74398.968,0.5273202983138154,BR,0.9605879694460279,116428.66100491975,85961.77414359273,66523.07850896817,1.0421179657194695
Oriente,2,82163.51666016,24357.582852123272,0.41566459585746296,50367.0790424,0.7841839128004743,BR,1.0,105415.88788534272,77830.8078726699,60230.78274165603,0.9472672426448006
HY,3,82136.66633085333,28945.92104570102,0.0,54530.1820186,0.5270316159112987,JP,1.0,125273.51282007899,92492.11768190876,71576.7033348619,1.1260758661587604
Moira Dela Torre,11,82117.55395999999,37624.8932968535,0.41343988517409563,48633.4992,0.34442877595778676,PH,1.0,162834.77541916064,120224.40236354739,93037.83497725961,1.46405240494754
This Band,4,82021.0846,26366.093651904495,0.36896903945598397,66631.6188,0.43560208685789875,PH,1.0,114108.41499575676,84248.68681891059,65197.37480254877,1.027158897371013
chillwagon,8,82010.38161662666,26739.794976216966,1.0,28317.2568292,0.23999822735273044,PL,1.0,115725.7370898862,85442.79036156941,66121.45349342641,1.041853344384961
LANY,15,81870.61913333334,18634.110443323487,0.12904898719274943,68484.0343,0.28607061047511917,PH,0.9563945271255726,80645.57592853472,59542.35601280106,46077.932466028935,0.7272737966697334
schafter,8,80933.56560362666,21330.88467366187,0.8742667417710971,23263.3480845,0.3734449378801324,PL,1.0,92316.8017493945,68159.47201612967,52746.44402388447,0.8421656887074728
Matuê,4,80861.3936,64282.771015147395,0.5838984897237784,64617.6936,0.34722708208824093,BR,1.0,278205.98716350994,205405.43906911678,158956.7256550441,2.540216411371827
Lucas Lucco,3,80493.54240356,19797.805611931064,0.09325698085400708,89019.5821266,0.8331943235042106,BR,1.0,85681.87038235644,63260.76007777401,48955.48691399863,0.7859109959481192
Mika,1,79925.39533333333,78203.35167651359,1.0,18444.322,1.0,DE,0.9467661104593598,338452.1281376144,249886.45533039785,193379.16709936655,3.126496331838365
León Larregui,2,79416.61641541333,27265.539968421035,0.0,54098.5800189,0.5611050496814356,MX,1.0,118001.08089107266,87122.72542436593,67421.50172051051,1.0970339628755197
Bandaga,2,79227.59086666667,18976.80142933484,0.41450510368204957,56202.6745,0.8472376879502416,ES,1.0,82128.69002815652,60637.370918585126,46925.329617514944,0.7653567432162957
POCAH,2,79101.56986524,18191.565447963272,1.0,72166.0019594,0.5806007254728117,BR,0.995387951339091,78730.30897046522,58128.273395572476,44983.61897725742,0.7348561285774946
Rat City,2,78912.44988120001,19902.25096904575,1.0,52730.473395400004,0.9937001409486875,NO,0.9840374814827012,86133.89389070659,63594.4987156404,49213.75661386751,0.8058867619923059
Eladio Carrion,3,78553.50155986668,36084.08201494115,1.0,24745.724042100002,0.7308696743659788,ES,0.4616016237013947,156166.38018747268,115300.98333717596,89227.75783905682,1.467801957234249
Turma do Pagode,3,78481.92663999999,31447.145861193432,0.0,62475.8988,0.5488666295105785,BR,1.0,136098.43072456642,100484.38642395983,77761.66550309405,1.2803506581188568
Kevin Roldan,7,77878.74250000001,14670.813750813504,0.5118487682309457,156621.459,0.6709486820704436,MX,0.23677060497821056,63493.03487672167,46878.267573079575,36277.59786482758,0.6019391950644243
Tim Bendzko,1,77835.44556666666,50994.95694935081,1.0,18711.8715,1.0,DE,0.9811295732765158,220698.36309812823,162946.3284963851,126098.972610852,2.0934720333401358
SCH,4,77641.66698374666,16634.149373569133,1.0,37688.9449991,0.5140861057337285,FR,1.0,71990.0507401683,53151.79637813265,41132.48195004541,0.6845782482910797
ChocQuibTown,4,77637.33614,10596.6385208328,0.9651826621778267,119331.4352,0.8722437539241127,ES,0.2620846086999882,45860.62849730755,33859.884284009604,26203.085766554515,0.4361288777728226
Alonzo,3,77469.1827,21237.35427278862,1.0,61999.245,0.6311034110173438,FR,1.0,91912.01649988168,67860.61039653406,52515.16453737148,0.8759691019243715
ChildsPlay,2,77234.13280110667,17721.89536976885,1.0,25697.2065427,0.8693915418034633,NL,1.0,76697.64880846858,56627.5168615018,43822.23130542943,0.7331928877524783
Hombres G,2,77040.22976,26405.95423607772,0.41486654777079424,47172.4824,0.6533672181729406,MX,0.8995549829279283,114280.92549886205,84376.05501826409,65295.94099443524,1.0952207084677323
Alok,9,76957.70992441999,12514.12073505079,0.5655719908068029,94599.4254393,0.30417505861135935,BR,0.9561229180756141,54159.19783168312,39986.89576622869,30944.584763261646,0.5195957078959307
Pyhimys,14,76788.51722568,27112.54662334772,0.7587316952670076,55596.504668300004,0.2928307962673548,FI,1.0,117338.94912662929,86633.85936082875,67043.18384783922,1.1282137289643641
Solardo,1,76743.69949999999,35699.85092131148,1.0,19518.894999999997,1.0,GB,0.9440473961256517,154503.48686451733,114073.23358020901,88277.64141480003,1.4864182248629938
MoStack,11,76732.5702,0.0,1.0,89887.481,0.4253729949335213,GB,0.9951039900650904,0.0,0.0,0.0,0.0
WANIMA,6,76695.1822,24069.62976126887,1.0,20345.472,0.27083040884969395,JP,1.0,104169.67101209909,76910.69926309673,59518.74000078414,1.0028100469535977
Israel & Rodolffo,3,76647.87728,17581.903536505288,1.0,34527.0948,0.340921576755424,BR,1.0,76091.78559577756,56180.19507490961,43476.06322520185,0.7329647873962571
FiNCH ASOZiAL,1,76487.71595009998,24283.40330297627,0.0,48858.0718327,1.0,DE,1.0,105094.85015825216,77593.77884262236,60047.35352638159,1.0144606604966993
Adriel Favela,2,76310.31616,29012.680863442383,1.0,33868.4592,0.8002565998042214,MX,1.0,125562.43908607982,92705.43813245541,71741.78523574938,1.214848041489957
MC Doni,1,76310.19552,44329.260366282826,1.0,18760.847999999998,1.0,BR,0.9882423225218818,191850.2492296721,141647.14814487283,109616.21546889818,1.856202138910112
Madonna,6,76155.97418,3556.753498050849,1.0,35743.837,0.49751614802853983,BR,0.49740968771763366,15393.08437387272,11365.043889529916,8795.045407719983,0.14923377990895154
Marwa Loud,3,76137.93156666667,21095.989438853794,1.0,43104.152,0.8991920894302711,FR,1.0,91300.21115057936,67408.90140321027,52165.601337618406,0.8853524126037857
ヨルシカ,6,75795.89896666666,28044.12899177975,0.4426820455649727,26887.9625,0.556977327679626,JP,1.0,121370.69493255734,89610.58364316779,69346.77593986389,1.1822616376985846
Keiino,2,75373.08395162,14832.286516157059,1.0,47622.101160900005,0.8062360203380489,NO,0.8319374446297794,64191.86427335487,47394.2282844696,36676.88342231278,0.6287951321573986
Brytiago,7,75323.55064,12583.330399820368,0.7162393936771009,211408.2469,0.4915170047701673,ES,0.3574313377459827,54458.726660394306,40208.044315915075,31115.72458069209,0.5338044207194197
JP Cooper,1,75278.3382,26707.79972307208,1.0,37660.2411,1.0,NO,0.6820841489514522,115587.26653478797,85340.5545849131,66042.33648281687,1.133666824022865
Boulevard des Airs,1,75219.11074634668,19303.93600394755,1.0,28644.790991200003,1.0,FR,1.0,83544.47836192326,61682.67776942357,47734.259288837595,0.8200399759767094
Larry,3,75150.97286666668,26006.04558849037,1.0,22745.8595,0.6649057820831085,FR,1.0,112550.18212361076,83098.2101144428,64307.057531918625,1.1057502909759553
Jason Mraz,2,75094.54350666667,15820.416163551141,0.0,74627.2182,0.8874974251686633,AU,0.31781930335974923,68468.33804163757,50551.640463113334,39120.304121078625,0.6731732840033245
DTF,2,74863.86774949334,22716.398528320635,1.0,32620.0734181,0.9763321347777344,FR,1.0,98313.09350186474,72586.66264836716,56172.50581631032,0.9695820538053674
Stephanie Poetri,1,74740.36856,16648.796262155673,1.0,20729.4162,1.0,ID,0.9051271979381648,72053.44023059851,53198.598196623105,41168.700386400655,0.711778644146187
Damso,4,74635.6338,19115.154442974865,0.0,95987.934,0.5403892430896575,FR,0.9811399211905113,82727.46068052463,61079.45611597913,47267.445268185074,0.8183685594424353
Pablo Chill-E,8,74036.82208,22542.59439912618,1.0,47620.2906,0.27217659608318306,CL,0.9992084256621483,97560.89585120273,72031.29901196138,55742.72759042197,0.9729118158816763
Motohiro Hata,3,73862.20667869334,28188.66901902511,0.0,41549.2002807,0.5324385911676877,JP,1.0,121996.24203218316,90072.43846508265,69704.19067314599,1.219465847492279
ZK,11,73819.06740329333,18752.20020066174,0.9655950864818609,54275.49455,0.3569132832415619,DK,1.0,81156.65031122502,59919.693175972105,46369.94167570449,0.8117102434878346
Fiersa Besari,7,73715.24575999999,27683.822915620673,0.5610440295437741,44291.7288,0.2672917206157914,ID,1.0,119811.34542076939,88459.28249973564,68455.82066218351,1.2000133973335565
Samir & Viktor,4,73650.93489710668,14534.75709750779,1.0,36963.9316166,0.7334503470979458,SE,1.0,62904.20252016131,46443.52003234351,35941.160592887885,0.6305896876560627
Alejandro Sanz,6,73537.79424359332,21074.947052643063,1.0,64197.1417121,0.5886038116550272,ES,0.960407523219668,91209.14292599002,67341.66378245404,52113.56828491695,0.9157422312584648
Specktors,1,73455.5328,21178.619457182125,1.0,18804.8835,1.0,DK,1.0,91657.82121398118,67672.93257247988,52369.926648224464,0.921277540205656
Electric Light Orchestra,1,73161.0529,12734.66136912517,1.0,44498.241,1.0,GB,0.9759528696875905,55113.663917127255,40691.59852031431,31489.931774797446,0.55619208454987
Whitney Houston,1,72990.00581678,15347.30087201957,0.0,60376.5116957,1.0,GB,0.8510789438992986,66420.76752399954,49039.87529411563,37950.3972173848,0.67187109721865
Tungevaag & Raaban,5,72651.86269761334,11189.666821027104,0.9644899067735614,69267.0234306,0.4720276471899896,SE,0.4089285376161665,48427.16415011223,35754.81252773948,27669.510367283856,0.49213896519839745
Krezip,2,72563.69730168,24190.36955740534,1.0,45732.9786439,0.7927485626881591,NL,1.0,104692.21435681821,77296.50420658126,59817.302155884594,1.0652227915733792
Eden Hason,14,72346.0374,24164.404999669045,0.649941455766127,43495.095,0.16471288314234053,IL,1.0,104579.84372776446,77213.53856434404,59753.09768840962,1.0672808261416131
Bon Entendeur,1,72334.28345208001,20360.812030155008,1.0,33229.5292069,1.0,FR,0.9918671464913839,88118.4759282573,65059.75814067285,50347.67420384904,0.8994318466398249
John Mayer,3,71989.24066810668,52788.610975240925,0.5219559557040897,70374.0387908,0.6082681291896531,NL,0.4133657668373435,228461.02299941,168677.6665657915,130534.27255842734,2.3430955098338826
Naomi Scott,2,71969.0595,13622.812376962935,1.0,27861.2317,0.994535593342056,ID,0.36482459603535766,58957.44544651323,43529.54475137531,33686.127954017094,0.604836926504164
Los Enanitos Verdes,3,71466.32272,19793.186106550413,0.0,56491.7052,0.6673711028287389,MX,0.8243531299883652,85661.87787060972,63245.999178142425,48944.06392401457,0.8849762625388714
Henrique & Juliano,3,71297.18449888667,18857.6924226126,0.0,90512.1968214,0.5381909300833887,BR,0.9998740453320066,81613.20449024439,60256.776905033614,46630.80003508405,0.8451494589660066
Kevin,17,70831.0512,26970.323956608492,1.0,73661.0245,0.23979783908653074,NL,1.0,116723.4312083384,86179.40929830316,66691.49942195363,1.216689683948996
1.Cuz,7,70786.27783898666,15534.882424304504,1.0,43085.845585300005,0.2441795338000617,SE,1.0,67232.5917515954,49639.26250938166,38414.243888485486,0.7012554413765496
MYA,1,70719.89686666666,16386.45783226679,1.0,20509.0882,1.0,ES,0.6503350548758184,70918.07968677623,52360.337189434555,40519.99689757943,0.7403904630708567
Faustix,4,70706.73459096,21514.257014255523,1.0,46825.1098907,0.41738134971428326,DK,1.0,93110.40915348912,68745.40936042828,53199.882268318586,0.9722611255932264
MadMan,16,70311.88075218665,20851.472855696582,0.0,211771.2482998,0.24983806968450475,IT,1.0,90241.98082975092,66627.58729166938,51560.9672371707,0.9476006981877996
Tommy Boysen,3,70180.4636,19663.647369472503,0.3173957522845432,51017.3529,0.7551760785299387,CL,0.9604122992433817,85101.25405717482,62832.0786089797,48623.74398188665,0.8952930115579871
Sorriso Maroto,2,69472.25989478668,25196.819275647144,1.0,24229.0741098,0.8689465707599748,BR,1.0,109047.97458575916,80512.45527732358,62306.0242383608,1.1589151612349575
Kalash,4,69217.56920000001,16956.501531367245,1.0,34812.0385,0.5068849099428635,FR,0.5426075809952928,73385.14150645433,54181.82177158988,41929.585788325065,0.7827755640339631
Kenny Man,3,69197.33006732001,19771.396004812515,0.0,111133.8179021,0.9119915703884481,MX,0.4085562672524907,85567.57364774172,63176.37235054691,48890.18194025363,0.9129885833613017
Skepta,12,69059.09790000001,0.0,1.0,104477.4428,0.39912873709807145,GB,0.9837235602784106,0.0,0.0,0.0,0.0
Seeed,3,68958.71103333334,8614.467774872466,1.0,44544.4475,0.92182256834592,DE,0.95771873699859,37282.097105489,27526.170818421728,21301.626689863086,0.399168870849632
Remedee,1,68474.73749999999,5976.842560398655,1.0,17809.632,1.0,GB,1.0,25866.859165806225,19098.05615063458,14779.37724453122,0.2789065989575292
Young Ellens,4,68375.94703333333,10739.041293937402,1.0,30202.032,0.4328528457952763,NL,1.0,46476.92588836202,34314.909847971656,26555.21555466791,0.5018564471398562
MC G15,2,68254.38877746667,28056.356662649865,1.0,19738.533678,0.9054892687859973,BR,1.0,121423.61441924731,89649.65523364538,69377.01219902333,1.3134636005009848
Murilo Huff,1,67751.38552,20608.80294794579,1.0,21232.9368,1.0,BR,1.0,89191.74263723774,65852.17393964277,50960.89954652949,0.9719679300167732
Cartel De Santa,3,67748.89648661333,15602.867171756217,0.0,54573.0986753,0.4123398193217273,MX,1.0,67526.81932576779,49856.497029297294,38582.35476296635,0.7359012414194608
GULEED,5,67702.1904,0.0,1.0,21423.8475,0.450150445665747,SE,1.0,0.0,0.0,0.0,0.0
Nayt,13,67664.8882,25138.906298015434,0.07388407980847,115846.6575,0.4619002753704827,IT,1.0,108797.33608873775,80327.4035066798,62162.8185682894,1.1871356865210898
Apulanta,3,67604.2690232,15652.65070282833,1.0,20594.4929129,0.8632165216393606,FI,1.0,67742.27482321576,50015.57243779001,38705.458153903004,0.7398286108326382
Kaaris,19,67365.7712,29975.18790256184,1.0,165207.0065,0.3494412387406826,FR,0.9938732501638785,129728.02213020461,95780.97731434384,74121.84703057009,1.4218048069246156
Qzeng,1,67355.70025773335,27077.442202495913,1.0,58347.6423983,1.0,DE,0.9790379613532486,117187.02256990729,86521.68872996666,66956.37857005637,1.2845488711259119
Carmon,8,67173.10079999999,17701.313924666316,1.0,41621.931,0.3974248695957907,DK,1.0,76608.57546639605,56561.75210523504,43771.33805563507,0.8420297921580397
Mr.Children,10,67122.01556666667,22367.778041224516,0.08191688256449244,57521.5375,0.535513736919845,JP,1.0,96804.31742973266,71472.7009586386,55310.446352321,1.0648175617976006
Avine Vinny,2,67116.27104,18822.67477175449,0.20605484699466994,42306.1392,0.9057035863958014,BR,1.0,81461.65346076508,60144.88353397803,46544.209319832764,0.8961296955567277
Train,2,66889.94494,16140.61125684665,1.0,28666.8164,0.9768166094648724,AU,0.7194485502757119,69854.09336314042,51574.77329773621,39912.07402765394,0.7710392547639046
The Police,2,66844.71204666667,15698.680552542533,1.0,36231.6111,0.6157665453634767,MX,0.641954792896306,67941.4849626746,50162.65355052865,38819.27954146017,0.7504356293061495
Dawid Podsiadło,12,66765.04348436,23094.869336659503,0.0350006946354706,45928.7329074,0.27007613949222264,PL,1.0,99951.0571923484,73796.00632372568,57108.37836037641,1.105309043062523
Shay,8,66467.75595754666,18310.293033753915,1.0,45056.6411193,0.5996573837419632,FR,1.0,79244.14377700526,58507.64863879584,45277.20539215795,0.8802410702140301
Landy,17,66390.37861265332,18938.921403537533,1.0,94103.1978736,0.5177445830049571,FR,1.0,81964.75107835245,60516.331280623475,46831.66089767943,0.9115226113364819
Mc Don Juan,3,66186.02016,14095.766534882761,0.7627000607978541,70860.6084,0.5103990047028725,BR,1.0,61004.31860255946,45040.79504337337,34855.63641080343,0.6805182564911813
Vald,3,66127.57597714667,49087.05593911074,0.6375986058812225,38082.4260361,0.6779060753279634,FR,0.9822637079539073,212441.259747076,156849.9322377915,121381.16576039357,2.3719292582567673
Jessica Mauboy,1,65996.5339163,19939.395751452317,1.0,16801.6267477,1.0,AU,1.0,86294.65081972818,63713.18899950433,49305.60724341063,0.965402047936464
Timmy Trumpet,1,65280.460234080005,27180.469341439115,1.0,17058.321882,1.0,DE,0.8504192956288125,117632.90824723087,86850.8956757232,67211.14133776842,1.3304271349236327
Ceaese,3,65149.549920000005,19781.023798072893,0.10035263187586423,45050.1419,0.46834656474189706,CL,0.9995692022448435,85609.24126234376,63207.136442864095,48913.989291240294,0.9701853124154951
Soppgirobygget,2,65146.7427,18402.611208036804,1.0,40147.92,0.9665091865282187,NO,1.0,79643.68269550416,58802.63677983549,45505.487317014646,0.9026182176232656
GReeeeN,3,64810.648682346684,22125.579172584534,0.0,42954.9257224,0.5758960688506075,JP,1.0,95756.11782234495,70698.7927376735,54711.54343465904,1.09085149084352
AriBeatz,2,64793.87893333333,13463.279089105385,1.0,16620.663,0.5116020642497835,DE,0.9449382975877677,58267.009811381824,43019.78133388358,33291.638284851404,0.6639482315628424
Lil Lano,5,64312.211599999995,12527.42622887286,1.0,35713.3665,0.310515700053088,DE,0.9728308587206419,54216.78197102576,40029.41136966946,30977.48623433671,0.622423181753393
Bramsito,1,64247.175314399996,19081.991101700238,0.0,83624.55878569999,1.0,FR,0.9543063716271181,82583.93481890965,60973.48789824457,47185.439840330175,0.9490454265088651
Mike Bahía,3,64086.81968,19594.590485272427,0.5784085642740697,36854.8056,0.34578673235492524,CO,0.396603736257396,84802.38643936801,62611.41824546613,48452.9819561831,0.9769780831393898
Cami,13,64075.61576,17272.676294735018,0.5852087305793532,63237.25,0.2304048752910666,CL,0.9996010579207666,74753.49745579872,55192.10827708026,42711.41433003272,0.8613589994016823
[ALEXANDROS],4,63919.385833333334,21611.972011696736,0.2802690732987461,34311.914,0.8084669365865164,JP,1.0,93533.3046960196,69057.64219725356,53441.509313876195,1.0803865102414778
Juice,1,63793.1853,11471.583796339983,1.0,15755.22,1.0,SE,1.0,49647.25763980621,36655.633683715074,28366.627162260687,0.5746010880525051
Lauri Tähkä,12,63112.35242736667,40610.6519887964,0.5014098940312158,37966.6531831,0.4478012483483227,FI,1.0,175756.68172790195,129764.92255874012,100420.939622134,2.056093895534651
HIRAIDAI,5,63025.01963333333,20351.258167074913,1.0,22756.118,0.3324782812252951,JP,1.0,88077.12827215213,65029.2302805669,50324.04966544496,1.031800238363965
Ludwig,1,62861.40466666666,21027.099383766268,1.0,18671.103499999997,1.0,IT,1.0,91002.06554361948,67188.77411576938,51995.25184250519,1.0688398465171012
Staysman & Lazz,1,62708.8137,13044.437455156787,1.0,30812.5845,1.0,NO,1.0,56454.32737100616,41681.43906327167,32255.937837451747,0.6646823086572226
Lord Siva,2,62483.7915,21107.939974525372,1.0,50054.391,0.9380216912438311,DK,1.0,91351.93123857713,67447.08745194413,52195.15230423325,1.0794333351545118
Tropkillaz,1,62481.825031946675,16887.798120726737,1.0,81668.8179846,1.0,BR,0.8620407125994578,73087.80366807398,53962.29087699241,41759.697822633985,0.8636478023713573
KM,4,62247.40165288666,18228.19470523631,1.0,34851.2858058,0.6376360460881966,NL,1.0,78888.83478566866,58245.316400317424,45074.19482996804,0.935706790222566
Rozh,2,62217.768567413324,14591.364853619729,1.0,15684.4619971,0.9281888985348524,SE,1.0,63149.19221835777,46624.401173826205,36081.138745916054,0.7493743708167288
Calibre 50,3,62096.86729948001,20959.14516124628,1.0,24226.4748485,0.85373789595644,MX,0.9799471722965061,90707.97007667628,66971.6371334506,51827.21644926326,1.0785026692322595
Zoda,5,61883.831099999996,18378.195289025443,1.0,29796.543,0.6750285259602095,IT,1.0,79538.01433765663,58724.61956798222,45445.1122821707,0.9489493220464533
Mallrat,3,61824.05623333334,25031.643147669874,0.379586603712366,50202.7715,0.6859090040477148,AU,1.0,108333.11760286814,79984.66105571305,61897.581104298355,1.2937465758286522
Fler,8,61391.68013333334,15386.75463193242,1.0,35059.254,0.37476262330054144,DE,0.944247615765013,66591.51735401667,49165.9435508172,38047.95742506548,0.8008567845681417
Luísa Sonza,4,61208.623015453326,9896.024287784652,1.0,38140.2356534,0.40206558524587865,BR,1.0,42828.477405376,31621.182188802526,24470.625533836617,0.5166131932231041
KURT,1,61110.68807999999,22905.198902484834,0.0,34092.5172,1.0,MX,0.8854813219834644,99130.19260387473,73189.94441639289,56639.3663577222,1.1976619265124284
Juanes,4,61041.47460666667,30896.6949106538,0.5437196227733638,57204.8659,0.8572894757891567,ES,0.7502128852993256,133716.1633197608,98725.50737447139,76400.52503964282,1.6173512846901152
Carin Leon,1,60813.70775999999,24267.383640735912,1.0,17065.112399999998,1.0,MX,0.9971850639553949,105025.51951370738,77542.59054279869,60007.74053186356,1.2750840788859459
Numidia,2,60793.581333333335,10906.136149155514,1.0,17713.944499999998,0.7660467717960842,NL,1.0,47200.08682887196,34848.835059350284,26968.403266395773,0.5732321454837954
Shablo,1,60636.227166666664,59329.78094978707,1.0,13992.9755,1.0,IT,1.0,256770.2047791455,189578.94181310115,146709.1036163781,3.126496331838365
G.E.M.,10,60522.865317460004,18708.90974491553,0.34779280238770965,33291.6982749,0.3422313779615745,SG,0.6408250067580574,80969.29584928381,59781.365363875186,46262.89418865838,0.9877484327667662
Måns Zelmerlöw,4,60440.21168908666,21667.09161876035,1.0,31768.2671485,0.7373541829021679,SE,0.9988867255417276,93771.8539130654,69233.76819355748,53577.80761153608,1.145491821731303
Jok'air,10,60288.85910493333,19193.16209576337,1.0,50549.6916484,0.5118115487202759,FR,1.0,83065.06585384894,61328.71724643038,47460.34051628156,1.017247931988349
Lukas Leon,5,60229.416,21598.303751960608,0.69239450536927,44476.074,0.3644776402701371,FI,1.0,93474.1505613635,69013.96743264598,53407.71080490175,1.1458515127001394
Saia Rodada,1,60097.68914517333,19247.622321187762,1.0,15196.1693824,1.0,BR,1.0,83300.76136815353,61502.73629287852,47595.008312569575,1.0233793872558248
Broederliefde,6,59882.868429106675,5203.571067004472,1.0,33898.5640663,0.28780841639835547,NL,1.0,22520.258579555237,16627.189258744733,12867.252071779072,0.27766187049688684
Yüzyüzeyken Konuşuruz,7,59876.876923066666,19541.072226595763,0.22466174951694032,38247.9900631,0.202416785186032,TR,1.0,84570.76761287241,62440.40910494379,48320.64343020392,1.0428133916398297
OBOY,1,59759.857733333345,21427.753443097063,1.0,17633.245,1.0,FR,1.0,92736.03494672636,68469.000865053,52985.978539346215,1.1457356737792534
Pikku G,3,59522.560015359995,14203.879054956466,0.8265946651001487,44527.7830811,0.46801985977706523,FI,1.0,61472.21303051983,45386.25152111879,35122.97417365721,0.7625050318636618
Trois Cafés Gourmands,1,59208.224833333334,16413.30357661253,0.0,56010.279500000004,1.0,FR,1.0,71034.26395650979,52446.11852426802,40586.38033985458,0.8857910986505654
A Banca Records,1,59155.44232,20058.642972478498,1.0,15098.3352,1.0,BR,1.0,86810.73452797835,64094.224655028316,49600.478598494534,1.0834882158147359
Bigflo & Oli,4,58929.946833333335,14657.277277848425,1.0,52540.193999999996,0.4306783393300756,FR,1.0,63434.451095025724,46835.01391227855,36244.12523467384,0.7947574438636118
BENEE,5,58884.54693333334,8129.796706438132,1.0,36054.2525,0.5766192628733601,AU,0.6236067298857465,35184.514955341896,25977.48098996997,20103.144968533747,0.4411595629559756
Unge Ferrari,5,58596.9111,18133.925286758713,0.0,78878.3265,0.44918420651330637,NO,1.0,78480.85118115494,57944.09336672078,44841.08792038766,0.9888591783931215
Bacilos,5,58457.21872293334,19718.801496038155,0.0,40967.1826053,0.8541247722066477,MX,0.5530302485255342,85339.95266933831,63008.314906898806,48760.127638452635,1.0778534504957558
Nash,6,58376.231839813336,19582.83770974201,1.0,56718.831204,0.49933659484863735,DE,0.9197468811384995,84751.5222269715,62573.86410802023,48423.920005583095,1.0719065300364943
Dinor rdt,1,58166.238399186666,16905.688793226895,1.0,14694.2844896,1.0,FR,1.0,73165.23175845224,54019.45769450983,41803.937401536416,0.9287081162749761
Nicki Nicole,2,58118.947120000004,32343.412589007436,1.0,14909.9988,0.6116230673338484,AR,0.9260156077276143,139977.33584697547,103348.26515604336,79977.93001871835,1.7782198452882667
Why Don't We,9,57911.33868,22550.13050299103,0.5864046453432805,169681.2827,0.6282360959545009,US,0.3763421426563744,97593.5109544719,72055.37944127058,55761.362667529495,1.244236121693303
JUNIOR CALLY,9,57897.7444695,56650.30061023527,1.0,15323.5798539,0.3461494019329966,IT,1.0,245173.82426881295,181017.08570560676,140083.35593148353,3.1264963318383656
Years & Years,1,57887.87312533334,1109.0354717475557,0.0,67918.1588254,1.0,GB,0.9279170034130977,4799.735657695499,3543.7476390657334,2742.3934040234285,0.0612174441336469
Lazza,17,57878.45396666667,8101.662230519362,0.576656262320953,214650.296,0.20037390025308888,IT,1.0,35062.7532527472,25887.58171699506,20033.57478511688,0.447274934674382
PSICOLOGI,1,57869.37863390667,18273.816233563542,1.0,17520.5661199,1.0,IT,1.0,79086.2777727047,58391.09278657263,45187.0065312646,1.0090153750564081
Jimilian,3,57843.708,16426.592000156837,1.0,21769.461,0.7171521839700119,DK,1.0,71091.77421830482,52488.57958233305,40619.23960000102,0.9074207272869341
Sachet Tandon,4,57766.7038,15948.98986815084,1.0,16362.871799999999,0.40250224291312975,IN,1.0,69024.78534231476,50962.47742345254,39438.23775657314,0.88221196763961
Ocean Alley,3,57761.66764541333,18703.678123867892,0.0,65251.959585,0.8666468705638642,AU,0.9727320375615354,80946.65419468432,59764.6485453348,46249.95757534087,1.034676645975967
Omer Adam,17,57541.757,17358.496701818513,0.5973650764029792,36989.113,0.15662151725563142,IL,1.0,75124.91503308101,55466.333829583615,42923.62874905894,0.9639318769773335
Nielson,1,57428.22236666667,17616.313875809894,0.0,97560.8235,1.0,NL,0.9744899293516112,76240.70827387141,56290.14787784205,43561.152196603696,0.9801826620793125
Måneskin,3,57188.728405986665,17602.82482811454,0.0,121163.7594219,0.7190331320716117,IT,1.0,76182.329741479,56247.04575699795,43527.79683839499,0.9835337718596635
MC Ysa,1,57161.891279999996,28794.800535049475,1.0,14376.8064,1.0,BR,1.0,124619.4863961627,92009.2359648867,71203.0165573142,1.6096254673273769
Noah,4,56905.723158006665,30784.073904462508,1.0,24001.0462638,0.585496252727739,DE,0.9390184951142097,133228.75685442012,98365.64474161013,76122.03881228455,1.7285720887595826
Hugo & Guilherme,3,56801.13192,14488.257259825326,1.0,25509.6564,0.6703526904423533,BR,1.0,62702.95834476096,46294.93714730332,35826.1770315888,0.8150354681752848
Therapie TAXI,1,56769.91016666667,17499.698800407907,0.0,44644.243,1.0,FR,1.0,75736.01608873346,55917.52282782081,43272.789541180086,0.9849852265690857
Cauty,2,56651.29461333333,6883.795055278094,0.0,147677.2768,0.9880130414214139,ES,0.6395564270047537,29792.010651402365,21996.079563185423,17022.06524061555,0.38827143692508786
Sigrid,12,56638.6199912,0.0,0.0,126651.0799923,0.8159547069838083,GB,0.6726654917074495,0.0,0.0,0.0,0.0
KALIM,5,56584.6008,0.0,1.0,71290.4215,0.635716377409832,DE,0.9634451312649344,0.0,0.0,0.0,0.0
Data Luv,2,56514.22703333333,28185.56113100552,1.0,14378.856499999998,0.8356570635502205,DE,0.9283636358704881,121982.79156885015,90062.50769991556,69696.50557034947,1.5936254006764476
Kurdo,11,56490.48682922667,13233.428166773461,1.0,35054.4394032,0.23380484970333956,DE,0.9316146562143806,57272.250224357675,42285.32902455632,32723.269040251394,0.748538938111594
Caza,4,56395.71513333333,17862.55590811001,0.09324416735504541,80391.5665,0.629225305617101,NL,1.0,77306.40607431409,57076.97538952413,44170.05294177921,1.0120800003081818
ADHD,3,56272.176834813334,15462.370409006215,1.0,25301.735491,0.4466783352952253,DK,1.0,66918.77085559635,49407.561820302435,38234.93810654045,0.8780104946950615
Aimer,5,56068.7036,22683.770189509654,0.33994850084840084,26172.965,0.4988349810577441,JP,1.0,98171.88304896944,72482.40394648285,56091.823328311555,1.2927426405928681
Kelsea Ballerini,2,56041.155363093334,29131.416697400233,1.0,14448.0510082,0.5244571370837112,US,0.9432985815778856,126076.3095894242,93084.839731394,72035.39204649831,1.66100857714822
47ter,1,56013.223933333335,22946.556482627606,1.0,14169.7045,1.0,FR,1.0,99309.18187625073,73322.09602986425,56741.634281408355,1.3090140306355487
Il Pagante,1,55793.76541474667,18440.086703314002,0.0,26537.731560599997,1.0,IT,1.0,79805.87089917662,58922.38380442987,45598.15572454426,1.0560746951998383
Highsnob,2,55785.24646205333,15558.008938412968,1.0,17429.1545019,0.7985635557756247,IT,1.0,67332.67976251329,49713.159631574286,38471.43051719554,0.8911524602726378
Demarco Flamenco,1,55570.99154550667,15310.332376928593,1.0,17183.470597300002,1.0,ES,1.0,66260.773539479,48921.74830851792,37858.98250642482,0.8803468670962307
Christopher,5,55545.083099999996,18337.442327904555,0.7679762909563457,39894.5919,0.41830123094955135,DK,0.9854038261261171,79361.64176380163,58594.399919074574,45344.33944431346,1.054898051256576
Nicolay Ramm,2,55478.7714,9785.539591797908,1.0,58226.094000000005,0.9377071815945613,NO,1.0,42350.31656339535,31268.145797695062,24197.42191750671,0.5636055919885613
Henrique & Diego,1,55361.271680000005,17001.73701263028,0.0,40696.244399999996,1.0,BR,1.0,73580.91374092495,54326.36460544107,42041.44288271367,0.9813062987327871
Ferrugem,6,55342.27712,20657.04554437535,0.8010986939310099,80042.4516,0.4108645367878762,BR,1.0,89400.52920556805,66006.32553492968,51080.19255528502,1.1926926207211634
STEREO,6,55106.3448,16484.068305318688,1.0,38789.8605,0.7756467569662954,FI,1.0,71340.52286375908,52672.236035087066,40761.36547800844,0.9558288837021008
Shota Shimizu,7,55055.26996666667,17400.939663187368,0.0437507496519714,42296.653,0.39249433046156157,JP,1.0,75308.60166916244,55601.95360728905,43028.58057455985,1.0099297240927776
Hogland,2,54915.79552480666,11512.626462898927,1.0,13873.544635299999,0.9554550043593357,SE,1.0,49824.88401442474,36786.77904058092,28468.116376016333,0.669876101930701
Hös Copperfield,1,54869.860499999995,16238.708197296488,1.0,14175.353500000001,1.0,FR,1.0,70278.64189651239,51888.226573104315,40154.64553172009,0.9456598959843231
Milonair,3,54819.1564778,0.0,1.0,29114.9705853,0.6694822831777612,DE,0.9265721713323869,0.0,0.0,0.0,0.0
Fito y Fitipaldis,1,54775.14466666667,18956.478050754828,0.0,32526.97,1.0,ES,1.0,82040.73355846704,60572.43077312047,46875.074507750534,1.105837896763817
Melendi,3,54491.003408920005,16852.18993191862,0.0,49882.473957300004,0.9846472548002417,ES,0.9981019391804615,72933.69688079605,53848.51053521368,41671.64684085364,0.9882091935638471
Mario Bautista,1,54406.19600000001,16581.71833263731,0.0,80545.1496,1.0,MX,0.7565985872847643,71763.13722555003,52984.26127014991,41002.83186717571,0.9738644706964975
Shotas,1,54226.84546638667,18387.34027158657,1.0,13601.8050254,1.0,FR,1.0,79577.5924215014,58753.840914986766,45467.725751707454,1.0834825520397682
Rim'K,3,53863.08503333334,16550.546881098908,0.0,59675.0525,0.9131530969327594,FR,0.9996859240299788,71628.23195762813,52884.65782137888,40925.75193125801,0.9818349206817814
Amenazzy,8,53766.592880000004,16468.988375050336,0.18243189226983053,132701.30730000001,0.9678081694376796,ES,0.3481533599028831,71275.25923525626,52624.050500316436,40724.0762277053,0.9787499575761929
Mathea,3,53748.4038,9050.061189591714,0.3682880216063273,72766.2985,0.9285649592304053,DE,0.7746954587775273,39167.278687274535,28918.040757957155,22378.75049500141,0.5380260382347792
Eli Young Band,1,53654.80336666666,3177.863177204698,1.0,35428.93,1.0,US,0.8006973820547219,13753.305097511653,10154.359728231027,7858.135504288758,0.18925350744159988
Bro,5,53561.98783502667,20771.93162641413,0.6225147592170216,39955.842061,0.48732841342132055,DK,1.0,89897.73857224915,66373.42585981371,51364.27980192718,1.2391889947073442
Mc Livinho,1,53390.51278998666,15222.720132284407,0.0,67353.3826655,1.0,BR,0.9854746004108101,65881.6011636786,48641.797222172725,37642.33727915783,0.9110569402752665
I Belong to the Zoo,2,53258.138439999995,17037.784459689246,0.0,48269.7924,0.6308300965470902,PH,1.0,73736.92157063412,54441.5485275642,42130.58005060841,1.0222202675915422
Selena Gomez,2,53256.82583624001,13281.81613973918,0.0,126243.507655,0.7737396209509655,US,0.1753961006193812,57481.66596007007,42439.945147597224,32842.921532237204,0.7968921256797442
DoeMaarDave,1,53044.913133333335,17285.149868795917,1.0,17439.9225,1.0,NL,1.0,74807.48117383495,55231.965612355,42742.25865205905,1.0412302019144475
Mahalia,1,53037.22709999999,31853.261099723924,1.0,12962.6505,1.0,GB,1.0,137856.03527479494,101782.06350859202,78765.89645854263,1.9190683426319632
AAA,5,52623.464884986664,20790.013548918196,0.07827122163725948,35681.3170611,0.6510215841562849,JP,1.0,89975.99436335174,66431.20378650399,51408.99229875027,1.2623874906697115
Chily,1,52537.929425973336,26443.80036593867,1.0,13197.4965768,1.0,FR,1.0,114444.71775224521,84496.98634711615,65389.525897301275,1.6083044625154779
Chip Charlez,4,52439.57643747333,18062.799113072,1.0,31826.7654264,0.8796464024012108,NL,1.0,78173.02799539008,57716.82091556924,44665.20901070364,1.1006347655074649
Pereza,1,52231.69774506667,18034.42325222938,0.0,34537.3037373,1.0,ES,1.0,78050.22161581638,57626.15033520535,44595.04193707013,1.103279288689179
Tiziano Ferro,2,52094.1512,13677.24504057287,1.0,19384.967,0.8335932684332142,IT,1.0,59193.02167750634,43703.47572839971,33820.72759618372,0.8389324851577524
Chris Lane,1,52005.61069704,0.0,1.0,15001.6184703,1.0,US,1.0,0.0,0.0,0.0,0.0
Ina Wroldsen,5,51983.3808,17977.322053703465,0.6007021344021549,42646.2975,0.6223521162651928,NO,1.0,77803.09637442972,57443.69247644527,44453.84361277077,1.1050395644225832
Nacho,6,51951.431705853334,6079.455510558348,0.7712459692012488,71900.4008746,0.7320771399411593,ES,0.3690524975288967,26310.952297513482,19425.939621569,15033.115817240625,0.37392501002778505
Anıl Piyancı,7,51898.83337296667,11999.474875998363,0.7239742667442072,21657.0819299,0.4243257815362771,TR,1.0,51931.88937879214,38342.42622992235,29671.982177296202,0.738791678694927
Sukima Switch,2,51800.62123790667,18437.71663178389,0.30763164685250355,29900.5944753,0.7491388005647756,JP,1.0,79795.61359260332,58914.810615291004,45592.29507473023,1.1373379161749957
SHAUN,3,51780.185997106666,13925.342618734132,0.0,55763.3509666,0.9281640576944645,SG,0.4582581642323795,60266.749996233695,44496.23234373277,34434.21668579014,0.8593293262063427
French Montana,4,51052.30343824001,78.03820034358237,0.6115202532823517,359343.8493656,0.7160596493190805,US,0.45931355087248193,337.737378463885,249.35874033743974,192.9707852778342,0.004884377854548696
KIAN,1,50854.11233864001,15273.325548312807,0.0,77753.7250676,1.0,AU,0.9528103311306311,66100.6136533344,48803.49883419782,37767.47300534472,0.9596765451181793
Guitarricadelafuente,2,50522.58041835333,16681.674071102796,1.0,12477.0975265,0.9335824052797589,ES,1.0,72195.73035203326,53303.65404091493,41249.99975751388,1.0550461516322573
Flume,4,50506.30433333333,9020.221653424167,1.0,19923.0833,0.7825594344626368,AU,0.9823134153135825,39038.13774507654,28822.693234331124,22304.96408397161,0.5706751585724046
MKDMSK,4,50157.385200000004,15068.059291856125,0.690781446477796,46327.2705,0.5847756020938034,FI,1.0,65212.252734738766,48147.60294066791,37259.89606834345,0.9599304817960866
Fricky,3,50069.65099985334,12756.568877220043,0.0,65991.8880881,0.6506484481831748,SE,1.0,55208.476256725844,40761.600501375106,31544.104077873828,0.8140979552962033
MONGOL800,1,49982.28690000001,17174.357048634593,0.0,29712.3995,1.0,JP,1.0,74327.98681762017,54877.944659126646,42468.29311446917,1.097947854385323
Los Auténticos Decadentes,2,49641.1292,19294.757959681367,0.834665172765651,21303.072,0.7444254237135376,MX,0.7444254237135376,83504.75719208286,61653.350778963766,47711.56406519632,1.2419812315422463
FELIX SANDMAN,6,49544.004117660006,12266.588369307085,0.5807524264341252,55225.1125845,0.3782595478033126,SE,1.0,53087.9156657289,39195.94519788089,30332.49331588153,0.7911339807092712
Dj Guuga,1,49405.32792,19615.014736247304,1.0,12443.995200000001,1.0,BR,0.9985190929678275,84890.77946933248,62676.68071273226,48503.4865005214,1.2686218946714007
Hp Boyz,3,49263.31969104001,32123.60349811306,1.0,11975.1553803,0.8344531768446802,AU,0.6767190615022303,139026.0357683685,102645.89993261664,79434.39194769232,2.0836171938142005
Katja Krasavice,2,49175.19576666667,8882.016172466887,1.0,13661.445,0.8466611328450248,DE,0.9507799870365105,38440.005591562694,28381.07945431689,21963.21324819365,0.5771421752743678
White 2115,7,49090.99229944,16380.421909229852,0.46358163940976754,23003.9773914,0.3830272425756267,PL,1.0,70891.95713635693,52341.05035095496,40505.07142770459,1.0662047740182274
Badshah,10,48982.557,15690.636303202771,1.0,17544.6378,0.1787853950453169,IN,1.0,67906.67068361946,50136.949422633705,38799.38793574361,1.023567418553378
Simone & Simaria,2,48959.952079999995,13686.53508600715,1.0,63580.0596,0.6468151533472297,BR,0.997911439516801,59233.227571247735,43733.16060089767,33843.6997733332,0.8932435336014666
DAOKO×米津玄師,1,48690.6602,16904.654877187902,0.0,31215.212,1.0,JP,1.0,73160.75712819393,54016.1539791504,41801.38076146685,1.109374031021054
Pepe Aguilar,3,48494.878639999995,19661.34792917233,1.0,30277.8936,0.7363641306936887,MX,1.0,85091.30243174658,62824.73111077744,48618.05798709858,1.2954920781873607
Mc Th,1,48189.646960000005,14286.946233613979,0.0,22582.9044,1.0,BR,1.0,61831.715056869245,45651.67956715555,35328.38048269279,0.9473337624790839
Bryan Mg,3,47924.94373333333,14080.975796497376,1.0,30244.039,0.7876422524121199,NL,1.0,60940.30655223242,44993.53357557681,34819.06226649333,0.9388333103932758
Jesse & Joy,3,47886.096182253335,10677.697226299726,0.9851886167646539,49979.2805623,0.5945153821804556,MX,0.6499606247034199,46211.43815931339,34118.894571274366,26403.52557652822,0.7125010658922513
Alejandro Fernandez,4,47816.85089844,18467.39615229704,0.052076506288314346,40411.6007099,0.7067587362755242,MX,0.888037511073112,79924.06201155767,59009.64683417348,45665.68580330772,1.234076392013064
PDL,2,47815.38120302666,15241.88541406271,0.7119015295255099,29858.6449671,0.6111600301690571,PH,1.0,65964.54556778874,48703.03685226938,37689.728677966974,1.018564228223418
ATYPISK,9,47759.6028,17457.682059120187,1.0,49721.292,0.21129702341604475,DK,1.0,75554.17406788173,55783.264969048294,43168.89166135444,1.1680010238495595
André Hazes Jr.,1,47758.10736666667,14522.675704741983,0.0,35932.301999999996,1.0,NL,0.6924398414551899,62851.91610270228,46404.915850438505,35911.28604633244,0.971665721469259
Stina Talling,1,47274.23078161334,21521.503405764975,1.0,11487.142473,1.0,NO,1.0,93141.77042605756,68768.56405967599,53217.800952422695,1.4546733584594373
Jamule,6,47116.4807178,0.0,1.0,40946.971526,0.32176593294656924,DE,0.9707367469132813,0.0,0.0,0.0,0.0
Priceless,4,47066.91893522667,12535.795534516283,1.0,64113.4767698,0.9700255642803444,NL,0.9886549397280133,54253.003043976285,40056.15416362876,30998.181630631483,0.8510468726188323
Santaferia,6,46991.73535957334,21536.650097045702,0.017636649661016583,40340.1179929,0.3600327417350696,CL,0.9957687951624226,93207.32298599656,68816.96291871443,53255.25528758078,1.4644482139707737
Patron,6,46980.92827999999,20560.842116275726,1.0,18627.1452,0.28622643688846106,TR,1.0,88984.17550363037,65698.92267913025,50842.30327817369,1.3984168700876562
Fernando & Sorocaba,5,46912.18398568001,21629.93111264481,1.0,49520.4934917,0.4985218003560028,BR,1.0,93611.02893423966,69115.02766706563,53485.91810082381,1.4732852277387696
Clean Bandit,6,46632.93654396001,12361.343122677627,0.0,236617.3446528,0.7726818493410749,GB,0.22629341331451872,53497.99972532357,39498.71904245233,30566.80034867082,0.847013333702835
Petri Nygård,6,46625.658299999996,5800.145958290786,0.5600300854090031,29895.183,0.37755258096262534,FI,1.0,25102.14333539695,18533.450074001143,14342.44658858889,0.39749465744274853
Gasellit,6,46510.41918189333,10110.699664560325,0.7427920671397178,24919.5700818,0.3394565517556063,FI,1.0,43757.55955557611,32307.143439812455,25001.469093193806,0.6946216354977454
Jarabe De Palo,1,46367.28512,15343.074087835173,0.0,33546.7068,1.0,MX,0.7546794667785394,66402.47464943958,49026.36927302263,37939.94533792485,1.0573482822240041
Orochi,2,46200.82688,14086.878687299331,1.0,19288.4748,0.9663969076497433,BR,1.0,60965.85335951441,45012.3953305666,34833.65877779738,0.974276833777885
BLØF,1,46057.23831366667,14655.805244658206,0.0,36673.6929703,1.0,NL,0.8866655317432571,63428.08036084058,46830.31026277828,36240.48523017065,1.016785026141748
Caifanes,2,46008.10968,12433.242772694448,1.0,28158.0624,0.5464442610227329,MX,1.0,53809.170398176604,39728.463015019115,30744.59189004237,0.863510004895709
Broiler,5,45956.028095466674,13483.546185512338,1.0,30981.991393,0.9217028543217503,NO,1.0,58354.7227004467,43084.541638555966,33341.75422155589,0.9375166528546455
Freddy Kalas,6,45731.7471,4205.846361542709,0.3501414666049354,29632.7205,0.45922482885093185,NO,0.9738914623110626,18202.25886957065,13439.117587920406,10400.104968739997,0.29386844894715175
Teflon Brothers,9,45655.014599999995,6584.050363657646,0.5153149376059996,58706.505,0.4844312653257079,FI,1.0,28494.76153608905,21038.292756259707,16280.864543134103,0.46081011999631927
Superfly,2,45581.76367576,14421.472352334547,0.11236374705535358,28760.945577899998,0.9075776058022746,JP,1.0,62413.92349416751,46081.5365264262,35661.03308943659,1.0109643157781536
Butrint Imeri,1,45559.93519999999,0.0,1.0,13142.288999999999,1.0,DE,0.9047181202604813,0.0,0.0,0.0,0.0
AIELLO,2,45434.46483333333,21175.00899727075,1.0,17293.4335,0.7622650238889808,IT,1.0,91642.19569647632,67661.39591823138,52360.99879902696,1.4892086033462224
Daryl Hall & John Oates,1,44884.32936164667,12124.516752281676,0.0,27396.3249784,1.0,GB,0.5014080893050588,52473.05146746407,38741.97779085222,29981.182401708975,0.8631515351091992
ITZY,3,44782.25217336,10488.527646605977,1.0,37553.5044967,0.7064604383149199,SG,0.3852159005259073,45392.741192320405,33514.43306530788,25935.75207350711,0.7483865022144843
Camela,1,44659.4512,14798.71241185403,1.0,24729.694499999998,1.0,ES,1.0,64046.56069226697,47286.94753837216,36593.86227057131,1.05883404895876
Dua Lipa,5,44515.19176,9983.910422142324,0.0,475981.8804,0.26966105556819847,GB,0.2252308793979881,43208.835133906396,31902.008446456715,24687.94802829914,0.7166544090937264
Spekti,4,44106.34625956,12374.098359574456,0.7382133898939622,23450.877071900002,0.3548700737496871,FI,1.0,53553.20243697318,39539.4763868208,30598.341159063028,0.8964577603897685
Kpoint,1,44050.20305486667,7923.7439305109,0.0,53767.9799049,1.0,FR,1.0,34292.75010094399,25319.07189773015,19593.62314711433,0.5747776432765591
Equalz,7,44000.91182517334,19224.074112202798,1.0,23673.5253344,0.25186019719403635,NL,1.0,83198.84832639851,61427.49171132947,47536.77892798986,1.3960504263047164
The Minds Of 99,4,43987.34797946668,11625.991896039319,1.0,22085.0101249,0.440142181634794,DK,1.0,50315.512245581886,37149.020372149775,28748.443402525758,0.8445387612249541
Taburete,1,43885.1868,13886.345513773571,0.0,20691.713,1.0,ES,1.0,60097.97649890708,44371.623255786624,34337.78568232428,1.0110842972596534
Amy Shark,3,43766.76509937334,6076.587074752771,1.0,34319.1554431,0.6948591859155011,AU,1.0,26298.53814668732,19416.77398812194,15026.02282550729,0.44364197225990437
Malik Montana,7,43511.549119999996,13626.881751018458,1.0,19078.7291,0.42350059889471353,PL,0.8938480917997834,58975.057074144956,43542.547793269914,33696.19059389893,1.0007124240321674
Marcos & Belutti,3,43058.034228213335,13743.699904346195,0.0,45222.864125500004,0.5796818811862495,BR,1.0,59480.62814944137,43915.82174671963,33985.0554150136,1.0199216600079768
Sarius,16,42993.98272,20858.480919155983,0.6663028253643025,17004.6744,0.3796418236623219,PL,1.0,90272.31065502195,66649.9804512854,51578.29659001435,1.5502164776253928
Lynyrd Skynyrd,1,42913.24753629333,5586.183084274037,0.0,14795.6682908,1.0,CA,0.49587618883440776,24176.14478800787,17849.765512992653,13813.364887094862,0.41595000466689086
Damas Gratis,4,42787.69839456667,14454.636557421843,0.31843820258917016,44812.700004599996,0.5583238307161075,AR,0.8046232753906535,62557.45309423142,46187.50750433767,35743.040653304466,1.079457630051041
Atitude 67,2,42756.48650762667,23242.611049685787,0.7522840328462422,36596.908888,0.7820279524395662,BR,1.0,100590.46069765186,74268.09162673536,57473.710137063375,1.7370017438988543
Hins Cheung,14,42742.989630293334,14630.609776229028,0.20324531640442442,32833.566818,0.20875642664391808,HK,0.945582243899847,63319.03823251143,46749.802123917434,36178.1825462695,1.0937419803406625
Giordana Angi,1,42725.479844320005,4070.6173329351304,1.0,21394.0509902,1.0,IT,1.0,17617.008345941715,13007.014591154995,10065.714225131453,0.3044322647410634
Il Tre,1,42613.116,41694.98921690332,1.0,9833.796,1.0,IT,1.0,180449.5271699963,133229.75086220275,103102.25986648262,3.126496331838365
Unknown T,3,42596.131263400006,0.0,1.0,27591.1155788,0.5796608893258672,GB,1.0,0.0,0.0,0.0,0.0
Young Igi,12,42370.61816,16606.263252165045,0.704306099271694,24274.7388,0.4410662659735808,PL,1.0,71869.36387787423,53062.69068277313,41063.525891063946,1.252346389717462
Pixote,3,42203.572289840005,30244.917512169486,1.0,10246.715991300001,0.5342760759591855,BR,0.9991825722497714,130895.37056778894,96642.85566862862,74788.82723192671,2.2899212181593973
Marion Jola,5,42077.86024,13105.975638335829,0.9019918471025371,19553.016,0.43332739051612296,ID,1.0,56720.65520238636,41878.074605514055,32408.107819336874,0.9952520010916328
Nicklas Sahl,4,42012.252492340005,12364.292227060017,0.4512507808853281,32601.4087142,0.5125429725655349,DK,1.0,53510.76299739468,39508.14243959218,30574.092815514374,0.9403957201960453
A-Lin,6,42000.15978175333,14718.880216075224,0.0,34120.4445475,0.7937556474387842,SG,0.7156236757117239,63701.05917633449,47031.85636904572,36396.45534111799,1.1198018439319932
Sin Boy,16,41975.481809733334,11813.907846807684,0.9225767853425074,18645.6221999,0.279651299130579,GR,0.8403948111736405,51128.783698596315,37749.47610493969,29213.116965298206,0.8993220441411656
Jubël,4,41904.32923646667,15962.26013211602,1.0,22348.4182606,0.3990031228259552,SE,0.4104724600699198,69082.21701223272,51004.8804554514,39471.05211219552,1.217174487333521
Tee Grizzley,1,41825.727976500006,40924.565970939526,1.0,9652.0910715,1.0,US,1.0,177115.25336237578,130767.98509499652,101197.17776418684,3.1264963318383643
Márcia Fellipe,1,41726.86024,12479.23881761929,0.0,87454.6956,1.0,BR,0.9934444823566454,54008.23423568475,39875.436109894006,30858.329686015924,0.9556299199255066
Da Beatfreakz,2,41639.83616676,0.0,1.0,66703.7205898,0.5430468456498524,GB,1.0,0.0,0.0,0.0,0.0
Yksi Totuus,4,41533.16340558667,11622.386030380432,0.7551425937874648,31444.0200375,0.4836950246743717,FI,1.0,50299.906611298116,37137.49839810928,28739.52691387356,0.894164935992183
Ted Gärdestad,3,41455.97796132001,0.0,1.0,18671.5978808,0.40376367545127256,SE,1.0,0.0,0.0,0.0,0.0
Dotan,1,41429.924961013334,12394.815474692763,1.0,11601.876981000001,1.0,NL,1.0,53642.862938094244,39605.67465518914,30649.56989006233,0.9559678105248595
Matisse,1,41381.722634026664,12293.732104358596,1.0,15129.405531800001,1.0,MX,0.9932833173262222,53205.38959359568,39282.67871493661,30399.613621644636,0.9492760623414915
Luca Hänni,1,41306.439633333335,5627.951258100966,1.0,39712.6108,1.0,CH,0.3394295345598381,24356.911046960828,17983.229113714126,13916.648115917633,0.43536139336497254
Ronnie Ferrari,2,41221.36063066667,18945.01459205116,1.0,10501.0931225,0.9270239499773563,PL,1.0,81991.12146498385,60535.80110188675,46846.72797210123,1.4685541713257053
JoeyAK,4,41130.759366666665,2366.1034764473275,1.0,34907.88,0.7218507110715403,NL,1.0,10240.13344479083,7560.509850269287,5850.837716508192,0.18381644216363538
Babblarna,1,41075.6229,14058.178576876397,0.0,27703.764,1.0,SE,1.0,60841.64367742039,44920.688661895365,34762.689908429675,1.0936094328077826
Daniel,2,40972.695400000004,19194.36542400358,1.0,11354.609,0.9169027308646207,IT,1.0,83070.2736741663,61332.562291714225,47463.31607433438,1.4969130464312634
miwa,3,40910.72122314667,19974.57319899027,1.0,15012.5219985,0.6805969359925598,JP,1.0,86446.89342476278,63825.592975604886,49392.59309963978,1.5601189875746637
Feid,2,40898.56653653334,13563.11835044319,1.0,22700.5627957,0.8739625761022118,CO,0.24333513818636873,58699.09884269652,43338.80192038872,33538.5181536476,1.0596655479764945
Sofia Reyes,2,40647.535440026666,1176.4107964652185,0.8331443196007076,179667.8526897,0.6940499145752228,ES,0.318541793676599,5091.325743616384,3759.034844914324,2908.997314183764,0.09247878879300284
Ravid Plotnik,13,40532.443466666664,6318.204615358868,0.9061023275557043,11410.77,0.2065498647330548,IL,1.0,27344.221855382755,20188.824667195822,15623.488250675722,0.4980904909865313
Coldplay,4,40482.03608505333,11512.596595915235,0.0,31910.3995007,0.9464618180457902,MX,0.5547362091474813,49824.75475469386,36786.683605353064,28468.042521733794,0.9087162396689662
Tessa,2,40302.845700000005,15413.903793278594,1.0,10028.277,0.6408943929251256,DK,1.0,66709.01476605564,49252.69440674025,38115.09114882563,1.2220649324208948
Sandro Cavazza,3,40266.51713699333,10021.732585561484,1.0,37003.5873248,0.49671076264764125,SE,1.0,43372.523664200264,32022.863194330384,24781.473667585644,0.7952727345497334
Sondre Justad,3,40254.68831990667,7586.271681340017,0.4091600127653947,28499.3235431,0.7008035305959234,NO,1.0,32832.221895046445,24240.73264103797,18759.130749221178,0.6021840847057431
Natos y Waor,4,39866.26583333333,28468.409329147988,0.3592321988019988,32462.087,0.7814795918697403,ES,1.0,123206.915248321,90966.30443132391,70395.92506836023,2.281786430954473
Gen Hoshino,10,39858.151663200006,38999.38234516389,1.0,9198.034999200001,0.21384711104829213,JP,1.0,168783.35349835578,124616.36496885202,96436.63492190813,3.1264963318383643
Şehinşah,8,39548.60884,10402.181421984322,0.4193224754653595,33951.4206,0.23958156849554627,TR,1.0,45019.04795726915,33238.52734593258,25722.237426864092,0.8404474473528051
Hooligan Hefs,2,39476.33386666667,16973.092023863283,1.0,9946.1005,0.9054143882821211,AU,1.0,73456.94261691518,54234.83406931299,41970.61031671002,1.373856910129849
Manuel Medrano,9,39459.52782702667,15338.949680207683,0.0397083622406352,13519.061765600001,0.8770986923569056,MX,0.5187215306423129,66384.62484493753,49013.190380043285,37929.74661249066,1.2421129465840468
De Vet Du,1,39420.51734469333,10348.915930064077,1.0,25550.2619927,1.0,SE,1.0,44788.52306658063,33068.32588164704,25590.523935794266,0.8388607788299003
MC L da Vinte,1,39379.366,12343.501322753938,0.0,72402.9876,1.0,BR,0.9555070128073002,53420.783147970775,39441.708389531894,30522.68162057502,1.0015831232410368
Ozzy,2,39261.729,0.0,1.0,19894.2165,0.7314311423121388,SE,1.0,0.0,0.0,0.0,0.0
Anis Don Demina,3,39214.5156,10288.215956501204,1.0,17483.5755,0.7807120745982423,SE,1.0,44525.822878035884,32874.36870580862,25440.426656343938,0.838321427737045
Bolémvn,3,39206.95866117334,25342.007922236637,1.0,25252.451018699998,0.6113063844166482,FR,0.9879870880741296,109676.32881056142,80976.38265988053,62665.04286029785,2.065357411669665
Djaga Djaga,7,39198.253033333334,12926.477050597752,0.0,73160.416,0.7819650656442413,NL,1.0,55943.812807332164,41304.51522647082,31964.248487886678,1.0537335730586352
Famke Louise,5,39130.45285474,4203.174783410744,1.0,32893.8519303,0.48736790325953744,NL,1.0,18190.69668860442,13430.580982068825,10393.49876142375,0.34322579991409263
El Bebeto,1,39113.90416284,14136.031659730648,0.0,28407.1633465,1.0,MX,0.976149762451256,61178.57989574374,45169.45588854142,34955.202940105715,1.1548183914469594
Nissy,2,39091.11305094667,13920.745853804201,0.0,22102.930679499997,0.9828479975123111,JP,1.0,60246.85590167469,44481.544107618814,34422.84992778751,1.1378940284879304
Sueco the Child,2,39017.0053,12181.742828218346,1.0,13075.321,0.7466455699252048,CA,1.0,52720.71715915779,38924.834675649625,30122.689519546766,0.9976376807076383
Ceza,7,38925.43876,12450.424068740162,0.23939891589805165,25534.665,0.4654087061647372,TR,1.0,53883.528415910776,39783.36313214715,30787.077341724176,1.0220401978622977
Grupo Arranke,1,38736.30665094667,12144.673087629812,0.0,45109.5513191,1.0,MX,0.9659685081383197,52560.28499963097,38806.38417605974,30031.024451414483,1.0018090915518751
CNCO,8,38646.04750846666,8538.545431742365,1.0,55598.3293517,0.4697250100717544,FR,0.3741214564150207,36953.51683297245,27283.57296553639,21113.887940001543,0.7059861156450487
Fourtwnty,5,38616.50819190667,15453.34747327268,0.0,26059.2486302,0.28639484527005415,ID,1.0,66879.72097172825,49378.730454653894,38212.6264311514,1.2786948578898905
Kina,1,38580.27480666667,5527.265846982939,0.0,106994.1823,1.0,US,0.4227506723045445,23921.160008996798,17661.504789265207,13667.675910460246,0.45778587316369507
Koffee,1,38576.61002,28373.20543447521,1.0,11163.9105,1.0,GB,0.6986152835961915,122794.88737396243,90662.09542667873,70160.50741091005,2.3501830611781354
Nogizaka46,8,38508.554606080004,12767.555123502938,0.11195278997183293,30234.168735,0.4216054909901924,JP,1.0,55256.02304794358,40796.70531571062,31571.270575347273,1.059419283144669
Jairzinho,2,38425.8682041,15466.764548256759,0.06158258970834423,23941.7500894,0.9771911364975039,NL,1.0,66937.78801724987,49421.602598069716,38245.803817154796,1.286154481547836
Sebastian Stakset,1,38354.59271349333,14750.682613468729,1.0,9981.8099587,1.0,SE,1.0,63838.69508127925,47133.47590561679,36475.09546315723,1.228887404898319
ABREU,4,38324.22350310667,14273.773181930985,1.0,26816.894989,0.30222072413023315,FI,1.0,61774.7041068192,45609.58716164634,35295.806511015064,1.1900981414000236
Sagopa Kajmer,9,38291.62844,14207.079819065888,0.6283859010515356,18273.6378,0.20765385860936786,TR,1.0,61486.06544734439,45396.47905715792,35130.88893797731,1.1855457943840302
Blossoms,1,38193.63177621333,21525.140470282437,1.0,9438.448419100001,1.0,GB,1.0,93157.5110842227,68780.18572474012,53226.7945887822,1.8008286336251436
Hiro,6,38038.742065306666,14874.24475685459,1.0,14417.618328400002,0.9906089973866699,FR,0.9906089973866699,64373.45311261244,47528.29921384838,36780.63664343565,1.249470845598669
KeBlack,4,37827.15316674667,14842.789852318716,1.0,22636.897512199997,0.43393347245602065,FR,1.0,64237.3211035322,47427.79003580523,36702.85579248826,1.253802786235004
Herra Hnetusmjör,16,37812.3603,10325.245111456758,0.7529516082602229,28293.1515,0.15629849506160526,IS,1.0,44686.079389159415,32992.68952042023,25531.991365402933,0.8725371613583252
Thomas Stenström,5,37805.960399999996,14440.0239884496,0.18161179949815534,21244.1895,0.5381754149764104,SE,1.0,62494.21213383537,46140.815348752716,35706.90708157824,1.2204640448375628
Omar,6,37781.53514945333,10360.959653091648,0.48658812719382055,35770.8645662,0.5553918748464427,DK,1.0,44840.646455182214,33106.80969585477,25620.305333623364,0.8762695736129663
Vladimir Cauchemar,1,37646.26348444,0.0,1.0,13804.7420713,1.0,FR,1.0,0.0,0.0,0.0,0.0
Nando Reis,2,37645.38752,13133.427927727103,0.0,32841.9468,0.8048436641399103,BR,1.0,56839.46450617631,41965.79405921555,32475.99111006097,1.1147658936149942
Neo Pistea,3,37580.86319112667,9234.951417778713,1.0,35989.0810508,0.9145293254985287,AR,0.775758157753222,39967.45527638782,29508.82827225692,22835.942131486627,0.7852089006626207
Neha Kakkar,6,37567.436995920005,11163.707774682915,1.0,12331.044636600001,0.3534431847050476,IN,1.0,48314.81737351937,35671.86449628503,27605.319528232634,0.9495421393841469
Dennis DJ,5,37381.74648,9221.508279568856,0.0,136776.2652,0.6372206455012928,BR,0.9590616515825146,39909.275433216964,29465.872847920717,22802.700297032046,0.7882422739046063
Timal,2,37292.80384180001,0.0,1.0,11694.0214404,0.7825550429798921,FR,1.0,0.0,0.0,0.0,0.0
Boyzinho o Rei da Bregadeira,1,37232.960960000004,15286.508624886577,1.0,9618.9576,1.0,BR,1.0,66157.66798957628,48845.62327266172,37800.071766305606,1.311891990678297
Liam Gallagher,4,36959.45494063334,27797.52446949094,1.0,8934.598547900001,0.42720635237686566,GB,0.9865236512021797,120303.42833096393,88822.5978519948,68736.97883908989,2.403244257651185
John Lundvik,2,36916.39224580667,5377.479507351377,1.0,79205.512537,0.9830571340817583,SE,0.907921412669439,23272.907672908357,17182.88620495858,13297.288235509564,0.46545410208415966
TOQUEL,12,36894.810333333335,10703.401414521679,0.9967889359254147,14691.2061,0.1859869354089315,GR,0.9008142360755528,46322.68194898823,34201.02824386296,26467.08620919634,0.9269875067758072
Foorin,1,36481.132664079996,14479.242865868931,1.0,13659.5900459,1.0,JP,1.0,62663.94542839603,46266.13307555415,35803.886478078966,1.2682208499822334
ALLMO$T,3,36470.81751022667,9858.453434518,0.7478777153799301,27849.4056308,0.5114922584504296,PH,1.0,42665.876506930574,31501.13046281798,24377.72132760808,0.8637352440477882
Inspector,1,36377.76506884,12608.373916454006,0.0,25000.8373041,1.0,MX,1.0,54567.11116462585,40288.06691681936,31177.65152223655,1.1074915361232238
Mensa,2,36376.98306666667,16669.453373459713,1.0,9270.597,0.7083430549294721,NL,1.0,72142.84104440184,53264.604732282656,41219.78074156469,1.4642392040776637
Bolaget,2,36249.8955,14697.263814011996,1.0,9752.904,0.7074708209985456,SE,1.0,63607.50669905397,46962.78457131868,36343.002877290564,1.2955288263194769
Guru Randhawa,14,36248.742920000004,10098.462280363747,1.0,12891.7728,0.1688475459325501,IN,1.0,43704.59803109693,32268.04081193471,24971.20881517915,0.8901837198368341
Yannc,1,36127.930799999995,9095.919669004481,0.0,45373.7342,1.0,CL,0.9664393635029493,39365.747162316475,29064.574283971488,22492.14812263721,0.8044904216870203
MellemFingaMuzik,2,36112.596000000005,12170.938350802013,0.0,41221.449,0.6166856361599516,DK,1.0,52673.95703575414,38890.310675010456,30095.972495289836,1.0769181665868177
Poju,3,36079.562999999995,10144.560009385617,0.35915770653874063,28097.7345,0.5988397391967669,FI,1.0,43904.1019418027,32415.338822277095,25085.1980528821,0.8984404501317574
Rich Music LTD,1,36034.706066666666,35258.315324416704,1.0,8315.7014,1.0,ES,0.40062465446390366,152592.588428403,112662.37633630697,87185.8239396946,3.126496331838364
De Jeugd Van Tegenwoordig,1,35930.47759782,11470.424156223902,0.0,23909.5815026,1.0,NL,1.0,49642.238894998634,36651.92823692981,28363.759635038707,1.0200790717892818
La Quinta Estacion,1,35816.05039999999,11965.713448331604,0.0,24113.166,1.0,MX,0.9781279322673763,51785.77509087716,38234.546921610374,29588.497817325424,1.067525494704195
T3R Elemento,1,35780.166240000006,11909.858813180696,0.0,33565.6728,1.0,MX,1.0,51544.04478484921,38056.072259176886,29450.381961769766,1.0636080336773996
Yo Gotti,2,35778.38015266666,49.5069801264808,1.0,30589.427745499997,0.6627248095048872,US,0.9499633570645934,214.25862731285181,158.19173363683458,122.41954311708797,0.004421433641261262
1Kilo,1,35758.53632,11885.518865584741,0.0,29128.9332,1.0,BR,1.0,51438.705219651485,37978.2978019792,29390.194787020304,1.0620764077733704
Café Tacvba,1,35730.68738286667,12198.94892227478,0.0,25788.5425504,1.0,MX,1.0,52795.182498884205,38979.8140309032,30165.236291089623,1.0909337851024532
NOTD,4,35666.456626666666,10730.932259665886,0.8825408991277697,133182.1091,0.8953232675604174,DE,0.3027427878449178,46441.83123004497,34288.998710062326,26535.16375049598,0.9613794571458927
A$AP Ferg,3,35648.26728666667,58.846849098955396,1.0,10288.594299999999,0.9967931479230356,US,0.8988829990118282,254.68014969639765,188.0358093797285,145.51492258605748,0.005274753128044979
Madden,2,35613.8445,8793.064760295745,1.0,14517.054,0.975516830067588,NO,0.9478963500445752,38055.03750381755,28096.84926970761,21743.25656310014,0.7889305314877648
Casa Worship,1,35546.74136,11231.862410508886,1.0,9477.4596,1.0,BR,1.0,48609.78019855481,35889.6418676608,27773.85049816477,1.0096464681301747
El Alfa,16,35541.7088286,8681.332193776769,0.7987784502413946,20752.082537899998,0.4124743700622442,CL,0.6996809017785128,37571.47606930191,27739.82550545915,21466.967245722924,0.7804865443930832
Wet Bed Gang,10,35520.13120266,10846.715706220664,0.6641680397214669,21571.2388994,0.26021467253585184,PT,0.9971980237675788,46942.924252907585,34658.966421487145,26821.46997623517,0.9757555855787953
Elastinen,6,35391.44675560001,28762.106629404105,1.0,22665.6224554,0.28116415025618297,FI,1.0,124477.99218005061,91904.76775454168,71122.17193739204,2.596807313055083
Winati,1,35389.839739886665,4934.216783293976,1.0,8859.806767099999,1.0,SE,0.534057878911141,21354.534494967455,15766.510199068465,12201.19996631381,0.44550951106168973
Breno & Caio Cesar,1,35360.193586986665,11688.7501743153,1.0,22930.3968822,1.0,BR,1.0,50587.120461667306,37349.55453551779,28903.63040310088,1.0562598998118395
B Young,2,35356.85393240001,0.0,1.0,21091.9455112,0.7865831308065095,GB,1.0,0.0,0.0,0.0,0.0
Tulus,8,35273.84303248,14225.004359449427,0.3459713494562014,19680.6063316,0.3074864142515482,ID,1.0,61563.64011273458,45453.75409414607,35175.21226448058,1.2885965969824285
Elefante,1,35187.78436662667,11749.373634437896,0.0,21549.8259645,1.0,MX,1.0,50849.48951176162,37543.26722474577,29053.53848215205,1.0669403573006182
Joe Buck,1,35104.12949194667,17392.91596053773,1.0,8811.638452400002,1.0,NL,1.0,75273.87631303517,55576.31513309632,43008.7397761519,1.5831845408913
Scarlet Pleasure,5,35052.9504,7365.545738794654,1.0,32318.397,0.640521558046335,DK,1.0,31876.953822922445,23535.437763009275,18213.32551182924,0.6714253007076195
Sheena Ringo,4,34954.24678824,12806.046050910953,0.34251900662176543,21390.8731184,0.5756059178766691,JP,1.0,55422.605886350815,40919.69699325604,31666.449916430163,1.1706645330152858
Mayday,10,34952.45164666666,12108.89535510139,0.040481845860301464,25767.0002,0.5073165327176891,SG,0.5870259394805298,52405.44445309951,38692.06208410813,29942.554226433982,1.1069913628733425
Clau,1,34874.954243826665,11207.541540614302,0.0,37644.9083444,1.0,BR,1.0,48504.5231987266,35811.928370243855,27713.71049824762,1.0268666768669108
Sheila On 7,4,34857.90351558667,12488.726397689366,0.0,20127.6364043,0.4423747980412538,ID,1.0,54049.29502907473,39905.75217311316,30881.79032155657,1.1448121702232994
Lamix,3,34789.51296929333,2748.970340362505,1.0,24765.0433606,0.5660659346392665,SE,1.0,11897.122590492407,8783.900426711327,6797.580709827993,0.25248701913316124
Diego & Arnaldo,1,34643.52454784,10956.428249961664,0.0,32781.5190772,1.0,BR,1.0,47417.74333823439,35009.53552208176,27092.764235038136,1.0105650616967774
Kube,9,34572.7161,22335.710352092916,1.0,9915.588,0.3157582787828619,FI,1.0,96665.5333827785,71370.23372423055,55231.15022393099,2.064351366487823
Edwin Luna y La Trakalosa de Monterrey,3,34495.38758518667,12080.846774701808,0.0,24970.101649700002,0.996816769137944,MX,0.9041919043838277,52284.05449315578,38602.43727669459,29873.196443171357,1.1190608362165964
Hava,3,34491.01722733333,15589.424587178415,1.0,11425.8479978,0.37482447384427087,DE,0.991432449476061,67468.64187863168,49813.543374004854,38549.11429751838,1.4442468613111468
Rich Brian,6,34424.05049373334,8593.888816812636,1.0,9009.6879084,0.566825145689971,ID,0.9893092976161585,37193.03452695638,27460.414009107015,21250.73958996174,0.7977101362347233
Jebroer,3,34407.367144280004,9857.966775190396,1.0,19980.8349567,0.8863736916139883,NL,1.0,42663.770319899275,31499.575419821464,24376.51792937238,0.9154892697175773
Dj Henrique de ferraz,1,34285.20264,0.0,1.0,17975.425199999998,1.0,BR,1.0,0.0,0.0,0.0,0.0
MK,2,34263.80446666667,2146.006540318603,0.0,75166.213,0.9591170836290502,GB,0.8954310096745195,9287.587616097055,6857.22486287142,5306.587869445976,0.20013028236670066
Merve Özbey,10,34192.37328,8477.134038825125,1.0,15023.535,0.3968739447806392,TR,1.0,36687.73773042565,27087.342561544636,20962.031481702015,0.7922042246008328
Racoon,1,34181.79916666667,11539.347882990282,0.0,26024.8765,1.0,NL,1.0,49940.53022782731,36872.16311690087,28534.192392583413,1.0787074997754296
Lulu Santos,1,34174.154810466665,11658.88595801267,0.0,24846.6254543,1.0,BR,1.0,50457.87270762478,37254.12815041918,28829.78296368976,1.0901258087298533
Josman,1,34171.740633333335,17621.603279560095,1.0,11547.3365,1.0,FR,1.0,76263.60000315738,56307.04933187968,43574.23169345054,1.6477664961835197
Latifah,6,34150.0159,0.0,1.0,14651.679,0.40713354421701425,NL,1.0,0.0,0.0,0.0,0.0
sumika,2,33915.0448,11142.552344345706,1.0,9890.153,0.615719746701593,JP,1.0,48223.259911264904,35604.265660881894,27553.006943023236,1.0498074194164677
Los Fabulosos Cadillacs,1,33814.96144,11991.187863356969,0.0,23328.3792,1.0,MX,0.9690267894822285,51896.02445735009,38315.94639024997,29651.490272947092,1.1331063162155708
Bastille,4,33770.94326666667,2230.4117376106556,1.0,33198.812399999995,0.8399566094117271,GB,0.5692752431108048,9652.88038216081,7126.928336068057,5515.30279535748,0.21103728965434712
Deno,2,33606.55345666667,32882.47881222771,1.0,9659.137516,0.8029038283339003,GB,1.0,142310.33189567045,105070.76610799826,81310.91863139243,3.126496331838365
Panteon Rococo,1,33552.08481906667,11494.73247798515,0.0,21888.376724,1.0,MX,1.0,49747.44158842768,36729.6016387691,28423.86860626564,1.0947040053349155
Lourena,1,33526.177572420005,11435.911012485547,1.0,23318.1354551,1.0,BR,1.0,49492.871295061435,36541.64693867088,28278.416451568628,1.0899437270991346
Bernt Hulsker,1,33210.8751,2608.296675444511,1.0,12991.644,1.0,NO,1.0,11288.30851483289,8334.399954786531,6449.7266144283085,0.25095393992754295
Joey Yung,17,33178.827455453335,9356.765792286351,0.5965394189866166,15175.7058168,0.31727391465178495,HK,1.0,40494.649231710886,29898.066861159306,23137.161475389654,0.9011188506073985
Nelli Matula,4,33125.65538732667,7346.959533612706,1.0,12757.2844235,0.4877078949214979,FI,1.0,31796.515573627792,23476.04848069089,18167.366038218817,0.7086968757657378
Nafe Smallz,3,33034.443,0.0,1.0,18612.3555,0.5011686188779276,GB,1.0,0.0,0.0,0.0,0.0
Paradise Hotel 2019,1,33031.50253277334,5152.17581546558,1.0,11265.1065355,1.0,DK,1.0,22297.82780278419,16462.96385212799,12740.16326135871,0.49840190696120146
4Keus,2,32876.63773333333,14152.390295983632,1.0,9457.084,0.8930361092277492,FR,1.0,61249.377567896634,45221.72732626965,34995.654140542356,1.375497327101054
Şanışer,5,32678.5598256,22844.600246395552,0.9585597917372378,7840.1209188,0.4768395741493497,TR,1.0,98867.93090183752,72996.31098453469,56489.5196134246,2.2337676866454266
IBE,6,32572.53496484,5932.059073006866,1.0,17465.4739288,0.39194464936402296,FI,0.7364626618628354,25673.043091581272,18954.95759179073,14668.637828560255,0.581930685230714
Kubi Producent,12,32570.940801533336,5973.196913652913,0.6754326949607488,20170.969025,0.39154844240310366,PL,1.0,25851.081365071568,19086.407062415845,14770.362386265986,0.585994957244751
LA$$A,2,32546.098433333333,16180.957276423038,1.0,10118.1955,0.6228288433446457,NL,1.0,70028.70475631951,51703.69262922904,40011.84059128832,1.588629516841709
Aldo Trujillo,1,32437.5012,11476.870776657714,1.0,15052.5696,1.0,MX,1.0,49670.13888084763,36672.527394057106,28379.70066650821,1.130559569553314
BEGE,1,32434.64901083333,6384.787832454083,1.0,8214.9593161,1.0,TR,1.0,27632.383820835857,20401.58081827796,15788.133458184597,0.6290057528127938
Reyli Barba,1,32375.29152,13364.17962491275,1.0,13900.608,1.0,MX,0.9511617909087143,57838.122508801316,42703.12465227902,33046.58776675039,1.3190035563355142
Eason Chan,13,32351.403443493335,12222.016684919381,0.1144120805375583,28777.8819465,0.16592692068433285,HK,0.895825369140323,52895.01624246509,39053.523422074904,30222.277640743163,1.2071662823001743
SiR,1,32244.130825573327,84.53582564613446,1.0,9294.990581799999,1.0,US,0.8935169341604292,365.8581055726953,270.1208754647948,209.03794022956566,0.008377365695668175
ZUTOMAYO,2,32189.674022046664,9387.34348878529,1.0,8085.093825100001,0.5127191768920168,JP,1.0,40626.98481876374,29995.77305950609,23212.773189645093,0.9318445734791233
Van Morrison,1,32110.4784,2782.6646366626283,0.0,11736.4975,1.0,CA,0.5184954455108945,12042.946344134682,8891.565227346959,6880.899069141664,0.2769054112674621
Yuzu,3,32107.314553773333,10737.985172267056,0.44122566031344124,14575.7080287,0.7535473678996032,JP,1.0,46472.355155532314,34311.535178025384,26552.604005104,1.0686516656682832
Feride Hilal Akın,1,32016.987599999997,7234.982307779151,1.0,11852.1456,1.0,TR,1.0,31311.895291071603,23118.24294625518,17890.471733798695,0.7220617765506204
Emmanuel,1,31881.281119999996,10589.814641074281,1.0,12842.4684,1.0,MX,1.0,45831.09579088367,33838.0796543115,26186.21185826543,1.0613776631794118
ayaka,4,31846.58861436,10097.119755629918,0.0,21291.3140722,0.36925364582664494,JP,1.0,43698.787789675036,32263.750986246447,24967.889055740805,1.0130991227015864
Slipknot,12,31834.408781673334,2348.966333720926,1.0,20034.7743161,0.7448224573265275,US,0.32889096762646614,10165.96651585995,7505.750818097554,5808.461445979498,0.2357747828638338
Natti Natasha,8,31755.07162550667,3578.777089708287,0.3375606263306285,79764.20334949999,0.49610873274456213,MX,0.32116861155688564,15488.3991053503,11435.41679727543,8849.504759140991,0.3601130846793664
Vassendgutane,2,31641.2031,6346.610423265729,1.0,8085.2355,0.7100375740446893,NO,1.0,27467.157841263685,20279.59093867231,15693.729376612822,0.640923509595383
Orelsan,2,31445.505000000005,7630.6859960313695,0.0,53564.3885,0.9839838459091156,FR,0.9732850866018941,33024.44024636778,24382.6515668413,18868.957284761884,0.7753938620747639
CamelPhat,3,31428.43989098667,0.0,0.9991783584987705,38530.009885700005,0.7690691594371402,GB,0.9753649800579917,0.0,0.0,0.0,0.0
Bombai,1,31310.130753200003,13266.208007152994,1.0,8058.645099000001,1.0,ES,1.0,57414.116352837125,42390.07182576797,32804.326157297546,1.353877189460014
flumpool,1,31293.807999999997,12180.283654007158,0.0,16860.893,1.0,JP,1.0,52714.40207666436,38920.172114985326,30119.081312384755,1.2437020165454242
Virlan Garcia,1,31268.331901733334,11128.656870855159,0.0,24949.3631673,1.0,MX,0.9951870244224356,48163.12243028059,35559.86487061841,27518.646585922834,1.1372485421471166
Ishay Ribo,8,31265.76786666667,14309.806467249979,0.44967361300565145,15626.6005,0.3247443357881965,IL,1.0,61930.65064668682,45724.72583216673,35384.90866013604,1.4624533140257583
Kartky,5,31258.10272,10400.96799668958,0.5943909189380256,14349.2712,0.4986969930570411,PL,1.0,45013.79643844627,33234.65003710616,25719.236901083495,1.0632331186192405
Viktor Sheen,16,31170.62656968,9718.2325459703,0.9093252362182994,17387.381287700002,0.20076366677306334,CZ,0.9161934505783904,42059.02197805277,31053.07676625261,24030.986845568856,0.996228827702112
M. Pokora,2,31037.524284520005,11226.46996659352,1.0,14614.0118654,0.8747130824263988,FR,1.0,48586.442527216015,35872.41116505418,27760.516206339318,1.1557755327458763
La Arrolladora Banda El Limón De Rene Camacho,3,30997.041197546667,11484.883438876659,0.0,33080.943358,0.6378024862945023,MX,0.99765643942916,49704.81645568187,36698.13059029778,28399.514164432927,1.1839236640819233
Timbiriche,1,30840.00816,10264.82379206356,1.0,12580.439999999999,1.0,MX,1.0,44424.58517318131,32799.62273995785,25382.583134568624,1.0635413119799204
Polimá Westcoast,2,30792.031725,7262.3337042325065,1.0,23867.0783032,0.7465595454015421,CL,0.9977561776468962,31430.26794567937,23205.640012513126,17958.10553915058,0.7536248409900314
Petit Biscuit,1,30737.60213064667,2466.320390618416,1.0,56957.104465300006,1.0,SE,0.23118104151207303,10673.856899725257,7880.7371667397265,6098.651435181506,0.2563875065219321
Cupido,3,30710.076736213334,10936.37514437591,1.0,10718.8236206,0.7516173769868442,ES,1.0,47330.95656866803,34945.45899127118,27043.17744914219,1.1379150658410269
Ida Paul & Kalle Lindroth,3,30705.160255986666,5576.063418356733,1.0,20876.148002,0.42868209964034726,FI,1.0,24132.348423883723,17817.42971930873,13788.341246490467,0.5802747671976347
Franco126,8,30482.849522233333,16920.859742389366,0.0,51944.8309152,0.7930878179092323,IT,1.0,73230.889302788,54067.934065777,41841.451720939,1.7737165295633326
Architrackz,4,30432.23213333333,12023.235292351597,1.0,19536.3945,0.633782630669134,NL,1.0,52034.72082153455,38418.34888659113,29730.73630260951,1.2624229704304326
Gustavo Cerati,3,30415.155680000003,12176.318780028418,0.5468867144723423,14669.1684,0.6266162163630216,AR,1.0,52697.24270935932,38907.50298657664,30109.27707751213,1.2792143297218408
Burna Boy,7,30407.4620356,12911.085477666937,1.0,7923.1330736,0.9744491706980738,NL,0.9709631216385127,55877.200437118576,41255.333886807144,31926.188615900348,1.3567503213029364
Leo Ieiri,1,30400.060599999997,12176.944981091763,0.0,14956.557,1.0,JP,1.0,52699.95281165018,38909.503913144224,30110.82553083888,1.2799153404695591
RADWIMPS,8,30384.2006,12714.289913131242,0.4687678459661916,12399.458700000001,0.7005338466912269,JP,0.8936875204076449,55025.49937575406,40626.50475106899,31439.557780483206,1.3370930927525864
ScHoolboy Q,15,30281.140499999998,0.0,1.0,363554.3795,0.31678462918915273,US,0.8807091773735599,0.0,0.0,0.0,0.0
Daniela Darcourt,8,30259.468765933336,8959.104217155611,0.5072142861079935,28764.9060057,0.38147618018378315,PE,1.0,38773.63084188176,28627.402122369516,22153.834513851005,0.9460642664883386
Rombai,5,30257.718399999998,6072.826308555087,0.34853588167440935,44230.68,0.8486352821163953,AR,0.7145527945760725,26282.262126596783,19404.757053881665,15016.723302924527,0.641315937882536
Budi Doremi,1,30248.13642430667,10660.60545612443,1.0,9054.342021,1.0,ID,1.0,46137.46759583426,34064.28051992151,26361.26150203657,1.1261612960905676
HONNE,5,30038.76876,18867.20882418894,0.8306641646786325,9990.2652,0.42632615999022727,ID,0.8736262376698468,81654.39001869906,60287.18506282266,46654.33193967848,2.006979232221456
Benny Jamz,4,29926.04541888,7702.219765045786,0.7310410176070667,41646.1857854,0.38811554109635865,DK,1.0,33334.02744228211,24611.22642446859,19045.844085326476,0.8224015595773189
Yovie Widianto,1,29648.900646906663,9424.005333438268,1.0,16103.6203254,1.0,ID,1.0,40785.651667156344,30112.920192075315,23303.429623561704,1.0156504806264062
No Te Va Gustar,6,29645.358079999998,16066.649678828522,0.0,13647.714,0.6393367856331105,AR,0.8556639155832252,69533.99898171035,51338.440759994824,39729.18380558695,1.7317531001465585
The Beatles,1,29550.51753333334,1039.1470401266324,0.0,8490.1394,1.0,GB,0.5992608319246207,4497.269230014172,3320.43019714082,2569.5751499844005,0.1123645362012809
Ketsumeishi,2,29548.664599999996,9946.991076500573,0.47382900342643575,17490.5465,0.6052921788350066,JP,1.0,43049.0538606742,31784.038510159146,24596.65485278938,1.0756505899816247
Alexander Oscar,3,29521.502399653335,5618.651748051121,0.5211388498617648,37383.4753474,0.88931703268493,DK,0.618131412875907,24316.6641918129,17953.51399853239,13893.652534918625,0.6081504171258986
Vitaa,2,29449.435166666666,20556.591678362052,1.0,26715.318,0.7384597667899743,FR,1.0,88965.78025935298,65685.34107628229,50831.79290840139,2.2304448524917873
Eden Ben Zaken,7,29422.490066666665,8959.387583157088,0.8893763140840532,14451.234,0.2533812683401293,IL,1.0,38774.85720653475,28628.307573659673,22154.53521375932,0.9730076383335502
Israel B,1,29297.674466666667,20726.0841682103,1.0,6930.9205,1.0,ES,1.0,89699.31779531144,66226.92755033134,51250.909427243576,2.260484108582775
Gedz,3,29242.258519413335,9731.959628109324,1.0,8494.5708745,0.611341540134677,PL,1.0,42118.43068705913,31096.939488555596,24064.930809015965,1.0634246827382015
Yung Potato,1,29202.30259578667,7663.890622569293,1.0,9743.9848599,1.0,NO,1.0,33168.14478427891,24488.75170511227,18951.064801717293,0.8385897524616954
Juicy Luicy,1,29179.26544,8850.36112777951,0.0,15624.298200000001,1.0,ID,1.0,38303.00740656097,28279.930760038744,21884.937496005183,0.9691789814993624
Herve Pagez,1,29143.258733333332,0.0,1.0,7884.8396,1.0,FR,0.9003541429048221,0.0,0.0,0.0,0.0
Portion Boys,3,29067.49548542667,12209.606181432602,0.8430860017325277,14664.0375172,0.6313879079441885,FI,1.0,52841.30548421352,39013.86761885556,30191.58927795426,1.3421819447229508
SOMI,2,28838.438980000003,2613.6906593092795,1.0,9971.6374,0.9981857944413423,ID,0.3784420400204284,11311.65285083683,8351.635578058176,6463.0647141996715,0.2896008200669319
Delany,2,28747.403533333338,0.0,1.0,18625.2605,0.7866063403515886,NL,1.0,0.0,0.0,0.0,0.0
Nilo,1,28629.45626502,7185.0795844965805,1.0,7731.4459401,1.0,SE,1.0,31095.923947992702,22958.786677884524,17767.073607535625,0.8019288408888154
Khontkar,8,28530.03192,7424.441752113453,0.8170864044375034,12771.114,0.4196335574171525,TR,1.0,32131.846747832147,23723.630668886308,18358.962006389906,0.8315318656287822
Shirley Chen,2,28529.30631971333,10770.912297063627,1.0,7279.5310693,0.6657925171224051,SG,0.6340260091841078,46614.85870841008,34416.74860332296,26634.025323137485,1.2063647190587838
Leo Santana,2,28459.8808,27846.69450294021,1.0,7295.3304,0.9002559774400347,BR,1.0,120516.22870466582,88979.71292575709,68858.56518942944,3.1264963318383643
Mois,3,28449.291308533335,6892.313034478941,1.0,14566.547031499998,0.4645170911381889,DE,0.9257635265474,29828.87516073802,22023.297420009287,17043.128272927042,0.7741246409678902
Otsochodzi,12,28427.23832,6034.932567313661,0.3402842545276132,28366.0104,0.25421588366899844,PL,1.0,26118.263818451273,19283.673590385162,14923.02066790375,0.67835198668659
Skusta Clee,1,28404.591279999997,15647.836764651569,1.0,7045.8078000000005,1.0,PH,1.0,67721.44083610755,50000.19025887591,38693.55437567441,1.760285503353876
Hailee Steinfeld,5,28371.032112280005,5139.029925025781,0.00482783434847432,186735.5108779,0.8874171234642866,US,0.5141369736561576,22240.934402434574,16420.958236080336,12707.656453280417,0.5787931214872072
Fuerza Regida,1,28332.48615764667,8766.507417127807,1.0,7071.0231423000005,1.0,MX,1.0,37940.10139020888,28011.989475274757,21677.586271583332,0.9886880141548957
DJ Oku Luukkainen,2,28253.226971320008,7688.447315640104,0.6433663647820388,19297.544378,0.7146917771891859,FI,1.0,33274.42239069427,24567.21873823234,19011.78793890956,0.8695367351549134
Mouhous,3,28240.421358066666,9292.686043060068,0.564572495091772,19290.2345155,0.798273287938867,FI,1.0,40217.32189175401,29693.31014614212,22978.706776611874,1.0514471356377424
Gloria Groove,2,28066.116,0.0,1.0,37000.2804,0.71594087703184,BR,0.9966397335734785,0.0,0.0,0.0,0.0
FISHER,2,28061.507546800003,4301.891208880602,0.5136837051456674,53086.6962605,0.5102597413479516,GB,0.46635455286414207,18617.926258260395,13746.013723949101,10637.602111563423,0.4898530024099375
Jireel,5,28060.74954384,0.0,1.0,65975.12987589999,0.5662685841539673,SE,1.0,0.0,0.0,0.0,0.0
Mortel,1,27908.79379288,0.0,1.0,8050.6135941,1.0,DE,0.9273136714909718,0.0,0.0,0.0,0.0
Abel Pintos,3,27803.50664,8835.354414915812,0.6232936004938405,16470.4476,0.4904272546910019,AR,0.9925815495141735,38238.06065177125,28231.97917991744,21847.82929575201,1.015410737410403
Gavin James,2,27783.16638864,0.0,1.0,18103.0262564,0.8585913999050304,FR,0.8585913999050304,0.0,0.0,0.0,0.0
MORTEN,1,27737.853,11641.001790873106,1.0,7147.395,1.0,DK,1.0,50380.47277145079,37196.9821197538,28785.559471069897,1.3410187918925736
JUNG,3,27552.5211,14399.564784587417,1.0,8076.195000000001,0.8533205921848098,SE,1.0,62319.11089640309,46011.53435475605,35606.86063885369,1.6699573221543071
Foster The People,1,27549.397099293335,6759.189810781039,1.0,7392.8085275,1.0,AU,0.7602288709485314,29252.738238225204,21597.92319014729,16713.944707665425,0.783970811132607
Backstreet Boys,7,27539.69882248,9175.665574993216,0.0,30109.803473,0.7645295090764141,PH,0.27870158789727545,39710.87522925398,29319.38972790624,22689.341676993747,1.0646227439485838
BUMP OF CHICKEN,4,27360.8353174,6128.082106921973,1.0,6878.7400778,0.675162172152514,JP,1.0,26521.40075874357,19581.318227979005,15153.358370815205,0.715669605873705
Emil Kruse,1,27293.9121,6709.629860202886,1.0,18653.3145,1.0,DK,1.0,29038.250362910665,21439.562197800667,16591.394180624942,0.7855071167244166
TheOvertunes,4,27261.239122173334,9117.952516110985,0.29194154271341793,17147.024638,0.5543520791901484,ID,1.0,39461.10194996001,29134.976766042273,22546.630360686388,1.068732666019752
Keko Salata,4,27202.8276,8206.450175322238,0.47581864247082906,35039.295,0.49181546032818296,FI,1.0,35516.25942813983,26222.41503969537,20292.691626705142,0.9639591672336066
Birds Of Tokyo,1,27202.535696266663,0.0,1.0,17954.8004428,1.0,AU,1.0,0.0,0.0,0.0,0.0
Kianush,5,27089.410920000006,0.0,1.0,61672.5450138,0.4454780423955652,DE,0.9773327663048899,0.0,0.0,0.0,0.0
Samu,3,26967.3600417,26386.331057016127,1.0,6223.2369327,0.5637119031523002,FI,1.0,114195.99938544311,84313.35224973955,65247.41731940825,3.1264963318383647
Arttu Wiskari,2,26727.48,7084.883239802057,0.025942917177376994,26210.3265,0.9742115955709288,FI,1.0,30662.289514602347,22638.625087926775,17519.310752516623,0.8470168189416576
DJ DYLVN,1,26715.789074173335,7612.308305036677,0.0,30754.5313974,1.0,NL,1.0,32944.90441453876,24323.928558666186,18823.51341948532,0.9104701527300421
Brisia Jodie,3,26559.51116,8970.942803547874,1.0,13851.0822,0.628759014945417,ID,1.0,38824.866430545226,28665.23045486762,22183.108655266828,1.0792830591716214
Seksikäs-Suklaa,2,26515.6749,4735.61662761996,1.0,7845.592500000001,0.8699962431135698,FI,1.0,20495.023439554225,15131.914777446027,11710.106785948503,0.5706780926570353
Kenny Allstar,1,26502.2355,0.0,1.0,6115.9005,1.0,GB,1.0,0.0,0.0,0.0,0.0
88rising,4,26367.810733333336,13544.265634128806,0.5293424484304488,9918.254200000001,0.5613678262047367,ID,0.8083787366530694,58617.50717404053,43278.56104385138,33491.899658400536,1.6413407044499155
Stavangerkameratene,1,26294.31844346667,7988.739460321107,0.0,16828.5554836,1.0,NO,1.0,34574.040799003706,25526.754844923722,19754.342363751875,0.970808766152535
Deejay Telio,6,26241.271679999998,8613.638801150166,0.848097407450034,14542.3662,0.3227421133157821,PT,0.9944950499183551,37278.50943418761,27523.52196385748,21299.576825700886,1.0488638774634829
Lexa,3,26095.283867986665,2810.5870569500044,0.0,104161.723124,0.4588605875893709,BR,1.0,12163.79030243594,8980.786910053346,6949.944887035846,0.34415363923558817
Näääk,1,25969.0314,0.0,1.0,25484.184,1.0,SE,1.0,0.0,0.0,0.0,0.0
Ufuk Beydemir,4,25859.958785093335,6833.837521504458,0.0,16704.9707825,0.9557018224374736,TR,1.0,29575.80209691311,21836.448156549795,16898.531580428637,0.8444115606687338
Mc Leozin,1,25856.357280000004,16361.99856720626,1.0,6258.354,1.0,BR,1.0,70812.22373386691,52282.181472129174,40459.5146777785,2.022024251365433
Alkpote,1,25836.265,0.0,1.0,6362.3035,1.0,FR,1.0,0.0,0.0,0.0,0.0
JENNIE,1,25806.21199788667,6408.247522641916,0.0,40961.1879164,1.0,SG,0.3351221865907848,27733.913766794754,20476.542551995404,15846.143955838172,0.7934733913552394
Hamza,19,25802.24344048,3428.045053864504,1.0,86379.21156509999,0.39125929610886784,FR,0.9497566848311744,14836.053940901744,10953.776390128412,8476.778591760922,0.4245280614996259
Vesala,5,25765.763400000003,18858.011500149954,1.0,15500.1195,0.5687050348224734,FI,1.0,81614.58540895495,60257.79646689478,46631.58904152804,2.338676930755903
Versatile,2,25709.602271426666,4322.152585589352,0.744731080308703,11279.3519057,0.6996098310233786,IE,1.0,18705.6143933475,13810.75575222951,10687.703904750395,0.5371827851097726
Princesa Alba,3,25661.992720000002,9530.196630931649,1.0,14322.0612,0.644044084939394,CL,1.0,41245.23133805072,30452.23770658954,23566.016638340996,1.1866669139398593
Fer Palacio,3,25650.6484,9673.98335171467,1.0,11133.0432,0.7602649022326617,AR,0.943000814009237,41867.518242686776,30911.685456715088,23921.56861544789,1.2051034724219716
AI,2,25556.81812198667,7816.175977347815,0.002617909137227098,19018.6155111,0.9989852235779868,JP,0.9989852235779868,33827.21247516487,24975.355497514247,19327.631974826658,0.9772482387401666
Stefflon Don,1,25509.432062400003,0.0,1.0,7828.465520300001,1.0,GB,1.0,0.0,0.0,0.0,0.0
$hirak,2,25351.332066666666,2491.3058056352843,0.0,32082.715,0.8989852168059966,NL,0.9741896843830081,10781.98994905849,7960.574113106813,6160.434704594051,0.3140100919420252
Emilia,4,25340.4268,12572.43425666774,1.0,13457.6808,0.8205302952348222,AR,0.8412312766401772,54411.56982172384,40173.22741189739,31088.780887841604,1.585341388642175
Mike Perry,1,25334.50454912,0.0,1.0,12131.331096400001,1.0,SE,1.0,0.0,0.0,0.0,0.0
Kahraman Deniz,3,25245.20988166667,9255.17700734583,0.0,12777.3575451,0.6669188769917378,TR,1.0,40054.98853020722,29573.455948380066,22885.955431182032,1.1714482108487683
Lars Winnerbäck,6,25171.1054205,24628.77788813388,1.0,5808.716635500001,0.39581103422203595,SE,1.0,106589.57846394887,78697.36876551004,60901.38661042812,3.126496331838365
JC 陳泳彤,4,25058.017659999998,8481.215359423746,0.01908066072187984,19789.5818,0.8101529765525415,SG,0.4998073784459659,36705.401060866134,27100.383776730338,20972.12366267773,1.0815054943468476
Armin van Buuren,4,24925.156213879996,1257.9996261300998,0.07264641953571126,75953.4375478,0.7992820834921963,DE,0.38370598116588017,5444.429701955161,4019.739060302011,3110.7480011680054,0.16127237180818754
Juno,4,24860.245876093337,6062.789628355871,1.0,20354.381997,0.38892632432499197,FI,1.0,26238.82491195012,19372.6864279494,14991.90486719564,0.7792636695753277
TLC,1,24848.238566666667,5976.0856564711685,1.0,10854.3905,1.0,AU,0.7047432096716992,25863.583401538304,19095.637583713717,14777.505592639916,0.768490592702618
Adamlar,13,24794.79205328667,7684.118564861008,0.6509459845911697,15002.5165879,0.34378244108456896,TR,1.0,33255.68822033003,24553.386898995177,19001.083919167482,0.9902638766329361
Aleman,2,24728.12888,4969.774754591789,0.0,30827.6928,0.9831578703158739,MX,1.0,21508.423948552285,15880.13007872663,12289.126771570924,0.6421889078542617
Kymppilinja,4,24663.284072266666,7956.594042177251,1.0,9281.947505099999,0.7035985156575867,FI,1.0,34434.92035278978,25424.03923973702,19674.854029128663,1.0308456556410428
Little Glee Monster,3,24451.245,6807.646481455809,0.5121855635571931,7807.3099999999995,0.6028148619691034,JP,1.0,29462.45128710038,21752.758825864257,16833.767073518185,0.8896380869712057
Péricles,1,24337.66188984,0.0,1.0,6960.495603700001,1.0,BR,1.0,0.0,0.0,0.0,0.0
Aventura,3,24336.91312,8465.896784057853,0.2903569686573299,26528.7829,0.76385015386439,US,0.25772629772623307,36639.10461293295,27051.435689252852,20934.244297127534,1.1115393129715396
Bruno & Marrone,1,24304.133192646663,2412.6162281708616,1.0,16863.2296409,1.0,BR,1.0,10441.43351018297,7709.134000087503,5965.8532113044075,0.317194361098216
Gryffin,2,24262.811844266667,0.0,1.0,8543.67767,0.8191891480849839,US,0.7266334967901475,0.0,0.0,0.0,0.0
Soda Stereo,4,24242.50737185334,10128.499443049046,0.08649157748843736,13024.235889500002,0.9230510210577524,AR,0.7057143546217556,43834.594270594534,32364.01981987621,25045.483911803374,1.335011239697603
Clara Luciani,2,24224.861266666667,4249.694060863173,1.0,37223.466,0.94466189687978,FR,1.0,18392.024996351713,13579.225983822758,10508.530392868735,0.5605491744346016
Herman Flesvig,2,24117.912000000004,7279.732324188756,1.0,12975.0525,0.879644995656087,NO,1.0,31505.5665080122,23261.23455386337,18001.128383615553,0.9644796180475063
Zac Efron,1,24080.96660666667,8170.05584498263,0.0,82064.3988,1.0,GB,0.7029609165917634,35358.75034072199,26106.122706851285,20202.696695064304,1.084097791141987
RobGz,1,24032.874264186667,44.26937727119639,1.0,7606.0945165,1.0,ES,0.90096638752438,191.5910843660572,141.45580117515138,109.46813814480794,0.005885929399045961
Maka,1,23918.934400746668,11901.464526125763,1.0,6026.678000600001,1.0,ES,1.0,51507.71559617592,38029.2496410638,29429.624792105344,1.589922402223598
Snik,9,23902.18948,6385.122564269512,0.7602337195317612,8550.6849,0.29451078240527845,GR,0.8739155386254497,27633.832488864253,20402.650400911574,15788.961174110851,0.8535891834504683
MATTN,1,23845.600566666664,15609.663081351384,1.0,5733.514499999999,1.0,FR,1.0,67556.23098160869,49878.21228475727,38599.15950737976,2.0917154988531146
Kamelen,4,23725.68107485333,7261.839951648529,1.0,16092.3645051,0.771450645091068,NO,1.0,31428.13106012091,23204.062304136496,17956.88460089927,0.9780145923284076
Regi,3,23703.1795,7816.11004378298,1.0,14083.4645,0.4513392283553525,BE,1.0,33826.9271247949,24975.144817224325,19327.46893606197,1.0536622235520905
CA7RIEL,2,23675.991247653335,5549.011261207104,1.0,6801.5416446,0.8074768102846763,AR,0.998205519301688,24015.27083114987,17730.988824970544,13721.447392126327,0.7489016463768107
Lance & Linton,1,23658.641908719997,0.0,1.0,5966.877737999999,1.0,SE,1.0,0.0,0.0,0.0,0.0
RH,4,23647.942375893334,6511.161721642848,1.0,11953.5344799,0.7003250411396339,DK,1.0,28179.310657346494,20805.388616009226,16100.627448666211,0.8797969939751797
DJ Khaled,15,23638.178200000002,629.8377072795147,1.0,336932.16490000003,0.30820472284330724,US,0.6666525191106798,2725.8411288027673,2012.5468887386594,1557.4459231018611,0.08513967835045169
Plutónio,6,23635.66712,8584.970233103139,1.0,12808.7364,0.4378670795348712,PT,1.0,37154.43626266537,27431.91608386524,21228.68595348101,1.1606152660972677
Yung Hurn,5,23493.782433333334,844.7427442876399,1.0,11104.089,0.6756787972430697,DE,0.729786387699162,3655.91721331331,2699.2419827385293,2088.857380170788,0.11489175871948162
CHUNG HA,2,23412.136019999994,2121.1562221133654,0.9333438848979773,14780.3256,0.6180648347828007,SG,0.6385805871556713,9180.039245072625,6777.819597022638,5245.138663834418,0.28950026564140213
Killa Hakan,3,23226.88220822667,7254.353504416612,1.0,6099.2101583,0.7558893668594314,TR,1.0,31395.730863153483,23180.14054475283,17938.372313392334,0.9979876049202469
SEKAI NO OWARI,6,23181.436814466666,5921.315272929161,0.0,17305.1444372,0.5634514009567934,JP,1.0,25626.54557040564,18920.627476001046,14642.070845611714,0.8161973577148329
Caos,1,23177.95112334,6795.052018993,0.0,15851.9392556,1.0,MX,1.0,29407.9443825764,21712.51521079976,16802.62382186835,0.9367745705933188
ProfJam,12,23155.782140226664,6882.908102985858,0.5592360106128222,21807.5303118,0.345640240684267,PT,1.0,29788.172057730506,21993.245447260688,17019.872008588372,0.9497949719026595
Mostro,11,23144.5702332,13060.08371412806,1.0,21093.9193578,0.3236931701824864,IT,1.0,56522.04198339419,41731.43421194107,32294.62749030194,1.8030766521678128
Mads Hansen,1,22997.8944,4154.16293828036,0.0,17058.861,1.0,NO,1.0,17978.580929717948,13273.971374088145,10272.303574949881,0.5771820299378427
Ofenbach,4,22955.111017800005,0.0,1.0,27308.0295363,0.5460038888151947,FR,0.9625670112213266,0.0,0.0,0.0,0.0
Kizo,10,22884.442880000002,11007.21107619863,1.0,10419.6408,0.1872773963570798,PL,1.0,47637.52363210005,35171.80402040017,27218.338656468022,1.536930752687835
Kelly Yu,2,22865.69228666667,7645.02406989235,0.004338394777482651,19356.8659,0.9988173498686065,SG,0.6868970714933764,33086.493233965,24428.46661666431,18904.412092281065,1.0683458130375052
Movits!,1,22853.48701653333,0.0,1.0,17059.2293356,1.0,SE,1.0,0.0,0.0,0.0,0.0
Simsey,2,22827.741299999998,5646.584675921801,1.0,8294.625,0.963358198833582,DK,1.0,24437.553625325316,18042.769256561187,13962.724335685203,0.7903878451855939
Callejeros,3,22755.41450797333,8342.506812975267,0.0,14183.8632142,0.5488941888135034,AR,0.9256591471747726,36105.09171695777,26657.162530415753,20629.12885993929,1.1714645989452435
EggPlantEgg,7,22710.81163970667,9124.083524269392,0.23215857667874318,11117.4635342,0.539551939302281,TW,0.6790630336655519,39487.63601422142,29154.5674340055,22561.790954519452,1.2837307576904398
MISIA,3,22705.962066666663,8085.937895709046,0.0,20037.808,0.9033562453537831,JP,1.0,34994.700740086184,25837.3370893168,19994.692068409437,1.1379098147638997
Liu,1,22574.9888,9226.106236298543,1.0,5835.2484,1.0,BR,1.0,39929.174685702776,29480.56489224251,22814.070002085402,1.3058949952720469
Delacruz,1,22564.80463302,2449.7794877301167,0.0,19078.982748899998,1.0,BR,1.0,10602.270405491356,7827.883324773734,6057.7495306590245,0.34690676263683984
高爾宣 OSN,12,22543.02232,6525.367837978262,1.0,9176.1672,0.29250650533046085,TW,1.0,28240.792552984167,20850.782016406592,16135.755955127453,0.9249328559599542
Hebe Tien,4,22493.35636738667,8337.495115898864,0.020818621389868015,12891.2610646,0.9624315170119451,SG,0.8496772365334043,36083.4018596214,26641.148444180773,20616.736068765862,1.1844007630096514
NAVID,2,22458.009599999998,6603.022031818461,0.0,21067.515,0.7844002247061412,DK,1.0,28576.868010117283,21098.913724629714,16327.777179341816,0.9394827992517073
Rotlaus,5,22395.262120659998,5478.1978476728145,0.0,22638.9086836,0.458863970369975,NO,1.0,23708.80122342119,17504.71574947468,13546.341867424928,0.7816258481442953
ICEKIID,5,22207.92548762667,5852.366912049366,1.0,20314.4938451,0.653122766083601,DK,1.0,25328.147624907157,18700.313881612386,14471.577173486845,0.842055863886585
LVNDSCAPE,1,22149.554722880002,8171.274771971251,1.0,5739.2865069,1.0,NO,0.7144128522196185,35364.02567003332,26110.017595471312,20205.710825287126,1.1788055300497864
Joker Xue,8,22084.609339000002,7040.602678857755,0.014979072783920584,15229.8488402,0.6089992177675612,SG,0.7991861292721906,30470.65002901202,22497.13355109107,17409.81495968255,1.0186792623658765
Nikke Ankara,4,22016.5569,1778.2068160247725,0.970297971523422,18572.3865,0.3448204677411812,FI,1.0,7695.806742937113,5681.978950708229,4397.102498057755,0.25807754484572604
ItaloBrothers,4,21989.92329872,0.0,0.6935109087670636,12403.7632774,0.5253027224384266,NO,0.8259565314638516,0.0,0.0,0.0,0.0
SHISHAMO,1,21959.909113393333,7277.740635144328,1.0,8166.8527519,1.0,JP,1.0,31496.946782882475,23254.87042617878,17996.203387943682,1.0589693384475645
Darin,2,21935.3901,5002.2753444956925,1.0,26713.1205,0.9073709677609547,SE,1.0,21649.081523744266,15983.980579160774,12369.493365471559,0.7286845825988193
Nik & Jay,7,21924.2634,5150.566235438676,1.0,18333.558,0.5916464496416899,DK,1.0,22290.86178695706,16457.82069344142,12736.18313469777,0.7506669844808296
Alex Rose,11,21906.10552,5768.876468671368,0.5808235767139681,22856.4291,0.45565044103936597,CL,0.5628047121323951,24966.81377367629,18433.533360030764,14265.124226713171,0.8414792553245568
Ronghao Li,4,21771.85703333333,7398.319897184718,0.0,16416.7765,0.8899985511772057,SG,0.5240991433366958,32018.79536062175,23640.162408321245,18294.36857860302,1.0858128625467036
Isac Elliot,1,21712.1658,10634.486020045311,1.0,5483.047500000001,1.0,FI,1.0,46024.42667703453,33980.81998840826,26296.674055516654,1.5650589766778706
Rex Orange County,4,21676.345874993334,10627.372896259081,0.4483163024753277,10552.3608509,0.34393702583535674,ID,0.6857462690998506,45993.642166760415,33958.091125115796,26279.08491229239,1.5665966635221094
LaLa Hsu,6,21657.222693773336,7738.549830845831,0.9420553799177829,14416.7695139,0.8666170684808425,SG,0.6591593240592273,33491.25840261571,24727.313410129333,19135.680105323914,1.1417582835881666
MAN WITH A MISSION,1,21636.448166666665,4849.282102041056,1.0,8751.421,1.0,JP,1.0,20986.950203418808,15495.114843525367,11991.175746553003,0.7161579721480026
Jan-Rapowanie,12,21625.214,6030.798193485856,0.7039988265549649,21370.578,0.37670945540172096,PL,1.0,26100.37088176072,19270.46285198722,14912.797298314612,0.8911108510642818
ClubDub,11,21573.56998628,6355.313380505201,0.9622354431100278,8794.1068382,0.19577905583557845,IS,1.0,27504.822907218582,20307.39986359486,15715.249817696116,0.941309198084027
Mente Fuerte,11,21538.6613,4844.367664622141,1.0,9625.1889,0.6580014237434862,GR,0.8621499781682208,20965.681270983394,15479.41153516033,11979.023456472612,0.7186802986293457
Adouli,1,21535.7415,2430.5387694058763,1.0,5792.175000000001,1.0,SE,1.0,10518.99952356455,7766.402649112373,6010.171594366397,0.3606285230119601
Isaac Kasule,1,21454.6995,7964.231641684606,1.0,5604.651,1.0,DK,1.0,34467.97471365426,25448.443982337067,19693.740081960263,1.1861477706708066
Rizky Febian,6,21414.41276,7352.018380593894,0.0,20477.9094,0.3000265837683606,ID,1.0,31818.40948853042,23492.213226997636,18179.875420422177,1.097028131954137
Steve Aoki,5,21358.947660093338,3390.905270660288,0.9935320604742098,44869.4723426,0.520902908996537,NO,0.49688777655476424,14675.318647662238,10835.102080425799,8384.940324112358,0.5072863257523639
Acda en de Munnik,1,21250.092500000002,7649.972794033689,0.0,6663.902,1.0,NL,1.0,33107.91055408358,24444.279482834067,18916.649165656323,1.1503140272370138
Pancho Barraza,1,21215.978570106665,11320.574739516453,0.0,7774.229947100001,1.0,MX,1.0,48993.71357098688,36173.108099792415,27993.2159847732,1.704993619797503
Jaz,5,21187.70887410667,6988.952936176278,0.4155320447173428,14433.3703686,0.36811175377711564,ID,1.0,30247.11785355469,22332.09495823396,17282.096850336602,1.0540117900867438
Gyllene Tider,2,21178.283100000004,0.0,1.0,8864.136,0.8589085839838198,SE,1.0,0.0,0.0,0.0,0.0
Skinz,5,21067.0239,2539.332606728386,1.0,14296.1085,0.4305821405874192,DK,1.0,10989.842588224645,8114.036168488482,6279.1941003837355,0.3851534135530402
Postgirobygget,2,21058.217630320003,0.0,1.0,8275.896041200001,0.6964745615828483,NO,1.0,0.0,0.0,0.0,0.0
Oskar Linnros,1,21036.10084888,0.0,1.0,8433.2384611,1.0,SE,1.0,0.0,0.0,0.0,0.0
Arvingarna,2,20874.3171,0.0,1.0,33882.282,0.9808093504445775,SE,1.0,0.0,0.0,0.0,0.0
Erin,3,20727.895760000003,20281.300015757966,1.0,4783.360560000001,0.5140554363729587,FI,1.0,87774.36010830494,64805.690060368004,50151.059010396784,3.1264963318383647
Pattesutter,5,20709.740999999998,5207.616406593067,0.6430984578706224,17460.459,0.33120598376022076,DK,1.0,22537.766189695307,16640.115502297354,12877.25527987062,0.8034922069907758
Żabson,6,20675.136771380003,12328.759232852857,1.0,5989.8645379,0.357612555734188,PL,1.0,53356.981640832615,39394.60237028119,30486.22777294241,1.9054095170395198
L'Algérino,1,20662.456966666665,0.0,1.0,5462.023,1.0,FR,1.0,0.0,0.0,0.0,0.0
Luh Kel,1,20614.9615802,5617.465927867901,1.0,12863.3559637,1.0,US,0.5243423651054692,24311.532143684584,17949.724897478645,13890.72027032325,0.8707134780556065
DA PUMP,3,20557.448657373334,6448.646608328488,0.0,21696.6748924,0.9154504332116542,JP,1.0,27908.754821970917,20605.63144785968,15946.04173993777,1.0023438117876102
Mäkki,4,20509.5501,11736.745260006917,0.9279208664845359,17059.977,0.4155705485417712,FI,1.0,50794.83584143349,37502.915249344565,29022.311373889694,1.828558650311133
Amaia,5,20487.98856034667,15114.452578395449,1.0,9821.055945,0.5132643648533866,ES,1.0,65413.035773111376,48295.84535836367,37374.61615281102,2.3572760798899273
6ix9ine,8,20425.854375160005,473.94178214102936,0.0,813167.7772763,0.3195690364776998,US,0.4478151017766763,2051.1474424073704,1514.406089167166,1171.9506276806626,0.07414162763291036
Hellbillies,1,20347.55219796,5904.67313824399,0.0,14474.6055532,1.0,NO,1.0,25554.52096045992,18867.45016382125,14600.918617795622,0.9272589636463916
Lartiste,6,20311.310159920005,0.0,1.0,39660.1474292,0.4672289370275239,FR,0.9706862671180078,0.0,0.0,0.0,0.0
DREAMS COME TRUE,3,20303.243566666668,6951.996392448899,0.0,14216.7725,0.8837238902148853,JP,1.0,30087.17559270529,22214.0061613305,17190.711692390512,1.0941111989515249
Aleyna Tilki,2,20302.77028,3857.2110702008736,1.0,12810.8088,0.892431616027241,TR,1.0,16693.41872693059,12325.108593563507,9538.008897205807,0.6070653621936911
Squeezie,1,20222.4446424,0.0,1.0,10800.1090561,1.0,FR,0.9490799066709992,0.0,0.0,0.0,0.0
Vargas & Lagola,1,20170.920859440004,0.0,0.0,28287.8818961,1.0,SE,1.0,0.0,0.0,0.0,0.0
KEVVO,1,20119.202566666667,19685.721505788497,1.0,4642.8929,1.0,ES,0.5393689998750564,85196.78753819304,62902.61302419633,48678.32831879438,3.126496331838364
Auður,11,20114.039399999998,6855.021825890737,0.5313843324777419,10049.9895,0.30014673149658516,IS,1.0,29667.4845216295,21904.139254415073,16950.91556461826,1.0889975314662592
Sammi Cheng,5,20100.091266666666,4758.220995033873,0.9551195470691214,6473.5291,0.5574417669644831,HK,0.996579361943395,20592.851679552037,15204.143462367532,11766.002264206161,0.7564216132481739
J-Dawg,1,20098.0923,5785.017357967291,0.0,18861.0795,1.0,NO,1.0,25036.66907034997,18485.109021758446,14305.036988268455,0.9197444586200078
Juhn,3,20073.35637926667,8097.675573625245,1.0,5668.2828772,0.4955022333831381,CL,0.6779661584212087,35045.49961232077,25874.84298472166,20023.71668603074,1.2890142782224114
Azzi Memo,2,20048.9621332,0.0,1.0,8033.262906499999,0.7199259539757477,DE,1.0,0.0,0.0,0.0,0.0
Atif Aslam,9,20038.675588013335,6112.414865497144,1.0,8898.092440100001,0.268153512346876,IN,1.0,26453.595337510305,19531.256033194175,15114.616833112186,0.9746779894414436
NIKI,2,19939.47124,6904.55683729697,1.0,7794.0156,0.9881586842089461,ID,0.9813818694435255,29881.86446402774,22062.420557577836,17073.40442273803,1.1064696897939323
Medina,1,19873.120487133336,4941.824470524071,1.0,8436.5459242,1.0,DK,1.0,21387.459400077427,15790.819361712218,12220.012052862145,0.7945817755161216
Denise Rosenthal,4,19837.18409642667,6892.169327692038,1.0,9971.9374751,0.525225790813282,CL,1.0,29828.25321977498,22022.83822767525,17042.77291860831,1.1101796565794984
Albert Dyrlund,1,19823.4933,0.0,1.0,7860.186,1.0,DK,1.0,0.0,0.0,0.0,0.0
Zeynep Bastık,2,19706.7355758,6033.52682953018,1.0,5560.266038000001,0.8392319693175083,TR,1.0,26112.180000632434,19279.181777383452,14919.544596918275,0.9783041794633106
Felp 22,1,19695.8996,4639.06860336203,1.0,5272.328399999999,1.0,AR,0.9595022950391331,20077.178378223023,14823.410819063729,11471.365400626331,0.7526140526764123
Fredo,10,19679.5365,19255.528325155927,1.0,28306.449,0.2217225127743858,GB,1.0,83334.97734241455,61527.99867952922,47614.55806880984,3.1264963318383656
Kristian Kristensen,1,19565.0754,7000.622204546385,1.0,13294.800000000001,1.0,NO,1.0,30297.620659751647,22369.38226174196,17310.95230665265,1.1433322798102765
ORANGE RANGE,2,19532.776612093334,5624.486426630011,0.1363051043194554,10950.3449406,0.9298647711678462,JP,1.0,24341.915787041104,17972.157792139882,13908.080372852548,0.9201025614050578
Antti Tuisku,5,19529.6205,19108.842361063525,1.0,4716.513,0.6694758394602114,FI,1.0,82700.14295679447,61059.28685544533,47251.83691999398,3.1264963318383647
TACONAFIDE,5,19468.501519999998,4850.8345319808695,0.0,19541.3388,0.33014368493524093,PL,1.0,20993.66888242234,15500.07538813749,11995.014553999301,0.7961617062419651
Emir Can İğrek,5,19446.811577960005,12927.636914418386,0.9773279037766258,7687.3361628,0.3458305130930653,TR,1.0,55948.83252029878,41308.22138806865,31967.11656827933,2.1241642221126478
Kraantje Pappie,4,19367.8849,10464.082128379227,0.5521770732951846,25673.7565,0.6402540080178761,NL,1.0,45286.94473360219,33436.32127383805,25875.303846510964,1.7263795941826385
Benal,2,19342.8378,5659.344428877751,1.0,10684.9485,0.9240681880684777,DK,1.0,24492.7758817871,18083.541031283108,13994.276313268234,0.9348959660553586
Judika,2,19314.003195933336,8470.130782327167,1.0,7381.7408691,0.6785328242510739,ID,1.0,36657.4287089475,27064.96476181448,20944.71401538471,1.401313051843812
Wolfine,2,19291.46192618667,2145.468913478356,0.0,22910.1552447,0.944622589731534,MX,0.7977358167456329,9285.260849477407,6855.506961240355,5305.258440101218,0.35536482343697
Mohombi,2,19283.0704222,0.0,1.0,50364.4544731,0.9717215739969806,SE,0.9871817642868581,0.0,0.0,0.0,0.0
Glenn Fredly,4,19256.46944,9273.870807581421,0.6727266864968992,6986.9826,0.5320444336014233,ID,1.0,40135.89243441438,29633.189033693972,22932.180962978084,1.5388692681192742
Eliad,2,19251.144560959998,5923.336050154532,0.8521016750563869,5886.7270689,0.699656354336404,IL,1.0,25635.291184727233,18927.084550372347,14647.067769763406,0.983166714604345
Todiefor,1,19214.597652293334,0.0,1.0,11025.839363000001,1.0,FR,0.8262820958713072,0.0,0.0,0.0,0.0
Wanyai,3,19137.972173493337,6390.032190689368,1.0,5914.2805530000005,0.4601453225818928,TH,1.0,27655.080600032612,20418.338336489185,15801.101567680786,1.066901871911445
Tove Lo,7,19066.668748053333,9944.087169621913,1.0,10342.9728304,0.6161485620139197,SE,0.7820235580844304,43036.48619647661,31774.759534501944,24589.47414913038,1.6665081852720645
Nanpa Básico,1,19017.33044718,7807.616158988167,1.0,4913.0520741,1.0,MX,1.0,33790.16689235817,24948.00395026839,19306.465483756583,1.31185625761516
Smolasty,3,18945.116831680003,5238.576224950464,1.0,7117.274486,0.6047981022043162,PL,1.0,22671.75554162435,16739.042710673337,12953.811894889708,0.8835544726059609
Guzior,4,18940.96971676,5201.185413827088,0.0,16067.6015978,0.32220126651066844,PL,1.0,22509.9338379991,16619.56628091368,12861.35289208229,0.8774400956994185
Don Omar,22,18936.542559999998,6624.203155271023,0.7846011146397994,9017.9784,0.3136406713948217,PY,0.7158195455424909,28668.536668239747,21166.594658323836,16380.153297803186,1.117764480567557
Silent Sanctuary,6,18904.51357756,7144.208490773581,0.2925445883381364,14628.1864853,0.43124184413695127,PH,1.0,30919.040114329397,22828.189554910008,17666.00865452329,1.2075523372369381
Costa Gold,1,18885.7428786,18478.83749398743,1.0,4358.2483566,1.0,BR,1.0,79973.57838599493,59046.205833985434,45693.977648595115,3.1264963318383656
Polycat,10,18873.181684413335,7308.0576442035845,0.315767850637947,11305.1792317,0.23456694298700084,TH,1.0,31628.154154624244,23351.743638996744,18071.17048123495,1.237297665516678
Westlife,12,18872.250799999998,1090.1810404048006,0.636100471562901,47364.1469,0.9065442409562328,GB,0.593145360758097,4718.136566659398,3483.501282426183,2695.7706678998416,0.1845832444334718
Hkeem,3,18812.098428933336,13799.203294037305,1.0,5747.273955600001,0.5077969090295995,NO,1.0,59720.838318917384,44093.174059777826,34122.302720142616,2.3438732380839427
Tiger Hu,1,18808.9772,6319.2005264402615,1.0,12224.9277,1.0,SG,0.830523562114809,27348.532006005553,20192.00694371746,15625.950913097424,1.073530300399187
Eagles,1,18774.531533333335,3055.06457506327,0.0,10098.8757,1.0,NZ,0.6939796278510487,13221.851555737529,9761.976195418009,7554.482388482373,0.5199584436014321
Rita Ora,4,18772.720481146665,2135.9650658948453,0.0,231358.1625449,0.9969662462842054,GB,0.20893044959898063,9244.129652780875,6825.138917752046,5281.757578686213,0.3635668535418984
Callalily,2,18754.90801912,5586.554801214649,0.0,17704.5456028,0.6506899113342998,PH,1.0,24177.75352199328,17850.953275750697,13814.284058854528,0.9518016967906346
Julinho Ksd,4,18745.683493593337,7112.8569882345255,1.0,4649.801920700001,0.6231988973981413,PT,0.9953552634997517,30783.355613253956,22728.010781611734,17588.48349328219,1.2124396952172711
Fonseca,5,18717.88935796,7289.818910193885,0.014452752203689183,16554.263930099998,0.4081506483543896,CO,0.572903960873524,31549.219707343098,23293.464645914068,18026.070225093346,1.2444493180000686
Pasi ja Anssi,3,18685.328054293335,3906.765417301649,0.6330983700477176,11765.7497473,0.6460300976947331,FI,1.0,16907.882351253287,12483.45168088343,9660.545568116535,0.6680884405460092
RAYE,2,18641.482427013332,6285.63764688827,1.0,4929.9723092,0.9544716819643916,GB,0.8694265402264584,27203.27700392091,20084.76206453862,15542.957517621642,1.0774230077021039
Alessia Cara,4,18620.937573333333,4980.268210827864,0.8475298069452455,44398.5202,0.8725999768794096,US,0.6427362527276304,21553.838019924948,15913.660260320943,12315.074710929324,0.8546111170637601
Arctic Monkeys,4,18518.089113853333,12913.02330596167,0.0,37155.5282124,0.9983464438710495,GB,0.8306523407598848,55885.58706117314,41261.52591097527,31930.980426143557,2.228174065762954
Keişan,3,18400.253112800005,5140.541032414857,1.0,7135.021273400001,0.5563867044657437,TR,1.0,22247.474243767625,16425.786741009917,12711.393079422809,0.8926935211333281
Juancho Marqués,2,18397.985547586668,10781.507725630177,1.0,4600.018945,0.7015459667416654,ES,1.0,46660.71410041057,34450.60462138921,26660.225416961286,1.872520474172686
TAY,3,18375.730880000003,5533.928658354691,1.0,6925.1256,0.49767871358174354,PT,1.0,23949.995636112588,17682.794750379777,13684.15153312843,0.9622906901420497
Benjamin,4,18362.4246,5275.665264933454,1.0,17020.89,0.4122834058618557,FI,1.0,22832.271225974408,16857.55487842919,13045.524686051056,0.9180462409321039
Hale,3,18355.525528253336,6409.4314675857,0.0,14170.0849381,0.5396446072697518,PH,1.0,27739.03769917401,20480.3256610178,15849.071583391371,1.11575806584747
13 Block,15,18287.61176666667,8269.144476960699,1.0,57078.2835,0.29537295037963085,FR,1.0,35787.590763136956,26422.744775825526,20447.72042755337,1.4448439256561092
Emil Lange,1,18272.281831786666,5067.189354127124,1.0,4567.1125071999995,1.0,DK,1.0,21930.01941495618,16191.403041502032,12530.011001180213,0.8861182850920833
Rihanna,2,18230.489719433335,1774.9590526001457,0.0,6859.0626284,0.5151768666856864,PH,0.5004312601677892,7681.750920274942,5671.6012357825475,4389.071515081629,0.3111052595442203
Itay Levi,8,18176.78629052,5961.532920225248,0.3834195428188251,13240.4407465,0.49517510018185107,IL,1.0,25800.601388017563,19049.136614153056,14741.519973687244,1.0479925499310085
BLACHA,5,18164.16576,2521.525065765314,1.0,9261.5784,0.3668987566957269,PL,1.0,10912.77427840616,8057.134984664294,6235.160086934145,0.4435730818096374
Canbay & Wolker,3,18134.610878626667,3646.9448168080144,0.8058905944447129,7162.9541226,0.50862385410303,TR,1.0,15783.418587413442,11653.235999748264,9018.068100826526,0.6425964184035893
Chris Hart,1,18010.895933333333,5985.212106805476,0.0,11046.0455,1.0,JP,1.0,25903.08128074386,19124.79971391528,14800.07323617932,1.0618461060851732
Silvestre Dangond,4,17984.783738133334,5120.316453219411,0.4180680153340408,23173.5706281,0.4960684890381319,CO,0.35451728542161154,22159.94536268206,16361.16229336982,12661.382278147586,0.9097224927247286
Lars Vaular,2,17835.37860104,3736.9051773367064,1.0,10988.189951299999,0.7993836546628685,NO,1.0,16172.753249115762,11940.690119435449,9240.519686571306,0.6694946256279176
Ernia,8,17834.407499999998,3927.7851665866287,1.0,51912.6825,0.532099665626025,IT,1.0,16998.852606695127,12550.616968919734,9712.52264483034,0.7037305258904584
Eyal Golan,9,17816.529038706667,4489.089647507455,0.8774131026059152,12364.6984142,0.5587387426421909,IL,1.0,19428.092428623204,14344.176760046927,11100.50142940474,0.80510500832592
Bruno Mars,5,17815.323153333335,3173.8638409477844,0.0,19618.9372,0.40987369591050016,PH,0.3324849523449211,13735.996582745058,10141.580481056963,7848.246052011683,0.5692616627703114
Hjalmer,4,17790.852675613332,2411.282470908016,1.0,15293.6461458,0.47815651572455514,DK,1.0,10435.661213032632,7704.872189467643,5962.555131835017,0.4330805459385898
Dear Jane,8,17721.083950353335,6079.980849688374,0.31326513417873136,10909.8898172,0.31735008650972607,HK,1.0,26313.225884805328,19427.618259763327,15034.414861862517,1.0962996571875032
Seeb,5,17707.0998,0.0,0.8272067682139568,83586.5033,0.6471969775531932,NO,0.5421586585259155,0.0,0.0,0.0,0.0
milet,1,17700.683029813335,12586.150316352232,1.0,4182.727513600001,1.0,JP,1.0,54470.93082723523,40217.0549136883,31122.697595256446,2.2720623179314914
MEGA-Ertsi,3,17665.5726208,0.0,1.0,9338.2604305,0.7003554907656202,FI,1.0,0.0,0.0,0.0,0.0
Pabllo Vittar,5,17630.741439999998,0.0,1.0,20724.3156,0.38182035791811625,BR,1.0,0.0,0.0,0.0,0.0
Akhil,3,17611.11612,5727.464708397078,1.0,7663.2654,0.8232688900478378,IN,1.0,24787.590017989518,18301.208622508773,14162.722327839496,1.039185052089065
Andrés Calamaro,1,17583.63256,6979.601340713514,0.0,9318.0876,1.0,AR,0.6273947456772138,30206.645580717242,22302.213412343957,17258.972473914477,1.268350742444311
Light,11,17543.1529,5235.083208510921,0.5639631254653205,7401.9382,0.24585094482415432,GR,0.9220470389768993,22656.638301477495,16727.881328484775,12945.174456784276,0.9535276482988855
Ersay Üner,2,17530.81148,4134.633824538394,1.0,7009.4796,0.9266992944811481,TR,1.0,17894.061916594947,13211.569176431574,10224.012502142265,0.7536199446046165
Séra Bjössi,7,17509.3308,4759.907883589645,0.7757040092017681,8285.733,0.39383111910557583,IS,1.0,20600.15227485125,15209.533648244515,11770.17355734017,0.8686530525909371
Brädi,2,17433.1872,4493.798776778219,1.0,5498.37,0.8260447187075441,FI,1.0,19448.47281883919,14359.224038660142,11112.146038959461,0.8236717631679044
Jonas Esticado,2,17394.296529133335,14711.68628038577,1.0,6620.662921200001,0.524080869438238,BR,1.0,63669.924924520674,47008.86928408358,36378.66636836976,2.7025450098168347
Męskie Granie Orkiestra 2019,1,17341.354627740002,4426.283863622731,1.0,4353.9688689,1.0,PL,1.0,19156.278615539282,14143.490800011352,10945.196958224404,0.8155931934744473
John Legend,2,17319.609839999997,2556.6364802904436,0.0,10964.990099999999,0.9973298471103956,BE,0.4416601798847042,11064.731102675125,8169.327962704592,6321.98265848627,0.47168083104489805
Maldita Nerea,1,17267.589733333334,11487.60429681844,1.0,4138.379,1.0,ES,1.0,49716.591912117095,36706.82466199616,28406.242229551586,2.1257642339704974
Ysy A,5,17198.46138642667,8829.634875871572,1.0,12127.0452346,0.41832833081432236,AR,0.9646655969685485,38213.30736281381,28213.703296502616,21833.686171795605,1.6404783348101926
Benaia Barabi,4,17161.530203393333,5270.951332187826,0.4011978028644517,7945.7438428000005,0.40023628175248827,IL,1.0,22811.87004705493,16842.492251070922,13033.868198591508,0.9814097024833294
Akhil Sachdeva,2,17152.08508,3669.6549511539297,1.0,4550.3796,0.6349501039429766,IN,1.0,15881.704570493303,11725.802646191401,9074.225116739268,0.6836371549873049
Kool Savas,9,17085.897227100002,16790.881762360776,0.0,79306.6769357,0.8060754158395851,DE,0.9642698956331577,72668.36451313866,53652.60996515914,41520.045630530534,3.1401693017362033
Yo Yo Honey Singh,7,17077.976478246666,4192.495109340518,1.0,5060.6274427,0.2900001154435901,IN,1.0,18144.476694967376,13396.455770805096,10367.090347560164,0.7844287517241306
Ryota Fujimaki,1,17063.26585366,6028.744060216149,1.0,7927.3408433,1.0,JP,1.0,26091.48090758817,19263.899193645993,14907.717892224062,1.1289690589632329
Rake,1,17041.227233333335,5653.0290565135565,1.0,9091.285,1.0,JP,1.0,24465.44391748096,18063.361256627053,13978.659828532875,1.059980071229517
K-Trap,1,17009.226000000002,0.0,1.0,3925.206,1.0,GB,1.0,0.0,0.0,0.0,0.0
Ana Guerra,3,16865.151370080002,0.0,0.0,84621.1414593,0.527986324729371,ES,1.0,0.0,0.0,0.0,0.0
Arnau Griso,1,16793.279443546668,11165.510116307336,1.0,4025.1854741,1.0,ES,1.0,48322.617632016474,35677.62359420303,27609.776310642686,2.124517948631722
GOLEC UORKIESTRA,1,16784.69312,3973.547510864476,1.0,5308.0416000000005,1.0,PL,1.0,17196.90502359755,12696.843310298333,9825.68255206258,0.7564537057379535
Volbeat,4,16777.783552399997,0.0,0.30576452046071956,9898.163617,0.7613156734909527,DK,0.700851926319496,0.0,0.0,0.0,0.0
Ciro y los Persas,2,16723.88600722667,8938.632494584592,0.23378766822757746,8389.9498664,0.892458191721335,AR,0.9693198733366868,38685.03236212011,28561.987967117704,22103.212583012944,1.7078559346060835
La Oreja de Van Gogh,1,16711.76951184,0.0,1.0,10801.8336094,1.0,MX,0.9923914002685175,0.0,0.0,0.0,0.0
Las Chuches,1,16699.485660000002,16339.684582594984,1.0,3853.7274600000005,1.0,ES,1.0,70715.6522261628,52210.880659577386,40404.33725038836,3.126496331838365
Sia,12,16695.979324440003,7462.297073670792,0.9559088782777133,114304.8781794,0.48814463812232795,FR,0.29391319958691503,32295.678781469433,23844.59136835204,18452.569638238187,1.4281636856993298
Nea,1,16636.4697135,16278.026354883812,1.0,3839.1853185,1.0,SE,0.7108433727200918,70448.804860434,52013.861533997806,40251.87042557846,3.126496331838365
Nathan Goshen,3,16553.29434260667,5795.363630080215,0.7179847649912036,7719.156659300001,0.49648395929142064,IL,1.0,25081.446151380907,18518.168899740103,14330.620974643576,1.1186999105112283
Lauwtje,5,16529.84491652,1904.166784840442,1.0,17638.4122924,0.5969295913066204,NL,1.0,8240.94219547059,6084.464131280458,4708.57295725486,0.36808960773731264
No.1,7,16481.210489293335,8346.649911049297,0.6547025344752244,6830.0660974,0.5306801157136339,TR,1.0,36123.02241084975,26670.40114576421,20639.373802612346,1.618230721771927
Bhavi,5,16432.858183733333,3459.7321179073847,1.0,16115.9521726,0.6806424632637967,AR,0.9600502158789833,14973.190700769885,11055.027397198493,8555.133520559668,0.6727391713354964
Dhvani Bhanushali,3,16380.926640000001,4367.746046563395,1.0,6533.8734,0.6253000861632856,IN,1.0,18902.935909177853,13956.44245369182,10800.446201842831,0.8519934653520809
Ceg,4,16348.81766249333,6518.707438772628,0.6798049015220562,7154.634483,0.588666028237686,TR,1.0,28211.967365353878,20829.499762987765,16119.286297199458,1.2740676538814057
Rocazino,1,16231.6323,5450.445282795862,0.0,7470.8730000000005,1.0,DK,1.0,23588.69237332055,17416.036812897702,13477.71606346993,1.0729689097810393
Reto,2,16217.04656,5167.851745724838,0.0,11492.958,0.5424981453860703,PL,1.0,22365.67082796205,16513.053810710528,12778.926284580304,1.0182528458320297
HesaÄijä,3,16205.092800000002,1713.1662702717238,1.0,4782.005999999999,0.8718800227352288,FI,1.0,7414.321222771584,5474.152162181146,4236.271967194586,0.3378044315908605
Aron Can,6,16148.043651480002,3746.34338446526,0.7213637578749288,7735.0727272,0.3754983391799854,IS,1.0,16213.600363976977,11970.848419220145,9263.85823401593,0.7413188047781251
Join The Club,1,16147.98462472,4720.578657510612,1.0,6488.201556800001,1.0,PH,1.0,20429.941408192808,15083.863319734426,11672.921293610018,0.9341019124233885
Armaan Malik,5,16145.402220653334,4664.171660465703,1.0,4494.3612606,0.3805598233933835,IN,1.0,20185.820564489444,14903.62367213352,11533.439572260766,0.9230877910906846
Keyakizaka46,4,16112.314400000003,5379.928592992275,0.0,18721.486,0.5448323386295297,JP,1.0,23283.506940451036,17190.711871205418,13303.34426931424,1.0669300166588989
Sons Of Zion,4,16076.072133333335,6788.942094559767,0.8151759951877465,9533.125,0.5547711794401102,NZ,1.0,29381.50156544828,21692.991912549413,16787.51536330987,1.3493962786823739
Sticky Fingers,5,16071.179458359999,6072.017304509929,0.0,13630.4456246,0.502871941459445,NZ,1.0,26278.76088099943,19402.17200926582,15014.722819248587,1.2072649714065067
CLMD,2,16020.551539893335,0.0,1.0,33060.8679681,0.5660102599168216,NO,1.0,0.0,0.0,0.0,0.0
Massaka,2,16016.494927853331,2705.7339826037633,0.850182632158774,4498.7687371,0.7487912528643326,TR,1.0,11710.002256355114,8645.745476186697,6690.666994845791,0.5398025919610786
Thiago Brava,3,15954.539026746666,0.0,1.0,12653.7257789,0.8371094969090457,BR,0.9772269854163814,0.0,0.0,0.0,0.0
Mena Massoud,1,15940.332497439998,0.0,1.0,9164.7014842,1.0,JP,0.4136748961912249,0.0,0.0,0.0,0.0
Acru,1,15894.663199999997,5105.825481867587,1.0,4138.218,1.0,AR,0.9609457984088803,22097.230658162825,16314.858683770319,12625.549389781521,1.0264362621895833
Lit Killah,4,15894.648564773333,837.4554447052841,0.7650070844901838,35087.6182386,0.45933427360337886,AR,0.8994363942372627,3624.3788968709805,2675.956568206706,2070.8375396725355,0.16835581845686856
Bryce,1,15885.400006666669,15543.138924273044,1.0,3665.8615400000003,1.0,NL,1.0,67268.32461886277,49665.644850628465,38434.660341909075,3.1264963318383643
Guns N' Roses,2,15775.633443353336,2873.2572841156116,0.011307165554218781,12829.779358,0.9880017457428827,MX,0.6491802342342355,12435.017446801898,9181.039720008903,7104.914157168201,0.5819759791564567
Super Yei,1,15742.215839999999,5539.282514371535,0.0,36703.0786,1.0,ES,0.5649369151284219,23973.166304936844,17699.902151452978,13697.390405825216,1.1243590058318613
Faija,2,15725.374096726668,3575.384975539421,1.0,7249.4725768,0.5421818582883697,FI,1.0,15473.718554776362,11424.577832351775,8841.116829485562,0.7265059490527396
Roope Salminen & Koirat,3,15718.322099999998,3400.1487340655035,0.9428956224277909,27542.5155,0.5892260821274657,FI,1.0,14715.322941516524,10864.638107409144,8407.797314459882,0.6912085169325514
Kay Tse,6,15670.810281880002,5103.825201858419,0.66623323857683,10601.6389503,0.3425695102168358,HK,1.0,22088.573752653527,16308.467105015143,12620.603150600642,1.040690737215577
Abraham Mateo,1,15629.020563519998,2990.1670882999556,1.0,4289.03196,1.0,PE,0.21536071407591004,12940.985172968121,9554.606529291455,7394.005610082338,0.6113375109117873
Mc Nando,1,15565.316,15229.951331831558,1.0,3591.996,1.0,BR,1.0,65912.89668776107,48664.903377905015,37660.21839698181,3.126496331838365
EVERGLOW,2,15521.382240000003,8399.127800443908,1.0,7935.277499999999,0.513411345727985,SG,0.5711848766473511,36350.13867843947,26838.08595060843,20769.13973111424,1.7291041181528448
KęKę,12,15518.890289586667,6848.833489373526,1.0,5119.1233222,0.33418620348157396,PL,1.0,29640.70234901182,21884.365402738305,16935.613210745003,1.4101759207243663
Arvey,1,15492.094799999999,5727.102776767072,1.0,3943.9446,1.0,PH,1.0,24786.02363332966,18300.05212716484,14161.827352935517,1.1812509775737263
Jerry Smith,5,15488.1061764,0.0,1.0,54439.0643807,0.6945029852056736,BR,0.9977437442046937,0.0,0.0,0.0,0.0
Kensington,3,15474.519666666669,15141.111263452898,1.0,15260.784,0.680887495688295,NL,1.0,65528.41047889594,48381.02897479397,37440.53703985558,3.1264963318383643
The Blockparty,2,15445.254066666666,0.0,0.0,66671.4265,0.9214222977514962,NL,0.9068561102408691,0.0,0.0,0.0,0.0
Agnes Nunes,1,15400.328319999999,0.0,1.0,5306.8116,1.0,BR,1.0,0.0,0.0,0.0,0.0
Mert Şenel,1,15393.347954573333,5185.633877140636,1.0,5221.2383945,1.0,TR,1.0,22442.629169151758,16569.873802340728,12822.897465977523,1.076430796681748
Ke Personajes,2,15362.153040000001,7196.5074213059925,1.0,3889.9404,0.6130341739940283,AR,1.0,31145.381875373536,22995.302524982875,17795.33205831268,1.4968801876343547
Carlos Vives,4,15309.51032,4391.30879029058,0.0,35405.8364,0.9632388065827475,MX,0.3153623112826675,19004.911855071005,14031.733478713362,10858.71152754635,0.9165370534668651
Loco Escrito,2,15296.712599999997,3621.771433629479,1.0,9620.55,0.7201945834697601,CH,1.0,15674.472040666422,11572.79843081671,8955.820028745487,0.7565546097020031
King Khalil,6,15275.320142506667,0.0,1.0,59973.2930617,0.4600453582266226,DE,0.9659350469950316,0.0,0.0,0.0,0.0
One Acen,1,15259.998,0.0,1.0,12614.598,1.0,GB,1.0,0.0,0.0,0.0,0.0
DJEZJA,7,15250.430251506667,5893.277021520893,1.0,11887.875488000001,0.31683018879209845,NL,1.0,25505.20031275429,18831.035673247417,14572.738603603959,1.234787174046254
Tion Wayne,1,15180.243,0.0,1.0,8009.3295,1.0,GB,1.0,0.0,0.0,0.0,0.0
Idan Amedi,4,15155.243503226668,5837.075955372071,0.6376534850534847,7685.5100301,0.43984815897195767,IL,1.0,25261.970706428037,18651.45404529098,14433.766102694903,1.2306931288382097
Juno Mak,8,15121.236433333335,5445.633142365347,0.6760351958255759,11641.322,0.3187356212636331,HK,1.0,23567.866166582742,17400.660378397715,13465.816730660417,1.1507432249415535
Szpaku,9,15069.272399999998,4326.751461300517,0.0,23511.7044,0.2751552116315311,PL,1.0,18725.517623044387,13825.450733011428,10699.075882236695,0.9174597396627743
Michel Teló,1,15010.970000000001,14687.549070226622,1.0,3464.07,1.0,BR,1.0,63565.462775897424,46931.74264233575,36318.98051735936,3.126496331838365
Vishal-Shekhar,5,14972.3054,4252.1833831803515,1.0,5760.6654,0.4991209869609855,IN,1.0,18402.798402066528,13587.180220011862,10514.685922855851,0.907487514916164
ICON,1,14971.29203908,0.0,1.0,3466.3910706,1.0,ES,0.9834445639770049,0.0,0.0,0.0,0.0
DrefQuila,5,14858.604536706669,3505.2129043726745,0.10722545703024201,29260.4567924,0.4546325447166364,CL,1.0,15170.024578584007,11200.354065068961,8667.597199125037,0.7537958249982107
Majid Jordan,1,14730.715653333335,0.0,1.0,4249.244900000001,1.0,CA,0.9737585376639506,0.0,0.0,0.0,0.0
Darshan Raval,5,14705.228720000003,4893.344068367598,1.0,4953.2735999999995,0.3760903092451829,IN,1.0,21177.64364498424,15635.907895794682,12100.131004432904,1.0632889969626178
Zack Ink,1,14657.121168300002,14341.324137458381,1.0,3382.4125773000005,1.0,NL,1.0,62067.05429598434,45825.43556800041,35462.844716368316,3.126496331838365
FSK SATELLITE,1,14647.648253333333,14332.055322490995,1.0,3380.22652,1.0,IT,1.0,62026.94028445191,45795.81853410531,35439.92503735244,3.1264963318383656
Noriyuki Makihara,2,14632.032566666667,4894.986352031271,0.0,11220.293,0.9815677718933008,JP,1.0,21184.7511971423,15641.155553785862,12104.191999776627,1.0689666990912858
X1,5,14586.939380000002,11035.412947715862,1.0,3404.7141,0.9690495598440996,SG,0.36592514478675314,47759.577012522335,35261.918645362486,27288.07549392743,2.4173623902015886
Hans Philip,11,14516.782756840003,0.0,1.0,30834.2431058,0.337317687459095,DK,1.0,0.0,0.0,0.0,0.0
Bomba Estéreo,1,14489.698079999998,0.0,0.0,24141.0924,1.0,MX,0.8031260921730285,0.0,0.0,0.0,0.0
ALMA,5,14465.41786144,0.0,1.0,7289.0039901,0.45735154813027684,FI,0.9452102204166141,0.0,0.0,0.0,0.0
(G)I-DLE,4,14449.937257600002,0.0,1.0,8805.6144024,0.5850333409325668,SG,0.5262702596353698,0.0,0.0,0.0,0.0
Tony Kakkar,3,14440.392219153335,3723.970588770003,1.0,4648.929575300001,0.5426905269558084,IN,1.0,16116.774330909113,11899.359685140758,9208.535380142233,0.824032997480344
DELLAFUENTE,4,14428.22583332,0.0,1.0,36074.0903587,0.8424880735508373,ES,1.0,0.0,0.0,0.0,0.0
Vishal Mishra,3,14402.694280000002,3724.6801733365555,1.0,4121.2782,0.9357851163748179,IN,1.0,16119.845304230523,11901.6270505195,9210.290021976949,0.8263472666393012
Idan Raichel,10,14375.570568666666,5856.724655692237,0.4069299516558881,8111.4077609000005,0.3270607417232894,IL,1.0,25347.00727194516,18714.23836296531,14482.352886010993,1.301808389000942
Murda,5,14332.709703,14023.902324241917,1.0,14217.144774600001,0.2841949017089951,NL,0.8181195304545421,60693.30130589763,44811.164311733635,34677.93250297778,3.1264963318383643
Ten 2 Five,2,14284.55866396,5447.394354938744,0.0,6990.4650065,0.6612250071493152,ID,1.0,23575.488424846488,17406.288054930938,13470.171810247508,1.2185387357361674
Andrés Cepeda,6,14246.694001799999,4967.039209066116,0.41157532920356804,10533.0720621,0.42954190731112896,CO,0.9728743525520858,21496.584926503576,15871.38907517434,12282.362387385638,1.1140401466592227
Divididos,1,14232.90232,5203.7663272290065,0.0,9564.3204,1.0,AR,1.0,22521.103635900236,16627.81318194406,12867.73490606659,1.1682658117156293
Jason Derulo,4,14199.872721840004,0.0,1.0,26303.7514293,0.812095991600863,DE,0.3383944135392431,0.0,0.0,0.0,0.0
You Salsa,2,14162.436605113333,5647.7047348384895,1.0,4111.4727181,0.6908295501259161,PE,1.0,24442.401068764324,18046.348227877024,13965.493987570551,1.274240353623995
Not3s,1,14137.0513648,0.0,1.0,16240.528557399999,1.0,GB,1.0,0.0,0.0,0.0,0.0
Milly,2,14127.517910653332,2679.967865163161,1.0,4615.1820276,0.5314261671224749,CL,0.797523385424097,11598.49044650727,8563.413918563798,6626.953225253681,0.6061513404351281
Kasmir,5,14119.4898,3838.8296830726717,1.0,6675.1605,0.4111033734694469,FI,1.0,16613.866898801854,12266.3737749777,9492.555892228653,0.868754746009144
Mr. Polska,2,14108.4788,3443.592579474086,1.0,4257.2663999999995,0.6054183501413021,PL,1.0,14903.341250422742,11003.456051938914,8515.224099381536,0.7799179633695813
MEAN,5,14084.93838544,5489.25577281256,0.7246732850984929,5209.542082800001,0.48330701013297894,TH,1.0,23756.658229752764,17540.049602273084,13573.685610468276,1.2453053838279287
Pietro Basile,1,14066.021666666667,13762.96025187163,1.0,3246.005,1.0,DE,1.0,59563.983983544465,43977.36514439229,34032.68188987262,3.1264963318383643
Nenny,2,14051.109526653336,5730.513923891041,1.0,5350.0837828,0.6453196671983901,PT,0.9980068809512326,24800.78655561812,18310.951908889605,14170.262346775871,1.3031676875164797
Mikko Harju,2,14041.139393493333,4708.282576922705,1.0,7435.8770202,0.5017454642222755,FI,1.0,20376.725854722117,15044.573136811334,11642.515872720744,1.0714638403050818
De To Musketerer,1,14030.5815,4632.62581847339,1.0,3519.4049999999997,1.0,DK,1.0,20049.294992026058,14802.823917815069,11455.433853590861,1.0550399438408928
Linkin Park,2,14020.2954814,1449.8373657897234,0.0,26821.1401678,0.9525719897945583,DE,0.8759745244054308,6274.674056615075,4632.726249910354,3585.119259155205,0.3304300009979356
T MULLA,1,13974.666695599999,0.0,1.0,3224.9230835999997,1.0,GB,1.0,0.0,0.0,0.0,0.0
Bilal Sonses,4,13898.12562866,1833.0161743151684,0.9327611367627204,8401.8085908,0.4304625694829867,TR,1.0,7933.013250811284,5857.113596071953,4532.633620806688,0.42143190762311966
Thalía,2,13867.016366666665,0.0,0.4019561881673797,78195.897,0.8882835757993798,ES,0.3999128112821572,0.0,0.0,0.0,0.0
Creep Hyp,1,13848.477066666666,4344.0852339488465,1.0,3462.669,1.0,JP,1.0,18800.535536160794,13880.838065034115,10741.938374004172,1.0023367911295706
Adrian Sellevoll,4,13841.209922886668,8833.365626986973,0.5429726345295748,12096.4497857,0.7413075862060534,NO,1.0,38229.45348222545,28225.624322289383,21842.911473881577,2.0392454474386557
Azad,4,13835.200166666666,0.0,1.0,13663.6545,0.41628101764429126,DE,0.961662123409224,0.0,0.0,0.0,0.0
Majoe,4,13833.5441764,0.0,1.0,12506.2810618,0.6227330505139856,DE,0.9477991868826561,0.0,0.0,0.0,0.0
Red Velvet,8,13828.412086666669,313.1101845801294,0.973378996974284,7562.026800000001,0.5916404184126932,ID,0.3776615285203697,1355.0929217338432,1000.4941281317633,774.2505328274659,0.0723506156644289
Armada,2,13823.70641704,4839.938965986708,1.0,6605.7990758000005,0.9194860886628482,ID,0.9194860886628482,20946.514541605316,15465.260328338498,11968.072288330912,1.1187491879366747
Pritam,5,13823.035434346666,5078.858996021358,1.0,4811.8807400000005,0.3196598209954804,IN,1.0,21980.52383770835,16228.69153854737,12558.867381136784,1.174032405228686
Follow The Flow,11,13816.55912,4825.985689271885,0.33170344368634674,8604.546,0.2462315152943572,HU,1.0,20886.126897119702,15420.67483700388,11933.568996955617,1.1161009556049206
Sal Priadi,1,13792.753198553335,6078.979959852678,1.0,3576.5180773,1.0,ID,1.0,26308.89418689647,19424.420074418882,15031.939888109655,1.4083062166628364
CHANMINA,2,13780.824834226665,5554.365257812612,1.0,3507.6440507,0.9313938371392114,JP,1.0,24038.44210842033,17748.096675272605,13734.686612467018,1.2878834822131
Chayín Rubio,1,13757.314855353336,8100.8231719219775,1.0,3374.2321103000004,1.0,MX,1.0,35059.12193565108,25884.90063780574,20031.49998334392,1.8815372701696391
Pol Granch,2,13749.563495546668,8776.283880103132,1.0,3370.7135966000005,0.7653284601818787,ES,1.0,37982.4124245664,28043.228618178484,21701.76124908515,2.0395722836773236
SL,3,13748.767413333335,13452.541443921751,1.0,10053.5085612,0.5005942013540482,GB,1.0,58220.53892764502,42985.47088508552,33265.08652156114,3.126496331838365
Esko,1,13746.66302048,0.0,0.0,22200.1886262,1.0,NL,1.0,0.0,0.0,0.0,0.0
Zoé,2,13720.790188906669,5366.113016163362,1.0,3967.8595606000003,0.8982920839721013,MX,1.0,23223.715239981004,17146.566378101717,13269.181478552742,1.2496777621426503
Lary Over,4,13684.722560253338,4434.791385278925,0.0,19291.730684,0.9540420783016982,CL,0.8683819326067056,19193.0978662234,14170.675241403414,10966.234131397747,1.0355105979686796
Mora,1,13676.688451833332,3669.9783972665205,1.0,3441.1202046999997,1.0,CL,1.0,15883.104395728378,11726.83616714457,9075.02492567985,0.8574324266026994
Ian,19,13669.504303693335,3726.487478036939,0.894312311543758,4439.4797852,0.20456446895592453,RO,1.0,16127.667042160223,11907.402007162651,9214.759076949178,0.8710924509490381
La Vela Puerca,5,13638.5444,5021.920985257401,0.013106999893625012,8490.6348,0.9689347609203496,AR,0.8970375218587896,21734.104847960996,16046.755120499418,12418.072583192908,1.1765738813373234
Rvssian,3,13601.491306433332,13158.975966668588,0.9887693414867617,57355.7946733,0.5898485700948531,MX,0.3964850525449376,56950.03250568169,42047.42878144764,32539.16562094335,3.0913837191925966
Jesu Brødre,2,13596.4179,0.0,1.0,4142.5470000000005,0.9280888062344252,DK,1.0,0.0,0.0,0.0,0.0
Be Vis,1,13583.023499240002,4589.143360553587,0.0,7765.867175300001,1.0,PL,1.0,19861.109574085316,14663.882593105887,11347.911588678908,1.0795742637069252
Matoma,2,13580.560774733334,10196.964130027927,1.0,4495.8420873000005,0.5349302674116634,NO,1.0,44130.89894953117,32582.78791072769,25214.781567976224,2.399222569022926
juan karlos,3,13564.634540946668,4234.680571699874,0.0,25345.7095881,0.9125494056934723,PH,1.0,18327.048914775205,13531.252751106636,10471.405436362222,0.9975390571902792
Raf Camor,1,13459.8269988,13169.826435042909,1.0,3106.1139227999997,1.0,DE,0.920366642483922,56996.99167090736,42082.09973892718,32565.996370417408,3.1264963318383643
K-Clique,5,13424.382664333334,4547.37802978417,1.0,4155.0035164,0.47376622831490606,MY,1.0,19680.35561944982,14530.428076925537,11244.6353900931,1.0823907840120506
Hivi!,5,13392.15280104,5382.894646162647,0.0,13541.2409183,0.4509480135493086,ID,1.0,23296.34356428059,17200.18942551961,13310.678646669721,1.2843483554178001
Tuure Boelius,3,13371.954382886666,7009.0758701495115,1.0,10255.6613617,0.542442898746205,FI,1.0,30334.206829686882,22396.394614624893,17331.856306011032,1.674878179609081
South Border,2,13344.842873180001,4936.731621298613,0.0,8422.579508,0.5547243937990973,PH,1.0,21365.418328669515,15774.54596660575,12207.418590813926,1.1820705658744683
Glades,3,13330.7414812,0.0,1.0,7194.218463200001,0.4543488741299751,NL,1.0,0.0,0.0,0.0,0.0
costee,10,13324.0185,11733.592085205308,0.809042812421793,20496.0195,0.3193688413499021,FI,1.0,50781.18938384418,37492.83977742016,29014.51428714364,2.8139288291606737
Nashley,3,13287.653166666667,12947.954250777937,1.0,27193.7715,0.6892098986710983,IT,1.0,56036.76284018356,41373.1422265724,32017.35673700176,3.1136530813703684
Gulddreng,1,13277.823,12991.743828565617,1.0,3064.113,1.0,DK,1.0,56226.277425872846,41513.06490429907,32125.638439750794,3.1264963318383647
PRO8L3M,15,13234.07772856,4087.452958603192,1.0,31302.0820961,0.2177931527101002,PL,0.9977021178885426,17689.870355225583,13060.810173201959,10107.344912301402,0.9869074703268428
Hanin Dhiya,3,13229.757319999999,4098.565091365167,0.0,12771.18,0.616254175416837,ID,1.0,17737.961963843525,13096.31723789321,10134.822698510578,0.9899136409777478
Luis Alberto Spinetta,1,13180.761359999999,5133.316921905092,0.0,7918.5396,1.0,AR,0.9964796538998175,22216.209399953197,16402.703237176636,12693.529491181851,1.2444427745239626
Shreya Ghoshal,4,13172.355405560003,3014.945691692612,1.0,4551.4335536,0.4642956378938095,IN,1.0,13048.223173267806,9633.782641786494,7455.277481213617,0.7313637041496853
Hanan Ben Ari,4,13132.642535826668,6097.305755224354,1.0,4610.2556872000005,0.732025069882766,IL,1.0,26388.205422417603,19482.97725832937,15077.25542727052,1.483553458885262
Melike Şahin,1,13125.788477533335,3094.670472364996,1.0,3265.6904078000002,1.0,TR,1.0,13393.259813071783,9888.530583110325,7652.418797450008,0.7533665958457246
John Roa,2,13089.135320906666,3149.653235494522,0.4010887866999055,7630.8726119,0.8122152661590285,PH,1.0,13631.216790530376,10064.219316242137,7788.378711070983,0.7688987140477515
Banda Neira,2,13078.294296253334,4753.643293477151,0.0,8673.9432293,0.5310364830081699,ID,1.0,20573.040088352467,15189.516140250938,11754.68264560554,1.1614294491447885
Dolu Kadehi Ters Tut,6,13070.393684400002,5390.794891561081,0.37176244063299796,7805.454732900001,0.6306282225880232,TR,1.0,23330.534616333825,17225.433411570502,13330.214163271992,1.31789706014209
Irmak Arıcı,2,13042.550762886665,3926.9341649540875,1.0,4686.0380641,0.6478826109755671,TR,1.0,16995.169601972088,12547.897727648391,9710.41831063784,0.962073903776105
Yalın,5,13026.968239999998,3153.002477846215,1.0,8669.493,0.5993174687377911,TR,1.0,13645.711798445995,10074.921291047116,7796.6606284376885,0.7733895642818515
Melek Mosso,2,13024.588305560002,4382.275726950451,1.0,7533.2263548,0.6340615849750093,TR,1.0,18965.818140472747,14002.869751897959,10836.3748088812,1.0751103546144596
Cardenales De Nuevo León,1,12960.07128,10882.010881276532,0.0,4085.4456,1.0,MX,1.0,47095.67636460814,34771.746577272024,26908.74694593799,2.6829903806880933
Męskie Granie Orkiestra 2018,1,12950.497040000002,3960.298040745035,0.0,10607.5476,1.0,PL,1.0,17139.563346259092,12654.506721748414,9792.919614908637,0.9771444819965313
Tuğçe Kandemir,2,12933.62252,3308.231650999161,0.6669953314827375,8022.6762,0.6258963062724631,TR,1.0,14317.519884370211,10570.931589985592,8180.507197290763,0.8173217962437944
Ali471,1,12912.839333333333,12634.623967957148,1.0,2979.886,1.0,DE,1.0,54680.717366975216,40371.94480928482,31242.561951101423,3.1264963318383643
iKON,4,12862.33104,1234.2417957460984,0.0,19682.0491,0.7263025728352644,SG,0.475340141286407,5341.609450891516,3943.824666689366,3052.0002703706054,0.306618190312832
Billy Crawford,1,12861.58224,2081.6016144072582,1.0,7879.6242,1.0,PH,1.0,9008.852961252504,6651.429097130137,5147.329082414056,0.517154808250881
Intoxicados,2,12861.440521453336,4420.968768387828,0.0,10979.8284184,0.8837035356162629,AR,0.954283112379169,19133.275697442525,14126.507252893229,10932.053932157813,1.098361200623656
Rilès,4,12852.106884933335,11895.652925801629,0.9231303878465119,5923.696835600001,0.5138409609700587,FR,0.8283223586007514,51482.563880099544,38010.67959037336,29415.25402146569,2.9575446213362646
L.O.C.,1,12783.965956666667,12508.52725044739,1.0,2950.14599,1.0,DK,1.0,54134.99008703867,39969.02266986487,30930.753343372347,3.126496331838365
AnnenMayKantereit,1,12768.143006666667,12493.04521600453,1.0,2946.49454,1.0,DE,0.8589596911318221,54067.986213256365,39919.552274731,30892.469780566134,3.1264963318383647
Simge,4,12757.697577820001,3622.755226719628,0.8401264218208677,8173.7229166,0.3945599658694454,TR,1.0,15678.729746479152,11575.941986211788,8958.252726120889,0.90736921106652
Los Piojos,1,12715.475759999998,4559.179116304019,1.0,5909.0028,1.0,AR,0.9717550311534798,19731.428914409098,14568.136584505753,11273.816802822259,1.145701258802585
Mozzik,1,12702.579499999998,0.0,1.0,2931.3644999999997,1.0,DE,0.8613382948452846,0.0,0.0,0.0,0.0
Karen Mok,2,12671.079806666665,5486.078036084519,0.007075008710215311,7430.8303,0.9972159235018461,HK,0.3755273485386956,23742.905471907867,17529.89564659318,13565.827787644113,1.3834571255221781
FUNKY MONKEY BABYS,1,12652.7191401,4186.076722900626,1.0,4085.2528971,1.0,JP,1.0,18116.698901519638,13375.946830944824,10351.21913235954,1.057159862859258
Lucas & Steve,2,12613.4554,8289.589127324849,1.0,9741.8125,0.6889258544033772,NL,1.0,35876.072078533754,26488.072426117287,20498.275414958654,2.0999854192307437
Ronnie Flex,3,12611.386702200001,0.0,1.0,25327.7290436,0.6354832877591564,NL,1.0,0.0,0.0,0.0,0.0
DJ Alex,9,12600.940560000001,7905.495171423405,1.0,16845.0396,0.42491112932735403,AR,0.9185760774346888,34213.772266661625,25260.760871095186,19548.498101227113,2.0046726473166685
Dewa 19,1,12472.893214426667,4647.22581974624,0.0,7898.5482722,1.0,ID,1.0,20112.48156134406,14849.47591530212,11491.536348244443,1.1905398098114557
Fy,8,12443.166828906667,3011.976810938003,0.5330810096609602,4212.9079636999995,0.44044778005792073,GR,0.9098095422511213,13035.374312086758,9624.296052373593,7447.936111883074,0.7734603404991269
Ai Otsuka,1,12432.231933333333,3375.517555781906,0.0,8075.963,1.0,JP,1.0,14608.722974508664,10785.933068559156,8346.889992215425,0.8675781731227105
Vilma Alina,2,12406.45758768,3902.4145230213226,0.0,16737.835357,0.7937948456544852,FI,1.0,16889.052347207304,12469.549085586425,9649.78679251383,1.0050853756973366
Adi L Hasla,4,12396.637499999999,755.8377024091266,0.9267214597506784,29058.3,0.36001347291479546,FI,1.0,3271.149809092407,2415.1599670735363,1869.0153583030155,0.19482379532946226
Virgoun,2,12340.373239999999,5820.014672769071,0.8746702640251747,4407.3498,0.6207795895846524,ID,0.7627169960505517,25188.132088492217,18596.93741215882,14391.57741706078,1.506999589921546
Pamungkas,3,12338.091480000001,5911.671141113716,1.0,3106.0908,0.45770142971995537,ID,1.0,25584.807245039752,18889.811176412386,14618.223093080827,1.531015652382923
3 Composers,1,12333.083879826667,3556.338036794196,1.0,7995.8364462,1.0,ID,1.0,15391.286321187526,11363.716348720902,8794.018066179611,0.9214010428736832
Lost Frequencies,6,12324.410479420001,3367.882627245003,1.0,69019.7398195,0.9046389512723074,DE,0.44514995764471965,14575.680173195205,10761.536860623217,8328.010544088485,0.873188772687622
VilleGalle,1,12299.917630000002,12034.90805393459,1.0,2838.4425300000003,1.0,FI,1.0,52085.23874582185,38455.64735210904,29759.600396849433,3.1264963318383647
Efecto Pasillo,2,12265.99643464,0.0,1.0,37558.1535481,0.565295499034831,ES,1.0,0.0,0.0,0.0,0.0
Piruka,4,12265.717228440002,3491.051952267283,0.8194647045855384,4870.8081541,0.3861358287981108,PT,0.9970177488949605,15108.738146816353,11155.104979833364,8632.580373570012,0.909453949742824
HAYES,1,12239.347488593332,6832.527544087502,1.0,3029.3908889000004,1.0,NO,1.0,29570.132715293574,21832.26233067062,16895.2923031294,1.7837766556605708
Lipta,6,12228.402958893334,4396.976806107807,0.4646440064168614,6451.7573951,0.2730303883617584,TH,1.0,19029.44215939342,14049.844727796166,10872.72724623799,1.1489517294307148
Alesso,2,12218.775542133331,374.7672697212928,0.898133303337855,42646.1094808,0.8085079812924871,NL,0.3792588179229285,1621.9353425946363,1197.5096028093922,926.7145323206455,0.09800569612561305
Jukka Poika,2,12184.844100000002,1647.5890813141984,1.0,6026.769,0.8197534201161517,FI,1.0,7130.513193011364,5264.610615075702,4074.1144392950173,0.4320622054635645
Reneé Dominique,1,12181.164067453332,4475.6622485358,1.0,3060.6317400999997,1.0,PH,1.0,19369.980702464618,14301.271627959839,11067.29851451958,1.1740480260151154
Ink Waruntorn,5,12110.5764,5040.306984313558,0.9194989430891167,5236.3584,0.5535160847660847,TH,1.0,21813.676635807544,16105.504675772392,12463.536992422789,1.3298710270943332
mor ve ötesi,4,12100.730200000002,4050.807589736366,0.0,10691.4738,0.512834049128007,TR,1.0,17531.27481151195,12943.715686404455,10016.72921927038,1.0696640179949184
Noa Kirel,2,12024.4215,5201.400747647395,1.0,4780.2965,0.5824678448292904,IL,1.0,22510.865769792053,16620.25434611697,12861.885363823292,1.3822082289877289
Emicida,1,11999.41704,0.0,1.0,2885.406,1.0,BR,1.0,0.0,0.0,0.0,0.0
Whal & Dolph,6,11983.21124,3645.7056233760995,1.0,5306.9682,0.3171615386728716,TH,1.0,15778.055548039623,11649.276352910481,9015.003856281995,0.9721331051918001
Hande Ünsal,2,11972.067901560004,3020.427626556181,0.5789043711913998,7169.8806803,0.6742246954516588,TR,1.0,13071.948147723653,9651.299298579874,7468.833063874511,0.8061513999032928
Don Joe,2,11955.276666666668,11697.692600131904,1.0,6090.951961,0.5470478149121623,IT,1.0,50625.82191094613,37378.12864444613,28925.742995709646,3.1264963318383647
Mikael Gabriel,1,11941.57752372,3731.8299809062837,1.0,18653.8050493,1.0,FI,1.0,16150.78857630099,11924.473131046641,9227.969875884924,0.9985676605423879
IV Of Spades,6,11922.420240466667,4195.50337429341,0.0,15168.8328943,0.7608402712668019,PH,1.0,18157.496004926365,13406.068206201502,10374.529105088242,1.1244418445089772
NCT DREAM,6,11918.022183253333,2472.5909746611565,1.0,3251.4491018,0.9084731206048247,ID,0.4774767850250345,10700.995027036093,7900.773827390454,6114.1571685473555,0.6629265918377183
Rauf & Faik,2,11887.598138433334,3424.788137588197,0.0,7857.628984600001,0.9843578584658439,TR,0.9159018961323943,14821.958506099387,10943.3694287112,8468.72497585671,0.9205702700641112
Lo & Leduc,3,11862.891599866669,4667.170369891421,0.12156915210702443,9202.3875684,0.9234430709026864,CH,1.0,20198.79851959038,14913.205574352469,11540.854701135511,1.2571307297893612
J SOUL BROTHERS III,4,11854.2697,6048.010307720673,1.0,5824.3465,0.42577394734327706,JP,1.0,26174.862275897103,19325.461443769724,14955.358956394386,1.630253227979934
Gabrielle,1,11833.395889813333,6836.602228883567,1.0,2911.9905736,1.0,NO,1.0,29587.767326996953,21845.282342197606,16905.368075269125,1.8460704387489402
Charmaine Fong,3,11785.261366666666,4415.573788086393,0.0,6624.0335000000005,0.432617679243319,HK,1.0,19109.927049013306,14109.268445665635,10918.713368424373,1.1971960575751142
Miky Woodz,8,11761.483961586664,1172.0816048372142,0.25812075797424416,22475.8010707,0.4391746152428719,CL,0.6329187661455378,5072.58966532559,3745.20159701412,2898.292204322233,0.31842934184547234
Ison & Fille,2,11714.742,0.0,1.0,5180.3145,0.652325741998869,SE,1.0,0.0,0.0,0.0,0.0
Crystal Kay,1,11698.498933333334,4882.34878199907,1.0,5275.648,1.0,JP,1.0,21130.057729660504,15600.774195293718,12072.942152876256,1.3335705960395794
Leo Ku,4,11669.995995926667,3919.1730381379166,0.3326976486414553,10017.4718692,0.2782748973192395,HK,1.0,16961.58063383496,12523.09827304848,9691.226802763958,1.0731021910735514
Seiler und Speer,3,11635.247847253333,2174.556116655872,0.8368880974264752,8347.6680657,0.5587132909804915,AT,1.0,9411.14580972468,6948.450523654028,5377.184502132231,0.5971897302810193
Arttu Lindeman,4,11632.83337753333,719.5488980168568,1.0,7580.8317292,0.3873423284795525,FI,1.0,3114.097421811902,2299.2048257226597,1779.2813684167932,0.19764787744343948
TAEYEON,4,11614.753021733335,5409.738369173538,1.0,4598.5168185,0.6422910156852348,SG,0.3629193962901236,23412.519085986532,17285.96430149691,13377.057090641849,1.4882765280632053
Jasmine Sokko,1,11547.5234888,3054.1934153190205,1.0,5987.6119522,1.0,SG,0.9961482981889757,13218.081309794508,9759.19254208538,7552.328207847631,0.84513294573948
Los Abuelos De La Nada,1,11542.7104,4364.403515444329,0.0,7694.106,1.0,AR,1.0,18888.469946449128,13945.761923570426,10792.180879833586,1.2081878034097109
Kaija Koo,4,11534.4021,3249.241590997608,1.0,16328.628,0.39279013521527956,FI,1.0,14062.21993982209,10382.438172791779,8034.6381465954855,0.9001279895376441
Pappo,1,11530.363469213333,4629.931143994862,0.0,5979.8609607,1.0,AR,0.9907305523382083,20037.63285360943,14794.213511236923,11448.770534243411,1.2830656683753499
Romeo Santos,21,11509.738239999999,3338.284702527054,0.9422034188676736,9886.4208,0.3302902502389945,DO,0.6642387303603343,14447.584888344963,10666.9613682134,8254.821583422165,0.9267770600674756
Daria Zawiałow,2,11480.6155126,4851.435287645556,1.0,4086.9225714000004,0.8056304027732332,PL,1.0,20996.268860925113,15501.995007953647,11996.500086621329,1.3502756007236871
iLLEOo,17,11445.623663933335,2607.923831979302,0.8579232039563235,4147.2059129,0.20055816913088392,GR,1.0,11286.694905421567,8333.208592397108,6448.804657028595,0.7280694208613677
Lil Dicky,2,11444.477398813333,395.78945516138293,1.0,178944.1285936,0.9493346250214759,US,0.36321185023739616,1712.9161413426634,1264.6826751944736,978.6976330939843,0.11050593496961315
Garry Sandhu,3,11432.794435573334,2758.8675767029495,1.0,3707.6554389000003,0.8396631055132862,IN,1.0,11939.956313476052,8815.525481822919,6822.054332493395,0.7710735578690422
MEYOU,3,11354.611319999998,4819.6757851133825,0.784373691798021,3696.1662,0.6202157792579782,TH,1.0,20858.81859837026,15400.51253513522,11917.966033853787,1.3563222994704167
Pizzera & Jaus,5,11337.87711784,4540.407649456077,1.0,2916.5207236,0.5456724544153347,AT,1.0,19650.188880999394,14508.155327802238,11227.39921909383,1.2796183251072502
KUMMER,1,11322.447326666666,11078.497972181203,1.0,2612.87246,1.0,DE,1.0,47946.04239934456,35399.590034256435,27394.614995968564,3.126496331838365
Yoga Lin,7,11259.698233333333,4141.193302904837,0.2840612149383625,8739.2391,0.507622419896945,TW,0.5721165816369528,17922.45033429063,13232.52895325274,10240.232605704527,1.1752116867643059
Felix Cartal,1,11224.660681866666,0.0,1.0,8102.4106654,1.0,CA,1.0,0.0,0.0,0.0,0.0
Filipek,1,11212.70072,3359.8204128793063,1.0,5852.3316,1.0,PL,1.0,14540.78814425943,10735.775328326094,8308.074514933827,0.9574656094384808
Birnir,8,11180.7423,3250.2880904355457,0.6429630079212183,5553.567,0.28974107992214737,IS,1.0,14066.749029103708,10385.782096414556,8037.225902559136,0.9288991569383149
Young Cister,1,11165.97664,5038.545845909301,1.0,2851.3596,1.0,CL,1.0,21806.054698536474,16099.877236234934,12459.182096239174,1.4418691490505333
Aste,3,11117.60134914,4383.536421622803,1.0,9541.1166745,0.4788494934781232,FI,1.0,18971.27423392197,14006.898102552685,10839.492221120952,1.2598849034676158
Matt Simons,2,11112.703333333335,0.0,1.0,54419.2195,0.6512197404815775,DE,0.6034076251314116,0.0,0.0,0.0,0.0
Charli XCX,3,11085.404633333332,0.0,1.0,78094.00660000001,0.889252553729264,GB,0.42989995598458636,0.0,0.0,0.0,0.0
070 Shake,1,11081.525266240002,3589.4311841741733,0.0,8343.6149424,1.0,IE,1.0,15534.508394377632,11469.460272954684,8875.849920439618,1.0350073656283156
SEVENTEEN,5,11076.000086666667,5681.349827645998,1.0,4590.7818,0.48516167769071483,JP,0.6292599225691798,24588.011877226752,18153.855806525415,14048.690677796949,1.63902633301521
Mani,2,11061.884319200002,0.0,1.0,3162.6104970000006,0.8071631133905011,NL,1.0,0.0,0.0,0.0,0.0
Jeppe Loftager,1,11046.14143464,0.0,1.0,3652.5059843999998,1.0,DK,1.0,0.0,0.0,0.0,0.0
Season Five,4,11044.28988,3458.6273983000383,0.7292744547194011,4989.6546,0.4498704980501056,TH,1.0,14968.409643512283,11051.49744022228,8552.401799310293,1.0006526051290388
Burhan G,2,10990.25221138,1307.582598616245,1.0,2739.0881755,0.8874098369455724,DK,1.0,5659.017212561366,4178.1736155185035,3233.3554561699775,0.38017085824401364
Anonimus,1,10980.609120000001,2357.4681053522745,1.0,3090.8256,1.0,CL,1.0,10202.76088131723,7532.916886193639,5829.484400644406,0.686019946969357
Navv Inder,1,10929.317880000002,2962.184566207832,1.0,2787.345,1.0,IN,1.0,12819.881103261332,9465.192800763178,7324.811174044636,0.8660369205734161
XO Cupid,1,10925.0154,0.0,0.0,45629.275499999996,1.0,SE,0.5240764670918345,0.0,0.0,0.0,0.0
Supper Moment,4,10911.365746666666,4598.395939783823,0.007981739593561493,8227.3341,0.3646888486028542,HK,0.9969464470878847,19901.15331983408,14693.447748267925,11370.79112039598,1.3466185708930758
Lasso,1,10910.774214946667,3414.474100125053,1.0,8178.4062117,1.0,CL,0.9478623173314639,14777.32093169552,10910.412551460322,8443.22069846583,0.9999668526284918
Bembe Orquesta,2,10883.26553704,5266.80599702743,1.0,2686.7872796,0.6460278220307828,PE,1.0,22793.929671395803,16829.246487466407,13023.61772411081,1.5463416223917272
Eminem,13,10882.841230906666,1218.1551653329989,0.07789177068508774,224088.0303119,0.649930607909698,US,0.4228149967600858,5271.988978352204,3892.422380649663,3012.221678736984,0.3576660081739867
Frsh,3,10861.682798806669,8361.012296573745,1.0,3203.3679929,0.6155868855750157,NL,1.0,36185.18061560278,26716.29387966695,20674.888727366037,2.4596827558435206
The 1975,8,10799.726253333334,327.81911133954225,1.0,37898.5099,0.436155947651124,GB,0.9647247766857453,1418.750903874252,1047.4941798025407,810.6223755258025,0.09699266029814707
Plumbo,2,10790.180699999999,0.0,1.0,3519.8415,0.8690965203972963,NO,1.0,0.0,0.0,0.0,0.0
Almighty,1,10765.094077053334,2562.51073051949,1.0,3823.3860865,1.0,CL,0.9834022458458825,11090.153957944265,8188.098201268435,6336.5083481437305,0.7606155731348438
Gil Vain,2,10759.882466666668,3591.5028647862678,0.0,7548.8805,0.7171344148314441,IL,1.0,15543.474310760412,11476.080001056293,8880.972717131503,1.0665618362104188
Ilkay Sencan,1,10735.69368352,4813.908338953867,1.0,2743.7174739,1.0,NO,1.0,20833.85797475554,15382.08357210213,11903.704446457496,1.4327982918993531
Ziynet Sali,1,10727.344645160001,2439.5736930769044,1.0,6893.1089738,1.0,TR,1.0,10558.101289389999,7795.27232032126,6032.512913208291,0.7266730563968928
Niro,2,10705.603718333334,6397.402834130724,1.0,2470.523935,0.6107338077661651,FR,1.0,27686.97961593144,20441.890063155366,15819.327498655863,1.9094570097105923
Hornet La Frappe,6,10686.888333333332,6156.1656059499655,1.0,80447.0065,0.49339515199984474,FR,1.0,26642.941841162792,19671.05461235302,15222.802499933012,1.8406718587109487
Yura Yunita,1,10636.486120000001,4039.355600955655,0.0,6277.7766,1.0,ID,1.0,17481.71235809854,12907.122665497465,9988.41104614136,1.213476191279744
GENERATIONS from EXILE TRIBE,4,10628.709,3229.5899897222,1.0,3807.174,0.3328157578298234,JP,1.0,13977.170819415,10319.64458557328,7986.044189874464,0.970921735233628
Madame,1,10582.383933333334,0.0,1.0,2825.2035,1.0,IT,1.0,0.0,0.0,0.0,0.0
DJ Tarkan,1,10555.051202626668,2744.790501150783,0.0,8589.3263738,1.0,TR,1.0,11879.032886583907,8770.54441086192,6787.244914647301,0.8309333836939923
Hu Xia,2,10547.2822,3802.3616108931765,0.009231762093176952,7194.138,0.9968766237178102,SG,0.9968766237178102,16456.038667995563,12149.845811734354,9402.378613728346,1.1519409058510215
Turf,1,10533.3852,3954.0226983877324,0.0,7689.246,1.0,AR,0.9844204750374744,17112.404625691634,12634.454856655246,9777.402115309153,1.1994676561012165
Christina Perri,1,10529.673093333333,631.7041700653544,0.0,12396.5665,1.0,SG,0.446104249914684,2733.918893865449,2018.5108756977972,1562.0612626136592,0.19169739248370207
Las Pelotas,1,10526.832876906668,3910.9283518811458,0.0,7263.3168645999995,1.0,AR,1.0,16925.898894502694,12496.75368065124,9670.839561972478,1.187133283750149
Villa Cariño,2,10506.79968,6250.779048297754,0.17887410603035306,7234.1604,0.9400474448976829,CL,1.0,27052.41432829472,19973.376919876267,15456.760102585407,1.9009953104841404
Virzha,1,10480.382136813332,3389.7785012484896,0.0,7614.737512,1.0,ID,1.0,14670.4421622282,10831.501666782995,8382.154078693264,1.0335025503255575
Payung Teduh,2,10435.69072,3687.172452006659,0.0,8431.0932,0.8574381315106326,ID,1.0,15957.517631137855,11781.777052664958,9117.541926721731,1.1289887146698574
Sarah Geronimo,3,10384.775173153334,3354.6274400840452,0.7420272166566453,4090.1666815,0.4867905399321805,PH,1.0,14518.313753376708,10719.182004170338,8295.233469986404,1.0322016437949963
Tuna,4,10348.116566666667,3298.434302673974,0.22180780291880295,6387.2235,0.3639078075160514,IL,1.0,14275.118461417376,10539.625711245953,8156.280575051552,1.0185066667296903
Tommaso Paradiso,1,10345.835500000001,10122.927870666756,1.0,2387.5005,1.0,IT,1.0,43810.48135868688,32346.216740553133,25031.706675871366,3.1264963318383643
SXTEEN,2,10317.008259999999,0.0,1.0,4995.7840476,0.5234285474882023,NL,1.0,0.0,0.0,0.0,0.0
Leslie Shaw,2,10288.82098972,2896.4103142489457,1.0,9279.6216341,0.9891766732567064,PE,1.0,12535.22021501413,9255.021569969871,7162.166353998984,0.8995220715004137
Jolin Tsai,11,10278.380872066668,2149.7364000885996,0.0,11667.739635599999,0.20706937288250163,TW,1.0,9303.729877902302,6869.143040504767,5315.810967436749,0.6683098365398082
Pinhani,4,10218.333735653334,3455.53807272815,0.0,6685.239393,0.5220158496873143,TR,1.0,14955.03951560983,11041.625988424228,8544.762597240519,1.0805701080106926
SZA,3,10209.32978,9888.48727023431,1.0,134506.6111,0.6883320956705005,US,0.46194542031696456,42795.85834781596,31597.09883995568,24451.988197391915,3.094923909878409
Dystinct,2,10199.810833333333,9980.049398647283,1.0,3526.7574999999997,0.667412630440284,NL,1.0,43192.12521558868,31889.67115586188,24678.400592139235,3.1264963318383647
C.R.O,4,10194.7471314,0.0,0.4804892121387337,12002.833052099999,0.7877996145789615,AR,0.9697672459306171,0.0,0.0,0.0,0.0
Jovem Dex,1,10190.4868,0.0,1.0,2961.3684,1.0,BR,1.0,0.0,0.0,0.0,0.0
Zookeepers,1,10172.59617244,0.0,1.0,2553.4889874,1.0,DK,1.0,0.0,0.0,0.0,0.0
Up Dharma Down,2,10169.381559999998,3411.200474267456,0.0,8845.671,0.8783763718998819,PH,1.0,14763.15318038464,10899.952197215958,8435.125763553631,1.0718402228203896
Baco Exu do Blues,1,10165.022399999998,0.0,0.0,25065.948,1.0,BR,1.0,0.0,0.0,0.0,0.0
Imenella,2,10151.9808,2085.297987564964,1.0,3321.8819999999996,0.835517938325323,SE,1.0,9024.850298128693,6663.240273584291,5156.4693756010065,0.6563487860008848
Slow J,10,10109.625759999999,8171.215191624248,0.6715917444603805,5114.7372,0.693666137920048,PT,1.0,35363.76781541704,26109.827215885267,20205.563496590443,2.582670005371719
Los Tipitos,1,10040.611359999999,3637.3785302399237,0.0,7249.0596000000005,1.0,AR,0.9967796098682923,15742.017164355038,11622.66844234915,8994.4128419519,1.157565812043257
Michael Pangilinan,3,10023.20904,3380.3296736319,0.0,10153.1634,0.7586060911813948,PH,1.0,14629.549083521437,10801.309430906656,8358.789269188424,1.0776298676203862
A.R. Rahman,5,10006.538256,3885.762915277102,1.0,4275.8339311,0.45932736842628963,IN,1.0,16816.986739312946,12416.341503743035,9608.611139969391,1.2408228686177358
Mergui,4,9857.7115,3826.8594861515794,0.6249858837249734,5262.6595,0.6954410597911569,IL,1.0,16562.061719927573,12228.124901827203,9462.956307799186,1.2404628500060286
Adera,2,9844.391820466668,3313.434634824356,0.0,7864.4754596,0.7692204908485643,ID,1.0,14340.03760145716,10587.55690280591,8193.372997246623,1.0754912132605479
Tomoya Nakamura,1,9826.841266666668,0.0,1.0,3120.7574999999997,1.0,JP,1.0,0.0,0.0,0.0,0.0
wacci,1,9817.632329093334,5258.73712146655,1.0,2423.0430691,1.0,JP,1.0,22759.008813827524,16803.463670372443,13003.665223329952,1.7115596823255914
Hozier,12,9785.254700000001,4192.821524889167,0.23519334998335129,105549.6009,0.9515909263850186,US,0.509394209372136,18145.889371466903,13397.498780122063,10367.89749924322,1.3691517687446666
Shanti Dope,2,9771.45,2078.385212396619,0.34443328676910795,7291.9872000000005,0.7570806213154077,PH,1.0,8994.932865986639,6641.151592648222,5139.375649107936,0.67964852633419
Will Smith,4,9767.591166666665,0.0,1.0,7134.706,0.4370501741767635,JP,0.529589726612421,0.0,0.0,0.0,0.0
Kery James,1,9763.754143000002,0.0,1.0,2253.1740330000002,1.0,FR,1.0,0.0,0.0,0.0,0.0
Alfredo Olivas,3,9744.862365333334,6723.07490410864,1.0,5154.8808208,0.6303188091738938,MX,1.0,29096.438453641473,21482.523711487036,16624.640727433627,2.204497396280281
The Toys,12,9708.439534386667,2194.0602345739157,0.5402322118767438,9011.4933247,0.28621563727184635,TH,1.0,9495.556644750199,7010.772851104219,5425.413765931571,0.7221317932992746
Arsy Widianto,1,9658.9376,3055.0799057042086,0.0,7042.395,1.0,ID,1.0,13221.917904403414,9762.025182059118,7554.520297683351,1.0106727661289705
Maninder Buttar,2,9639.559799999999,4364.419249747649,1.0,3499.6278,0.8334780058610803,IN,1.0,18888.53804210397,13945.812200050903,10792.219787200158,1.4467270798040908
Orange & Lemons,1,9634.53192,3509.6206339828136,0.0,6978.9876,1.0,PH,1.0,15189.100557232308,11214.438268683258,8678.49651561896,1.1639837162616675
Yzomandias,9,9611.178484526667,2573.1298575189485,1.0,2733.1226199000002,0.2899830455572455,CZ,0.8139240820382191,11136.111913132643,8222.029943933052,6362.767042821831,0.8554653268764025
Elias Abbas,2,9599.896750079999,0.0,1.0,3333.9149608,0.8306153630671815,SE,1.0,0.0,0.0,0.0,0.0
Fujifabric,1,9588.794366666667,4477.409708072898,1.0,2437.5645,1.0,JP,1.0,19377.543439693727,14306.855358838342,11071.619585964467,1.4920390209402108
Martin Jensen,3,9534.875566666666,2591.272000397894,1.0,75399.6121,0.9495038317312511,GB,0.4551905314112352,11214.628328794146,8280.000295317348,6407.628450985514,0.8683910175255686
DMS,31,9515.08376,7166.347029969164,0.6898905785354853,5908.8864,0.14330517506648968,SK,1.0,31014.852321146278,22898.929759353687,17720.752245157968,2.4065925573474605
Stan Walker,3,9500.1179,4949.208195650859,1.0,2402.0115,0.8319162918245812,NZ,1.0,21419.415031507164,15814.412888837489,12238.270331880865,1.6646543816932515
Ms Nina,1,9432.352799999999,9229.126738491213,1.0,2176.6967999999997,1.0,MX,0.8512812625074839,39942.24695656122,29490.21642980533,22821.53901953438,3.126496331838365
SRNO,1,9409.839833333332,9207.098828060838,1.0,2171.5015,1.0,NL,1.0,39846.913534095846,29419.829722103193,22767.068988766572,3.126496331838365
Fard,5,9372.620833333332,0.0,1.0,10677.422,0.25792869289984044,DE,0.9910364599245023,0.0,0.0,0.0,0.0
Ada Band,3,9368.412040000001,3263.7529248322644,0.0,7964.6616,0.7860932848672441,ID,1.0,14125.022770048223,10428.806847488204,8070.521386767268,1.1131883186777727
Miyo,2,9367.515039999998,5182.906966888881,1.0,3409.386,0.6810561197822717,PL,1.0,22430.827519245948,16561.160391441997,12816.154434867802,1.7679352870771585
Amaal Mallik,3,9359.44568,2657.993091288186,1.0,2884.0152,0.9071305172039316,IN,1.0,11503.386990915074,8493.197000329668,6572.6145891461465,0.9074465829187512
Wac Toja,4,9333.268476133333,2297.9866411558805,1.0,5051.642297,0.5672282818404788,PL,1.0,9945.334214679144,7342.853264529674,5682.400218731985,0.7867397453857166
DaniLeigh,3,9324.465411213334,2534.83258684724,1.0,2805.2645083,0.831960593731795,NZ,0.9840123780244955,10970.367191418947,8099.657065893654,6268.066570963433,0.8686457302048909
Mister You,2,9238.805333333334,0.0,1.0,4193.1855,0.7563104470336455,FR,1.0,0.0,0.0,0.0,0.0
RAN,1,9209.583411773336,3455.2068661545154,0.0,5416.0397578,1.0,ID,1.0,14953.60610428798,11040.567670143831,8543.943598438367,1.198812929587
SAMSONS,1,9196.46118196,3180.45120443329,0.0,5617.2403559,1.0,ID,1.0,13764.505682965055,10162.629360370664,7864.5351091543625,1.1050586915221174
Gülşen,1,9187.96996,2158.76887304838,0.0,10932.7182,1.0,TR,1.0,9342.821037424834,6898.004880853038,5338.146226225082,0.7507648491324669
Osher Cohen,5,9175.933433333334,2845.7079709564287,0.5214634022174304,5271.133,0.6875165168475165,IL,1.0,12315.788239004973,9093.010242185348,7036.790948652544,0.9909629694079132
Samey,10,9173.700716700001,8976.75684100578,0.9819291911171445,2230.4753206,0.15282785357531029,SK,0.6626317126442901,38850.02869416328,28683.80829303399,22197.485452386023,3.1267434134642493
Huginn,7,9166.2519,2477.665484533431,0.5431117706900461,8327.4075,0.3875203657320721,IS,1.0,10722.956728532354,7916.988621991165,6126.705281531018,0.8637105665829635
Buray,4,9152.800998813334,3523.7408852122467,0.15206264604468595,7126.8927752,0.6470674708685493,TR,1.0,15250.210841842714,11259.557300699853,8713.412697130929,1.2301761288330928
Miriam Yeung,3,9143.255333333334,3180.9504297213916,0.0,6281.4395,0.5683215606868457,HK,1.0,13766.666253548741,10164.224555908715,7865.76958016281,1.1116636455347866
Doctor Victor,1,9135.067500000001,1797.6629262867943,1.0,2919.375,1.0,IS,1.0,7780.009808180402,5744.147877278088,4445.213049802728,0.6288019083907248
SUNMI,4,9090.323623333334,8894.466798744426,1.0,3241.3488663000003,0.6471895116907305,SG,0.659649292376449,38493.88999510732,28420.863463575308,21994.000825551913,3.1264963318383656
Maestro,2,9081.602833333334,8885.933903731235,1.0,2470.8541,0.8481903079586933,DE,0.8008617344099759,38456.96093242039,28393.59794562957,21972.900909816548,3.126496331838365
Vesta,4,9071.740464106666,0.0,0.4311755270494117,12760.7653355,0.7374540421114383,FI,1.0,0.0,0.0,0.0,0.0
Noah Cyrus,1,9044.688814373334,2608.7541128562248,1.0,2417.6834878,1.0,NO,1.0,11290.288233887959,8335.86162376744,6450.857753487964,0.9216305607463836
Gamaliél,1,9015.52028,0.0,1.0,5076.6906,1.0,ID,1.0,0.0,0.0,0.0,0.0
The Goo Goo Dolls,1,8942.27335664,1952.4643101899092,0.0,5727.4200967,1.0,PH,0.7647330188898872,8449.966487753152,6238.791243252987,4828.001792781937,0.697673957665411
C0PIK,1,8939.67850776,2825.7176401859115,1.0,2828.122827,1.0,PL,1.0,12229.273149224131,9029.134298379387,6987.359390649328,1.0100066004098174
Patricio Rey y sus Redonditos de Ricota,2,8938.39884184,5619.009517239298,1.0,2166.2100132,0.5585919939094481,AR,0.9756355840946217,24318.212562062057,17954.657193451065,13894.537217047207,2.008710677510452
Emrah Karaduman,4,8936.131274633333,2076.506887672104,1.0,6594.8464018,0.4544901243616406,TR,1.0,8986.80376427019,6635.149702738055,5134.730977709818,0.7425080830642014
Kollegah,2,8921.239687360001,0.0,1.0,6398.990555600001,0.5978374240687244,DE,0.9817424294996407,0.0,0.0,0.0,0.0
JóiPé,11,8912.255476280001,1708.388880720356,0.14789905187392413,10790.923327,0.3015588386915799,IS,1.0,7393.645412516146,5458.886768625356,4224.458565434336,0.6125146191280313
Kayee Tam,1,8883.082693333334,1419.3955431281584,1.0,2189.5164,1.0,HK,0.8047222208520567,6142.9265107194315,4535.454214944881,3509.8435301093355,0.5105721033474894
Eklectico,1,8880.793244266666,2682.4164354044947,1.0,2365.002527,1.0,ES,1.0,11609.08748347957,8571.237937932754,6633.007984592028,0.9651432819321903
Adhitia Sofyan,1,8877.31104,3395.3792528194044,0.0,5207.022,1.0,ID,1.0,14694.681357195024,10849.397983593448,8396.003468146468,1.2221491321761153
The Parkinson,4,8835.232546313335,2596.2873721646292,0.6258437759015875,3386.884118,0.4086015857894787,TH,1.0,11236.334089627446,8296.026123444739,6420.030328835415,0.9389708850285339
Lérica,2,8823.6512,0.0,1.0,29354.944499999998,0.9462451206473922,ES,1.0,0.0,0.0,0.0,0.0
Jack Stauber,1,8821.877999999999,8631.805007707875,1.0,2035.8179999999998,1.0,MX,0.9125242040300263,37357.12999376512,27581.56920692557,21344.4977378891,3.126496331838365
K Koke,1,8819.03464,2587.8990639721924,1.0,9745.3998,1.0,PL,0.9990152276769599,11200.03077655529,8269.222609842182,6399.28794354308,0.9376562115240974
Georgia Box,1,8811.7965,5995.09368411065,1.0,2102.103,1.0,NO,1.0,25945.847233821252,19156.374733053555,14824.50813759898,2.1739465650453407
Sıla,3,8790.99832,3044.871241915801,1.0,4048.9608,0.5711373644318809,TR,1.0,13177.73637112438,9729.405009738408,7529.276585511451,1.1067463165819837
Janice Vidal,5,8789.277466666666,2732.2715423458976,0.08411962600308395,6895.098,0.5114267411427654,HK,1.0,11824.852750326998,8730.542055807879,6756.28836643369,0.9933173789220398
Parokya Ni Edgar,2,8777.48248,3139.462308533972,0.0,7013.1954,0.811632369461715,PH,1.0,13587.11201952567,10031.655819152695,7763.178858055048,1.1428853138710786
Bagossy Brothers Company,7,8772.628814386666,3414.8200157808783,0.48991390494927123,2625.2391114,0.5746708610841398,HU,1.0,14778.818001672193,10911.517870289048,8444.076069495024,1.2438139240993205
Hidra,4,8769.832125946665,2828.3462792565456,1.0,3363.4814558000003,0.397864831807645,TR,1.0,12240.649496509626,9037.53369924421,6993.859419397288,1.0305252790991877
Jala Brat,5,8725.337400000002,5493.123125588089,1.0,2340.1845,0.5001342842839956,AT,0.7547962564490108,23773.395540227015,17552.40711708379,13583.248697504554,2.011659413547009
Darren Espanto,2,8722.371758360001,1890.477546419131,0.3436086997469961,7174.5254965,0.6500575074930323,PH,1.0,8181.6972682782,6040.722332598683,4674.722572745921,0.6925550182848974
Omar Montes,1,8718.833232026667,0.0,1.0,2327.9101732,1.0,ES,1.0,0.0,0.0,0.0,0.0
Jason Chan,4,8708.075645793333,3255.8413144987226,0.17113347859350553,7882.0438132,0.4155432059784836,HK,1.0,14090.782532296535,10403.526546582663,8050.9577672558735,1.194698687718493
Sarsa,2,8706.929852746665,2492.3691420142923,0.9576543060027422,3617.5584572999996,0.7377494045505829,PL,1.0,10786.591906042253,7963.971836514797,6163.064094497563,0.9146704947901358
Stephanie Cheng,2,8688.5435,3043.1096856705853,1.0,3957.7754999999997,0.7655954714965515,HK,1.0,13170.11262550164,9723.77623505618,7524.920656101833,1.119149168678983
Mabel Matiz,5,8681.25804,2769.0961125627737,0.6105720087546205,8908.2162,0.3738329565912421,TR,1.0,11984.223850036497,8848.209152208352,6847.3471837947145,1.0192312118173545
Neo Beats,1,8678.919773333335,8491.92690728137,1.0,2002.8276400000002,1.0,BR,1.0,36751.75899937312,27134.610835646115,20998.61089319466,3.126496331838364
ChiChi Peralta,1,8651.812,4083.1884585043194,0.0,2885.9928,1.0,PE,0.29561196410469215,17671.414251964474,13047.183636862808,10096.79976993172,1.5080290275450747
Daniel Padilla,1,8644.24288,6420.859404811508,1.0,2022.5388,1.0,PH,1.0,27788.496061141625,20516.84182898088,15877.330282475417,2.3734689218936986
Gian Marco,4,8619.02011672,4560.741166801296,0.3839114975565494,3686.799559,0.370208563350867,PE,1.0,19738.189229711807,14573.127870089345,11277.679399727058,1.6908102861738306
Friðrik Dór,9,8607.9357,1598.660073717057,0.04281559631073917,8001.918,0.2887430238600296,IS,1.0,6918.755942281055,5108.265701345416,3953.12409126911,0.5934367866322952
Rasmus Seebach,2,8585.4015,8400.423544837358,1.0,1981.2465000000002,0.8371366208091724,DK,1.0,36355.74646171326,26842.2262971096,20772.343813371677,3.126496331838365
Janine Teñoso,1,8504.072610453333,2441.7010043585647,0.0,10374.0946755,1.0,PH,1.0,10567.307966790058,7802.069807438658,6037.773271939592,0.9174509867011528
Justin Lo,3,8498.9483488,3011.4979596455632,0.0,5804.5262645,0.6144548382032736,HK,1.0,13033.301917035738,9622.765958719894,7446.752021148965,1.1322301964664334
Devano Danendra,2,8498.70112,2207.7005965637877,0.903132444784692,5761.4454,0.6627733728067613,ID,1.0,9554.590042233418,7054.35847287107,5459.143290101409,0.8300513658810807
DODO,2,8494.910666666667,0.0,1.0,2975.1645,0.7786545920402049,NL,1.0,0.0,0.0,0.0,0.0
Sokół,14,8476.81016,2677.53732153688,1.0,16267.5848,0.5086451431929834,PL,0.9979465913096085,11587.971425963893,8555.647500395307,6620.943041649362,1.009300354603589
Galantis,1,8476.470732599999,754.7283655525705,1.0,78334.5707887,1.0,DE,0.1894180111565815,3266.3487690874213,2411.6152564069293,1866.2722196426573,0.28450699972713894
阿涵,1,8459.701126586668,2895.8717156942994,0.0,3858.9874018,1.0,SG,1.0,12532.889242963392,9253.30056337896,7160.834521824715,1.0938093940810998
Dat Boi Dee,1,8427.303733333334,0.0,1.0,2430.953,1.0,IT,1.0,0.0,0.0,0.0,0.0
Hafdís Huld,10,8425.540500000001,3647.8468373011465,0.027177900337669727,4426.8525,0.29340733625075605,IS,1.0,15787.32239395088,11656.118263728413,9020.298593099926,1.383426768137713
Bunga Citra Lestari,4,8410.605156113332,3322.478235433662,0.06431708698235682,6108.6150669,0.8051712050659676,ID,1.0,14379.176919742484,10616.454299800238,8215.735772190603,1.2622699678255094
The Faim,1,8394.628666666667,8213.761033963678,1.0,1937.222,1.0,FR,1.0,35547.899704581476,26245.77573347852,20310.769723417812,3.126496331838365
Cleo,1,8393.329141773334,1866.3695332274315,1.0,2116.2708738,1.0,PL,1.0,8077.361479658147,5963.68898514765,4615.108919219719,0.7105272394795716
Ari Lasso,1,8384.885015,3085.677182154361,0.0,4841.5086742,1.0,ID,1.0,13354.338230486179,9859.793945046666,7630.180428721143,1.1759009130606028
Gaten Matarazzo,1,8377.6069,0.0,1.0,2167.77,1.0,NO,0.8491246765108844,0.0,0.0,0.0,0.0
MYMP,1,8326.677776560002,2915.4535382542363,0.0,6108.193897300001,1.0,PH,1.0,12617.636371777491,9315.871183736157,7209.255931594873,1.118798088952209
Mathieu Koss,1,8305.6701,0.0,1.0,5790.8165,1.0,BE,0.5178701483633612,0.0,0.0,0.0,0.0
Fouli,7,8304.5352,2632.5108037887667,1.0,20511.459,0.4960351918408145,DK,1.0,11393.103553580211,8411.772376442961,6509.602666680114,1.0129130859055135
RIDSA,2,8281.1103284,0.0,1.0,16737.5954878,0.6587933495726598,FR,1.0,0.0,0.0,0.0,0.0
Maliq & d'Essentials,2,8275.57016,3062.0936739333592,0.0,5524.7364,0.9651190597980386,ID,1.0,13252.272419044159,9784.43657036561,7571.8637571298395,1.182327789045729
ICE,2,8275.270033333334,2032.6335254156224,1.0,2049.719,0.6325793925899111,NL,1.0,8796.926572232676,6494.959304978016,5026.242094955766,0.7848637299829361
fellow fellow,3,8269.897092946669,2812.9248033681592,0.623190348445275,3451.6879203000003,0.48301848553420046,TH,1.0,12173.907710875716,8988.25680940383,6955.725604173166,1.0868644081520489
TJ Monterde,2,8269.51617856,4463.8341136715235,0.6849524315209694,4540.9641392,0.6823322633078238,PH,1.0,19318.790346413476,14263.476691668231,11038.050217364054,1.7248260217022735
Luis Enrique,1,8266.726393293333,3335.1091801527764,0.0,4399.9931442,1.0,PE,0.5137341449678526,14433.841713883994,10656.814488151113,8246.969236193068,1.2891214709605996
张紫豪,1,8260.29472164,2745.237306719006,1.0,4573.6085327,1.0,SG,0.9578415691851588,11880.966592648761,8771.972107466627,6788.3497635672775,1.0619442045434715
Saske,6,8182.54474076,2707.57326505151,0.5820321919833856,3822.4720941,0.3879218132393272,GR,0.9409907959437679,11717.962389077573,8651.622612669544,6695.215123540799,1.0573266491991067
inoxtag,1,8176.647266666666,3168.19384324821,1.0,2126.25,1.0,FR,1.0,13711.45770113939,10123.462899182225,7834.2254325741105,1.2380946088321612
Supa Squad,2,8161.128377306668,2114.647245843603,1.0,6671.6243088,0.5147797105226591,PT,1.0,9151.869392716284,6757.021191672844,5229.043440513008,0.8279518320606045
Maija Vilkkumaa,3,8133.508240000001,7958.266613556124,1.0,2090.218396,0.5913479961545607,FI,1.0,34442.15898554024,25429.38367733712,19678.989919128602,3.1264963318383647
maNga,3,8126.942846360002,3094.308588513157,0.0,6772.2420712,0.48319140231503427,TR,1.0,13391.69363518851,9887.374240433974,7651.523940690609,1.2166166819866904
Beéle,1,8085.992854853334,5960.2561381386695,1.0,1895.2920214,1.0,CO,0.5360197531194019,25795.07567070358,19045.056858707736,14738.362780917665,2.3553145792450962
El Futuro Fuera De Orbita,2,8084.916319999999,796.5361822970413,1.0,2264.7444,0.909146303662347,CL,1.0,3447.2865965156425,2545.2055298084238,1969.6534764170617,0.31480913704848634
Macklemore & Ryan Lewis,1,8077.60018,2333.5386055931094,0.0,8107.6184,1.0,BE,0.3602847169028084,10099.1976714914,7456.453950213834,5770.312170384082,0.9231026275199763
SZK,5,8072.1693,1993.047862930592,0.5326190569367766,3714.1065,0.4045546351457612,IS,1.0,8625.60588808584,6368.469574445653,4928.355722104424,0.7889415270868579
Kekra,1,8071.336321706666,0.0,1.0,13483.5000676,1.0,FR,1.0,0.0,0.0,0.0,0.0
Skinnyfabs,1,8067.42196,2661.471634547714,1.0,1994.7522,1.0,ID,1.0,11518.441593355594,8504.312135758038,6581.216238357158,1.0541548685471311
Max Herre,1,8064.510911600002,0.0,1.0,1861.0409796000004,1.0,DE,1.0,0.0,0.0,0.0,0.0
Eraserheads,2,8030.823839999998,2586.7543761154866,0.0,6182.7198,0.9828816114228563,PH,1.0,11195.076742836147,8265.564940639522,6396.457389870212,1.0292300149170654
The Doorbeen,2,8030.528587033334,3412.0419952705715,1.0,2891.8073737,0.63244405866493,IN,1.0,14766.795154395615,10902.641144633768,8437.20665429796,1.3576492539031557
Artigeardit,5,8004.398999999999,6548.570487750969,1.0,7457.5485,0.3397639318068129,DK,1.0,28341.21006739567,20924.922418086022,16193.13085008214,2.6141778312258075
Vickeblanka,2,7959.075432966667,3172.0488008010598,0.5944526894505288,5379.8916954,0.71018048658244,JP,1.0,13728.141366988382,10135.780807017114,7843.757869033574,1.2734872149891288
Sơn Tùng M-TP,6,7946.092440000001,1633.275447188668,0.8541691820539656,2231.0178,0.6211929819654509,VN,1.0,7068.565976845898,5218.873658566214,4038.7200657033363,0.6567849163564743
Müslüm Gürses,4,7943.2132,2121.6891628329204,0.0,6772.8618,0.5116333541605707,TR,1.0,9182.345730879662,6779.5225248953675,5246.456505464623,0.8534987484530023
Chris Kläfford,2,7943.13,7408.764090306896,1.0,6279.7815,0.600754421153029,SE,1.0,32063.996228782788,23673.53517741793,18320.194701444227,2.9803786640049865
Kaan Boşnak,1,7919.949960000001,2616.352733553185,0.0,4514.3508,1.0,TR,1.0,11323.173900431188,8360.141815736933,6469.647420554414,1.055580130930137
Rachel Liang,4,7912.096066680001,4292.771336012019,0.9432178243472065,3172.5154114,0.7501209514849388,TW,0.6562373120770019,18578.456845319062,13716.87261100012,10615.050732606243,1.7336585015398915
Khel Pangilinan,1,7890.721593906668,2761.0176013176697,0.0,9435.9777751,1.0,PH,1.0,11949.261290702736,8822.395545807745,6827.370856150304,1.118072085146247
Andra & The Backbone,1,7882.179882546668,2910.757464839121,0.0,4613.7715379,1.0,ID,1.0,12597.31248530507,9300.865623047037,7197.643606212594,1.1799864709560528
שבט אחים ואחיות,1,7873.043966666666,1943.871113041116,1.0,3932.2815,1.0,IL,1.0,8412.776446659445,6211.3330393597635,4806.752763530249,0.7889366635900489
My Little Lover,1,7872.579866666667,2183.8796112026052,0.0,7501.6900000000005,1.0,JP,1.0,9451.496466101586,6978.242277506379,5400.239391356938,0.8863984101390946
F1rstman,3,7822.3145,7152.157541128279,1.0,7017.3775,0.7487332696580739,NL,1.0,30953.4423867582,22853.589489488193,17685.664854722756,2.921589190704131
Reza Artamevia,1,7816.7372399999995,2461.5365991013396,1.0,1945.7172,1.0,ID,1.0,10653.153382742783,7865.45131671393,6086.822202810804,1.0062320217781724
Nikk,1,7789.663440000001,2282.744145255633,1.0,1983.627,1.0,IN,1.0,9879.367027020653,7294.148276965249,5644.708980460025,0.9363881165275669
Madina,2,7777.3607054,0.0,1.0,3237.1325606,0.5544337507968286,NL,1.0,0.0,0.0,0.0,0.0
Đen,11,7762.609426866667,2146.3588597062167,0.8053619808861276,3484.4418845,0.3023311922595505,VN,1.0,9289.112400444088,6858.350643813381,5307.459075452741,0.8835109776457883
Floni,14,7752.949666366667,2643.0478419203696,0.4888423175265448,15223.2848252,0.20080752388207637,IS,1.0,11438.70624072155,8445.441817099152,6535.658374190099,1.089319830584817
Urba y Rome,1,7749.868754160001,0.0,1.0,2160.9179497,1.0,CL,0.9531932391444841,0.0,0.0,0.0,0.0
Alex Rouse,1,7742.24267544,0.0,1.0,2233.3392333,1.0,CL,0.32161616542179605,0.0,0.0,0.0,0.0
Mata,1,7728.21504,2464.559890524723,1.0,1947.7152,1.0,PL,1.0,10666.237724964545,7875.111766822834,6094.298117395269,1.0190078467100774
Jasbir Jassi,1,7724.891781186667,2005.584397290831,1.0,1971.3337225999999,1.0,IN,1.0,8679.862088654383,6408.528089410156,4959.355730683644,0.8295945459090566
Insomniacks,2,7721.491472413333,2281.3993525599244,0.6561473931930879,3815.5271553000002,0.6049942956882196,MY,1.0,9873.546970207113,7289.851204363106,5641.383612865894,0.9440988480538568
Mc IG,1,7715.8952,0.0,0.0,22300.5216,1.0,BR,1.0,0.0,0.0,0.0,0.0
Irina,1,7703.704124653334,4515.554482638516,1.0,2237.7495526000002,1.0,FI,1.0,19542.628181617136,14428.740959662815,11165.942969509517,1.8729614645360109
Hadise,2,7692.862320000001,2135.819977266043,1.0,2490.4848,0.5570404605561133,TR,1.0,9243.501731417737,6824.675309960527,5281.398807385599,0.8871438258055976
Kenia OS,2,7659.89848,3047.333488514087,1.0,1870.83,0.6158304068247783,MX,1.0,13188.392597274848,9737.272729745348,7535.365163381353,1.271201277036422
Adrijana,1,7659.5805,0.0,1.0,1767.5955,1.0,SE,1.0,0.0,0.0,0.0,0.0
MC Lan,1,7636.441279999999,3737.2263274592324,1.0,1928.6808,1.0,BR,1.0,16174.143137657498,11941.716303915096,9241.31381804875,1.5637802827333596
Moonstar88,1,7631.47279648,2643.7414652716297,0.0,5518.0409509,1.0,PH,1.0,11441.708136347854,8447.65818093606,6537.373547556353,1.1069499172993873
Indigo,3,7607.101840000001,3636.7383978926564,1.0,1902.8376,0.8951461753751345,TH,0.9828554995970229,15739.246769601134,11620.623000564727,8992.829939716969,1.52760187059159
Jubin Nautiyal,3,7589.404159999999,1869.411221531984,1.0,2415.7794,0.7903988253232063,IN,1.0,8090.525440763874,5973.4082195839,4622.6303251224135,0.7870720933623201
Nublu,8,7565.793960833334,2316.186015355523,0.6313980402854069,3152.888042,0.2122662959118166,EE,1.0,10024.09831873086,7401.006489557572,5727.4031469826095,0.9782194080186648
Moshiko Mor,5,7508.770966666667,3000.0592259117093,1.0,3986.549,0.35137232729360657,IL,1.0,12983.796829434932,9586.215292221039,7418.466624747106,1.2766690227703938
Selmon,1,7505.968166666667,7344.247291645752,1.0,1732.1465,1.0,DE,1.0,31784.777405811954,23467.381939978874,18160.659278453444,3.1264963318383656
Sansar Salvo,3,7502.606863093335,1828.8796652453932,1.0,4086.2337872,0.820374628466143,TR,1.0,7915.1110731205235,5843.896034845628,4522.404971248023,0.778915401204453
Bubbi Morthens,8,7493.904746293333,1969.3708179061875,0.3507132049114062,3253.7557081,0.35761319471628833,IS,1.0,8523.13526368514,6292.81331768673,4869.807755194604,0.8397242199801523
Joseph Vincent,1,7477.4622,2647.6374614940673,0.0,5036.616,1.0,ID,0.9712160307635127,11458.569411273185,8460.107221356126,6547.007463345969,1.1314142412322894
Marcell,1,7471.264756279999,2698.094022109174,0.0,4083.8796921,1.0,ID,1.0,11676.937677499505,8621.333189424946,6671.775103827782,1.1539322284327098
Mehmet,4,7457.876280399999,0.0,1.0,26785.9305303,0.7038513205084775,SE,1.0,0.0,0.0,0.0,0.0
Psychedelic Boyz,1,7431.13017062,3124.9992495824195,1.0,1914.3654681000003,1.0,PH,1.0,13524.518115599645,9985.441399218524,7727.41499072965,1.3437311916156907
Sidoka,1,7425.2235200000005,2275.6936934430123,1.0,1974.9612,1.0,BR,1.0,9848.853751449244,7271.619672063232,5627.27481082445,0.9793132358207086
Fikri Karayel,1,7423.057199999999,2333.5484001692644,0.0,3598.0842,1.0,TR,1.0,10099.240060916825,7456.485247234542,5770.336390151372,1.0045032722143838
Anji,1,7417.46772,2541.196821461295,0.0,4885.3584,1.0,ID,1.0,10997.91062405856,8119.992972149637,6283.803880970065,1.0947122763008987
VARINZ,2,7411.201404533334,2000.9802058108603,1.0,3506.7527599,0.6674234590084823,TH,1.0,8659.935853124287,6393.816122928829,4947.970608505688,0.8627232986837756
Białas,1,7376.187510119999,2574.601511363768,1.0,2061.5616384000004,1.0,PL,1.0,11142.481005569007,8226.732381295027,6366.406109289813,1.115309551175061
Abhijeet Srivastava,1,7370.117560000001,2131.210697145816,1.0,2394.7776,1.0,IN,1.0,9223.553473032007,6809.9470835331895,5270.001102153422,0.9239943634675468
Ammy Virk,2,7353.7456362933335,2376.170576415637,1.0,2188.8698364,0.5215997173124551,IN,1.0,10283.702311538924,7592.677677767825,5875.731373432648,1.0324912028905755
Locoplaya,1,7347.400666666666,0.0,1.0,2119.4425,1.0,ES,1.0,0.0,0.0,0.0,0.0
Nadin Amizah,3,7328.527439999999,4873.725734008178,0.0,2876.7954,0.5429414271171318,ID,1.0,21092.738498694263,15573.22060775055,12051.619309256532,2.125013617708519
Feby Putri,1,7320.08108,5197.014669501467,1.0,1730.3424,1.0,ID,1.0,22491.883495364636,16606.239326335955,12851.039586493942,2.2685868018194078
Etta,3,7314.311899786667,0.0,1.0,4259.2178083,0.567876984639438,FI,1.0,0.0,0.0,0.0,0.0
Professor Green,1,7312.285499999999,7154.737641655175,1.0,1687.4505,1.0,GB,1.0,30964.60866666074,22861.833793104863,17692.044858651327,3.126496331838365
Pekeño 77,6,7303.738188586667,6110.322816702237,1.0,6892.2094895,0.551726236077578,AR,0.7833695207067313,26444.54127075198,19524.571221782255,15109.443670519822,2.673229888263618
Keen Levy,1,7289.6308333333345,7132.571084241748,1.0,1682.2225,1.0,ES,1.0,30868.675201288414,22791.00406087252,17637.231985313112,3.126496331838366
Safeplanet,4,7286.180200000001,2821.0221048939493,0.1665279867769397,3875.8704,0.5680262683705833,TH,1.0,12208.951591666295,9014.13045717779,6975.748395923663,1.2371544773457275
แพรวา ณิชาภัทร,1,7267.72124,3776.0363126577063,1.0,1819.4724,1.0,TH,1.0,16342.106809313756,12065.727480223597,9337.282116746024,1.6601802795925065
Petter Pilgaard,1,7257.7869,0.0,1.0,1739.0204999999999,1.0,NO,1.0,0.0,0.0,0.0,0.0
Matt Corby,2,7247.968156000001,0.0,1.0,11470.3680248,0.8541800897422239,AU,0.9873576861626,0.0,0.0,0.0,0.0
Ezio Oliva,1,7215.029119999999,1883.596281788072,1.0,1958.2728,1.0,PE,1.0,8151.916208915249,6018.734338606321,4657.706764670982,0.8341940466910163
Mr.Rain,2,7177.267066666667,0.0,1.0,23338.77,0.555876680733389,IT,1.0,0.0,0.0,0.0,0.0
Chris Stapleton,1,7170.18418636,1992.934391648815,0.0,5631.6751103999995,1.0,NZ,1.0,8625.114801757996,6368.106994891489,4928.075133338223,0.8881371565050838
Haloo Helsinki!,3,7168.155887533334,755.3878590644428,0.0,10332.880691,0.5989104559089891,FI,1.0,3269.202955996307,2413.7225637340734,1867.9029976502397,0.3367285256633377
Yüksek Sadakat,2,7163.746720000001,2368.6351270627783,0.0,5533.5288,0.526009298081181,TR,1.0,10251.090040897408,7568.599339848288,5857.097914784957,1.0565140890196474
Gökhan Türkmen,5,7108.36932,3110.3124924364,0.32290234464069745,5229.9228,0.5273119901502179,TR,1.0,13460.956080150423,9938.51218704488,7691.097968461398,1.3981423501845962
Lanek,1,7082.82560934,1616.5357760952663,1.0,3322.2702869,1.0,PL,1.0,6996.119244264396,5165.384684203198,3997.326652452334,0.7292830529939485
Yeng Constantino,1,7051.94464,2831.219331620207,0.0,2581.5024000000003,1.0,PH,1.0,12253.083627092088,9046.714084173282,7000.963826832609,1.2828679954261923
CHO,8,7037.166422,0.0,1.0,15949.3599916,0.4013833766101976,NL,1.0,0.0,0.0,0.0,0.0
Duman,4,6997.623993013332,2629.7538705725465,0.32119277092492166,4139.0747996,0.592621077598561,TR,1.0,11381.17196888263,8402.963031904463,6502.785395582751,1.2008308877833775
Murat Dalkılıç,1,6985.408736280001,1643.9582850287147,1.0,5487.3216069,1.0,TR,1.0,7114.799662794152,5253.008979156576,4065.1363028527503,0.7519973672942158
Childish Gambino,2,6982.998013333333,20.55838949790417,0.0,10499.762499999999,0.7298451750694361,AU,0.870681027308951,88.97356094697048,65.69108572460071,50.83623850872665,0.0094072897628168
The Pussycat Dolls,1,6980.781103746667,2271.987703016329,0.0,4084.8777795,1.0,PH,1.0,9832.814792505937,7259.777765145444,5618.1107363106785,1.0399663959165022
Alle Farben,3,6979.778138146667,350.00385575454055,0.5324716642794104,99251.4849589,0.9544666512911981,DE,0.728547336578826,1514.7630798037933,1118.38202572513,865.4802211975642,0.1602317442746243
Amit Trivedi,4,6964.87012,2394.3912529971176,1.0,2524.9338,0.5287452684898115,IN,1.0,10362.558609036483,7650.898971191432,5920.786977646245,1.098498441373869
GLK,3,6964.281566666667,3020.792991882545,1.0,55992.328,0.7927712346591483,FR,1.0,13073.529392895432,9652.466765758048,7469.736529531475,1.3859960533413693
Ali B,3,6961.660766666667,0.0,0.0,22866.697,0.6231810610863475,NL,0.9920132759007564,0.0,0.0,0.0,0.0
Bartofso,3,6952.631200666666,0.0,1.0,10668.3933057,0.787392066845892,NL,1.0,0.0,0.0,0.0,0.0
Bilal Wahib,1,6937.0665,0.0,1.0,3989.699,1.0,NL,1.0,0.0,0.0,0.0,0.0
Mayonnaise,2,6936.417194719999,0.0,0.5336476192028443,3869.4694560000003,0.7004317991701444,PH,1.0,0.0,0.0,0.0,0.0
Julia Michaels,5,6915.388880400001,0.0,1.0,67672.6166697,0.7014409890559716,US,0.33728320361697617,0.0,0.0,0.0,0.0
Axwell /\ Ingrosso,1,6907.449013399999,750.0320996527406,0.0,17971.1627605,1.0,DE,0.39490912626415636,3246.0240495706375,2396.609080663314,1854.6594182892977,0.3469600826606247
Moe Phoenix,5,6905.4893622,0.0,1.0,38274.0002321,0.4365862440787044,DE,0.9712248394230734,0.0,0.0,0.0,0.0
Tarharyhmä,1,6885.333,6736.984105780684,1.0,1588.923,1.0,FI,1.0,29156.635348092637,21526.968367985646,16659.03503121594,3.126496331838365
Caleb Santos,1,6845.1486207866665,2386.215688047207,1.0,1706.0153165000002,1.0,PH,1.0,10327.176016133428,7624.77524501014,5900.570658183107,1.1138947694803851
Jesper Jenset,2,6827.601705600001,6680.496668966961,1.0,1937.5534160000002,0.8131906870741983,NO,1.0,28912.1663733903,21346.471687811765,16519.3544005468,3.1264963318383647
Kano,1,6820.456499999999,6673.505411382218,1.0,1573.9515,1.0,GB,1.0,28881.909281370736,21324.132228713137,16502.066604822812,3.1264963318383656
Liran Danino,3,6814.012674386668,2270.0404648687318,0.41618005213185055,3612.5990626,0.7707497403257507,IL,1.0,9824.387444049427,7253.555673279102,5613.295657633692,1.0645057501205775
BLUE ENCOUNT,2,6799.610999999999,5575.807617603632,1.0,1619.261,0.6765042818915542,JP,1.0,24131.241357403705,17816.612348414863,13787.708709194845,2.6202399443754745
Eviatar Banai,2,6789.364863320001,2761.291168088186,0.0,3568.5791678,0.8199900994501345,IL,1.0,11950.44524578502,8823.2696852035,6828.047324781052,1.2995721783744172
Tanishk Bagchi,3,6779.088182533334,2142.634043900092,1.0,2208.3126408,0.45478293709181217,IN,1.0,9272.991968141925,6846.4485833697145,5298.248450041614,1.0099364986887083
Nopsajalka,1,6771.8234999999995,6625.920240408433,1.0,1562.7285,1.0,FI,1.0,28675.967949719263,21172.081332606835,16384.39926024076,3.1264963318383647
Alisson Shore,1,6761.625327079999,2059.8529686255783,1.0,3147.9444148000002,1.0,PH,1.0,8914.728153413464,6581.934735493301,5093.549609838541,0.973424941061575
Carlos Baute,1,6761.619280000001,2480.4006097146957,1.0,3627.7752,1.0,PE,0.7172710150287152,10734.793931394846,7925.728282399306,6133.468626299837,1.1721642337720182
*NSYNC,1,6756.217591240002,2046.9600813358124,0.0,4897.0674853,1.0,PH,1.0,8858.929711946279,6540.737551040891,5061.668421217443,0.9681064090537139
AMAL,3,6747.2535,0.0,1.0,18638.784,0.8604650657467783,DK,1.0,0.0,0.0,0.0,0.0
Lil Peep,6,6726.820360000001,4883.4586646418065,0.17359388500156114,300334.2757,0.7543419483905413,US,0.6736443951608551,21134.861131744485,15604.32064993384,12075.686641142158,2.3197171642523005
Teddy Teclebrhan,1,6715.132666666667,0.0,1.0,1549.646,1.0,DE,1.0,0.0,0.0,0.0,0.0
Mark Carpio,1,6710.4024,2309.228893427895,0.0,5488.1082,1.0,PH,1.0,9993.988960606945,7378.776105558334,5710.199761003214,1.099602626745355
Legião Urbana,1,6709.64234668,2193.592198006637,1.0,1659.9372994,1.0,BR,1.0,9493.53105417325,7009.277314196208,5424.256417562069,1.0446573680137319
Fmg,1,6708.3532516,0.0,1.0,2524.8369986,1.0,NL,1.0,0.0,0.0,0.0,0.0
Drew,1,6698.679,4449.7542621508255,1.0,1605.9060000000002,1.0,DK,1.0,19257.854905554705,14218.486750538354,11003.23393517684,2.1225806984538824
Samurai Jay,1,6692.018666666667,6547.834853146679,1.0,1544.3120000000001,1.0,IT,1.0,28338.026353500856,20922.571813927203,16191.311792407278,3.1264963318383656
Veysel,5,6634.9465,0.0,1.0,97762.6835,0.4961503383855047,DE,0.9287118586510569,0.0,0.0,0.0,0.0
SUD,3,6630.58188,2248.0161992691465,0.0,8589.747,0.6295888342229404,PH,1.0,9729.069795853457,7183.180612057929,5558.834639706475,1.083340910655933
Demet Akalın,3,6624.2852,680.1218030455174,1.0,4179.6125999999995,0.8707104098595168,TR,1.0,2943.462993577527,2173.221772629018,1681.7870970939564,0.3280688718880971
Letto,1,6615.53932,2374.353456132666,0.0,3630.6012,1.0,ID,1.0,10275.838093271177,7586.871356981233,5871.238046748981,1.1468258277967929
Meet Bros.,4,6611.27272,5089.368774723302,1.0,1575.231,0.31457557653448925,IN,1.0,22026.008550213282,16262.273876002662,12584.855682254458,2.459779616533904
Bombay Bicycle Club,1,6600.184543333333,6457.979354615965,1.0,1523.11951,1.0,GB,1.0,27949.14551846473,20635.452764187943,15969.119506620807,3.1264963318383656
Aastha Gill,3,6598.026800906667,1131.3511373650008,1.0,2807.726588,0.5065696472294829,IN,1.0,4896.314440536848,3615.053823007163,2797.5749881608963,0.5478992329207273
D.A.V,1,6579.102833333333,0.0,1.0,1518.2545,1.0,FR,0.8943260171466642,0.0,0.0,0.0,0.0
BlocBoy JB,1,6554.5025000000005,0.0,0.0,297350.5528,1.0,US,0.7850449773907399,0.0,0.0,0.0,0.0
Lifehouse,1,6552.6214,2130.8696616479797,0.0,4700.235,1.0,PH,1.0,9222.077523631646,6808.857358478326,5269.157798649044,1.0391043435652068
Arcangel,4,6533.588879999999,2150.133299789148,1.0,2030.7168,0.8504234563874195,CL,0.6708616386095786,9305.447599015632,6870.411270793695,5316.792410455094,1.051552431133943
Nina,2,6532.885165733333,2291.0258525015743,0.0,4541.8284176,0.9177957927575587,PH,1.0,9915.208987523776,7320.611164084623,5665.187765768428,1.1205785772085992
DIVINE,6,6482.92892,3749.9487890763676,1.0,2669.547,0.4728348292800239,IN,1.0,16229.204002916573,11982.368920055304,9272.773582601452,1.8482955879848368
Sura Isgenderli,1,6482.8512023600015,1966.9363746676459,1.0,4302.8274252,1.0,TR,1.0,8512.59936621718,6285.034438923342,4863.787928732853,0.9694861477979556
Dillaz,3,6480.635200000001,1701.0214857069018,0.0,7023.8436,0.5106952552303414,PT,1.0,7361.760455315739,5435.34542179733,4206.240667085337,0.8387056598707068
Leehom Wang,1,6461.6825,2704.334178216374,1.0,1646.6625,1.0,SG,1.0,11703.944117365778,8641.272622414808,6687.205595804287,1.3373099997430713
Dire Straits,1,6447.010472066668,1632.5068924395944,0.0,2880.4370373,1.0,BE,0.703175786476685,7065.239789606631,5216.417863285625,4036.819603970431,0.8091219776805231
Cem Adrian,1,6429.978021999999,2147.5801880257786,1.0,4625.0982853,1.0,TR,1.0,9294.398122347931,6862.253205507059,5310.47914362282,1.067228096585718
Muniek Staszczyk,1,6413.585484973334,2694.907457055036,1.0,1641.9072208000002,1.0,PL,1.0,11663.146712011438,8611.15102422374,6663.895450553762,1.3426422777710185
Broertje,3,6390.141186000001,0.0,1.0,4471.3129518,0.6701979973451967,NL,1.0,0.0,0.0,0.0,0.0
Jigzaw,4,6346.051833333334,0.0,1.0,21687.295,0.5699467591509223,DE,0.9628643867296498,0.0,0.0,0.0,0.0
Fish Leong,5,6332.110806666667,3464.9145764996147,1.0,2772.9317,0.48340047466729885,TW,0.8645518387632842,14995.619587792282,11071.58712487955,8567.94856626561,1.7484828460713286
David Carreira,3,6313.329360000001,1902.6570850616292,1.0,1941.0456,0.9320201441944487,PT,1.0,8234.408446059162,6079.640124147092,4704.83981181367,0.9629847862312527
Göksel,2,6309.420677733333,1343.9171815190957,1.0,3635.1353165,0.5974635318365872,TR,1.0,5816.267722224057,4294.275034867627,3323.2026459390368,0.680613205903771
JM De Guzman,1,6297.76992,1925.1145745117965,1.0,8819.4354,1.0,PH,1.0,8331.601020726264,6151.399483739956,4760.372094150879,0.9767583703248334
Ulises Bueno,2,6292.3359199999995,2719.9214335169,0.0,5150.2044000000005,0.9608312244849933,AR,1.0,11771.403370904034,8691.07923417603,6725.749345947495,1.3812166649513573
Gente De Zona,2,6282.0212,0.0,1.0,3273.8514,0.984818981093644,ES,0.984818981093644,0.0,0.0,0.0,0.0
N'Samble,1,6275.0012,2306.203646949457,0.0,6054.054,1.0,PE,1.0,9980.89615720635,7369.109408379872,5702.7190120106325,1.1743598405016835
Meghan Trainor,2,6266.81591952,1895.283702353205,0.0,4398.7565542,0.9959458466772905,PH,0.8297365148828495,8202.497575032023,6056.079644585755,4686.607107251876,0.9663726719213438
Tuna Kiremitçi,1,6260.214513106666,2263.1517501359244,1.0,3063.5731045,1.0,TR,1.0,9794.574141787194,7231.543873663607,5596.26142714539,1.1551591177144684
手塚 翔太,1,6254.2915578,4251.389487441569,1.0,1492.2680742000002,1.0,JP,1.0,18399.362542905124,13584.643451602155,10512.722798597897,2.172051514717147
Şam,5,6252.786944560001,619.803356646813,1.0,3453.3643182,0.7391724201663468,TR,1.0,2682.4139961631713,1980.4837065681538,1532.633247863063,0.316736156873408
Paul Kelly,1,6242.493833333333,6134.707148508171,1.0,3045.854,1.0,AU,1.0,26550.072924012442,19602.487501710893,15169.740597362694,3.1401693017362042
Wincent Weiss,4,6234.713246666668,6100.38237030709,1.0,21854.437603000002,0.5719941511322175,DE,1.0,26401.520541269794,19492.808095767403,15084.863199180936,3.126496331838365
Elanur,1,6227.95988724,4010.9837569019132,1.0,1502.3070126,1.0,TR,1.0,17358.923362571877,12816.464920147842,9918.253905116502,2.0578913724872465
Mustafa Sandal,2,6223.4608800000005,1559.1415140390393,0.0,6953.9076000000005,0.9389802936121843,TR,1.0,6747.725668805253,4981.99038723163,3855.4036484533995,0.8005176674673063
Dillom,1,6222.77497894,3182.970141017664,1.0,1561.5491001,1.0,AR,1.0,13775.40725469246,10170.678224271984,7870.76386851339,1.6344280901515864
Melissa Horn,3,6220.6755,6086.6470758522955,1.0,2275.9155,0.3692470129053561,SE,1.0,26342.076290618603,19448.91913230679,15050.898928537912,3.126496331838365
Halott Pénz,5,6202.24295184,1671.6386117247478,0.8122175798867817,3154.1315934,0.3852725770360371,HU,1.0,7234.59587711204,5341.45709003897,4133.583478156169,0.8612137788724217
Lon3r Johny,3,6177.94424,1510.6785321804064,1.0,2185.9032,0.539090111584081,PT,1.0,6537.985306092961,4827.134585123698,3735.5656764731175,0.7813496525057174
Sura İskenderli,1,6177.576416786666,4395.335070222495,1.0,1459.5797877999998,1.0,TR,1.0,19022.336977936215,14044.5988201442,10868.66760542602,2.273480386576853
LEO,2,6169.9833,0.0,1.0,3195.936,0.5134833738848337,FI,1.0,0.0,0.0,0.0,0.0
El de La Guitarra,1,6168.1997156,0.0,0.0,10867.2390204,1.0,MX,1.0,0.0,0.0,0.0,0.0
Jessi Uribe,7,6166.128500306667,2840.4519848287878,0.078931112865357,5060.6494052,0.5892109366311966,CO,1.0,12293.041136071071,9076.215568881129,7023.794086013544,1.4719471980562409
Birgir Hákon,11,6159.153,4554.034847224868,1.0,2695.743,0.30825768628537664,IS,1.0,19709.16530575006,14551.698885380374,11261.096191128068,2.3626136394696435
2K,1,6136.6219616,1497.8188225315603,0.0,4940.0713217,1.0,PL,1.0,6482.330452374064,4786.0434145812815,3703.7665286396573,0.7799149832807067
5MIINUST,8,6118.209448,1595.1946940641433,0.7173302586333207,2409.4871196,0.3284894626585079,EE,1.0,6903.758309913775,5097.19262814233,3944.554992674263,0.833118361093141
Istanbul Trip,5,6109.11548,1760.2897435733428,0.056410293949787964,7922.8548,0.5241391777115492,TR,1.0,7618.264397613269,5624.72777631732,4352.797638058295,0.9207106650269639
Chrisye,1,6105.596836820001,2107.408891815881,0.0,3491.8928600000004,1.0,ID,1.0,9120.542905137727,6733.892174928193,5211.1446312798535,1.102904819119277
Static & Ben El,4,6079.410108893334,1383.5139990940647,1.0,4855.2561591,0.6446090540936872,IL,1.0,5987.636683891591,4420.800409727552,3421.116602799951,0.7271758822884039
AJ,1,6065.607599999999,0.0,1.0,1749.6945,1.0,GB,1.0,0.0,0.0,0.0,0.0
Stamp,5,6029.31472,1854.5414643304603,0.6054053718396706,2680.3638,0.5544091440124658,TH,1.0,8026.171409103403,5925.894259644145,4585.86078518639,0.9828470622021444
Freestyle,1,6025.66744,2193.9450286806996,0.0,3243.5969999999998,1.0,PH,1.0,9495.058051289727,7010.404728873243,5425.128887864359,1.1634237698443648
LEE HI,1,6025.348419999999,177.60922102444457,1.0,4221.213,1.0,ID,0.4411778794389196,768.6655053000802,567.5222062013064,439.1873557152069,0.09418911017950833
Shotgun Willy,1,6023.916199253334,0.0,1.0,1737.6681343999999,1.0,SE,0.6222595411599441,0.0,0.0,0.0,0.0
Ranveer Singh,8,6013.498499493333,1677.0622991004875,1.0,4545.0739741,0.6423899526031699,IN,1.0,7258.068765361963,5358.787626187216,4146.995027979076,0.8911264593545206
Macky,3,6006.4523063999995,0.0,1.0,7854.3223715,0.6871476864870875,SE,1.0,0.0,0.0,0.0,0.0
MILION+,13,5993.486003613334,1843.8615813486226,0.0,6692.5195514,0.3813255635041282,CZ,0.8853492233221061,7979.9505113289,5891.768380836365,4559.451854731729,0.9830286376383217
The Script,3,5964.752733333334,2549.274650398606,0.10513618273374416,3647.824,0.9377184315909978,PH,0.9603275815938488,11032.870230468698,8145.804398343486,6303.77852142192,1.3656566772368612
Fatah,2,5915.697666666667,5788.240184597783,1.0,5973.905,0.771479292020881,NL,1.0,25050.616970386538,18495.407055098105,14313.006308203592,3.1264963318383643
Endah N Rhesa,2,5914.027093433334,2176.2188486183095,0.0,3442.4209171,0.9209807145463327,ID,1.0,9418.341858987853,6953.763520953386,5381.296061485028,1.1758085330171262
Heja,2,5911.38904616,1569.388332494736,1.0,3345.8057656,0.9212727766183512,TR,1.0,6792.072329640403,5014.732476763799,3880.741708471307,0.8483171108525392
Dorian,12,5910.342810666666,2210.635947384255,1.0,2788.6114295,0.5037694677497196,CZ,1.0,9567.29379099507,7063.737922676647,5466.40174750301,1.195148597798489
Britz,1,5891.393231100001,5764.459403608311,1.0,1359.5522841000002,1.0,NO,1.0,24947.697392617614,18419.41932645153,14254.201825759681,3.126496331838366
Palmy,3,5889.8377199999995,2547.4453704096,0.45858024081519183,4298.3886,0.6831788079839967,TH,1.0,11024.953386855657,8139.959223137309,6299.255126540729,1.38203455003465
Ori Ben Ari,2,5875.035833333333,1610.3400420978255,0.5846645928258877,3685.066,0.5812355870966762,IL,1.0,6969.305056485304,5145.587195047046,3982.0060062868047,0.8758392869456904
Jamil,2,5864.662060400001,0.0,1.0,8867.9010056,0.6183268120649259,IT,1.0,0.0,0.0,0.0,0.0
Fumaratto,1,5855.02632,2221.817374946224,1.0,1649.7096000000001,1.0,CO,1.0,9615.685296893937,7099.466407953745,5494.050884049735,1.2125421851141645
Ayo97,1,5849.519433333334,2419.4519124097,1.0,1509.886,1.0,SG,1.0,10471.017304589654,7730.976349137541,5982.75630939832,1.3216429891800638
Ne-Yo,2,5845.766988706667,1928.7255306823804,0.0,4472.1470045,0.846064910834261,PH,1.0,8347.228685964976,6162.937723706359,4769.3011704849505,1.054256479194677
Onur Can Özcan,3,5824.4100255466665,1785.255522000477,0.0,8038.539989299999,0.5649431758310455,TR,1.0,7726.312462793746,5704.501977064195,4414.532350634258,0.979412842166582
Tahribad-ı İsyan,2,5820.37612,2203.9559372132358,0.0,6272.1233999999995,0.9640392598143079,TR,1.0,9538.383730110285,7042.393005516168,5449.883596101643,1.2099549686002369
Karsu,1,5817.2218611866665,2044.5349868649841,1.0,3543.1438568000003,1.0,TR,1.0,8848.434274513089,6532.988544787766,5055.671712139731,1.123042699879954
Potret,1,5816.22529774,1823.8973680858026,1.0,1459.0385829,1.0,ID,1.0,7893.548454121114,5827.975891400079,4510.084879406581,1.0020203126699105
Alex Mattson,1,5816.051859626666,0.0,1.0,1415.023232,1.0,FI,1.0,0.0,0.0,0.0,0.0
Julie Anne San Jose,1,5796.36876,2545.149571716484,0.0,3617.2398,1.0,PH,1.0,11015.01752174498,8132.623361115078,6293.578136621691,1.4030548603527906
Velet,4,5794.791755393333,1361.5458833130347,0.27233659211271305,5958.6219822,0.6556112340185163,TR,1.0,5892.562043510211,4350.604766380746,3366.7944306499576,0.7507784489980244
GFRIEND,2,5756.488833333333,0.0,1.0,1776.0573,0.7479603839358111,SG,0.4612047145100555,0.0,0.0,0.0,0.0
Karan Sehmbi,1,5753.750922746667,1891.8752223981844,1.0,2732.2772146,1.0,IN,1.0,8187.746195842254,6045.188385377992,4678.1787087159255,1.0506517342416
Joan Sebastian,1,5747.5184,5623.684447576033,1.0,1326.3504,1.0,MX,1.0,24338.4449445296,17969.59519477351,13906.097260387867,3.126496331838365
Solar,2,5739.98985326,4276.146591824661,1.0,1372.9825317,0.6313128631190728,PL,1.0,18506.507498784285,13663.75086740865,10573.941507550397,2.3804486099654665
RRILEY,2,5733.961566666666,812.1724029033808,1.0,1875.8635,0.8978862267963527,SG,1.0,3514.95776439775,2595.1686024685914,2008.3183066655583,0.45259609299705256
Hawk,2,5730.409628320001,1449.0713216651486,1.0,3178.8903429,0.8877857475968867,GR,0.8741971436374959,6271.358734974103,4630.278476933711,3583.2250056277553,0.8080187590867186
Isyana Sarasvati,1,5727.150000000001,2094.2652013015995,0.0,3712.4046,1.0,ID,1.0,9063.659025728799,6691.893588394976,5178.64326311884,1.1684509028740255
Hugo Lagos,4,5689.95999,5567.366170257564,1.0,1313.06769,0.34046805309785666,CL,1.0,24094.70806621362,17789.639037042063,13766.8349228174,3.126496331838365
iri,2,5676.280184900001,3531.7660282335173,1.0,3811.3143898999997,0.7814481540259776,JP,1.0,15284.942431677802,11285.200377372577,8733.257057251529,1.9881330747896104
Leona Lewis,1,5670.72808588,1968.3190035373418,0.0,4123.2042928,1.0,PH,0.9866864087001805,8518.583172196606,6289.452411041915,4867.20685661123,1.109108445298678
Fuego,3,5670.614551160001,0.0,1.0,33150.6139857,0.7545883463151123,ES,0.777396416546516,0.0,0.0,0.0,0.0
Bora Duran,1,5669.99264,1793.0487681510995,0.0,7322.7966,1.0,TR,1.0,7760.040438490862,5729.404063922976,4433.803282343702,1.010478218878777
Pilar Pascual,1,5665.862871413334,0.0,1.0,1461.3350968,1.0,AR,1.0,0.0,0.0,0.0,0.0
Noy Fadlon,5,5665.1503999999995,1668.1624438751624,0.2811024869995803,6000.4735,0.7587202909903693,IL,1.0,7219.551555081926,5330.349544857792,4124.987702795657,0.9409016828322497
DJ Artz,2,5653.4608,1752.6704150271398,0.0,4375.6812,0.9602214622034164,TR,1.0,7585.289110670209,5600.381415687099,4333.956765173257,0.9906111696550721
Dengarkan Dia,1,5648.0225791600005,2057.0754937374095,0.0,2448.853203,1.0,ID,1.0,8902.707667505929,6573.059753287363,5086.68154384138,1.1637807146063035
Naim Daniel,1,5637.500959999999,1507.9089063147667,1.0,2460.0192,1.0,MY,1.0,6525.9987895527465,4818.284683229226,3728.7170193300108,0.8546844989325246
Usher,1,5633.35896136,1940.7483965243607,1.0,1434.4253505000001,1.0,PH,1.0,8399.261807861889,6201.354892072656,4799.030993220513,1.1008272213094568
Burry Soprano,2,5622.561143680001,1731.1998523934226,0.0,7802.4635281,0.7279539254165681,TR,1.0,7492.3678041032945,5531.775624816627,4280.864929206462,0.9838533514276816
Joshi Mizu,2,5599.460533333333,0.0,1.0,3250.6425,0.5031046939182023,DE,1.0,0.0,0.0,0.0,0.0
Joey Christ,10,5591.5519348,1390.5345669289552,1.0,3223.8786634000003,0.5970363735929429,IS,1.0,6018.020626184525,4443.2335250999495,3438.476876130582,0.7946333284408412
Elov & Beny,1,5549.486081706667,0.0,1.0,1600.8132928,1.0,SE,1.0,0.0,0.0,0.0,0.0
El Papi,4,5549.485846666667,5453.66505807376,0.0,23337.8188933,0.42112598647003574,NO,1.0,23602.627067570447,17426.32509612222,13485.677838101565,3.1401693017362047
The Panasdalam Bank,1,5544.14484,2164.2653480826266,1.0,4592.7648,1.0,ID,1.0,9366.608939512344,6915.567998464689,5351.737763433125,1.2473642370542197
Renne Dang,3,5540.458559999999,2085.637335088076,1.0,2449.4388,0.7695016507454688,CZ,1.0,9026.318942232983,6664.324604982597,5157.3085051264015,1.2028471168607744
Carlitos Junior,1,5531.67576,3678.7383567206925,1.0,1325.8272,1.0,CL,1.0,15921.016158537825,11754.8272336387,9096.686320322873,2.125002936477011
Mlodyskiny,1,5530.495246466668,890.0809928650652,1.0,1780.6055884000002,1.0,PL,1.0,3852.1342089803925,2844.113193307165,2200.96859483986,0.5142601279920125
Yuval Dayan,2,5517.785,2225.729996042995,0.2963200571727001,2561.5275,0.8395482773462318,IL,1.0,9632.618521729055,7111.968570533264,5503.7259093862285,1.2889173047759679
Ayse Hatun Onal,1,5510.892919999999,1530.2993029992945,1.0,2847.2586,1.0,TR,1.0,6622.90099700634,4889.829658489135,3784.0833964616286,0.8873026076669143
Cocktail,1,5510.8378,1863.9250839077513,1.0,1402.8642,1.0,TH,1.0,8066.782277403588,5955.878133532793,4609.064349986783,1.0807572913020218
Crowd Lu,3,5483.136532120001,1666.7982271146973,0.38138964330417413,4296.0484787,0.4552079858493055,TW,1.0,7213.647433891184,5325.990405725431,4121.614303891056,0.9713401033379317
Amedeo Preziosi,1,5453.949319866666,0.0,1.0,1258.6036892,1.0,IT,1.0,0.0,0.0,0.0,0.0
The Rudeboyz,2,5448.679138760001,0.0,0.1220076114210846,71718.53101579999,0.9973261644768248,MX,0.270420434435939,0.0,0.0,0.0,0.0
Bsw,5,5412.860024346668,1647.1051979342105,1.0,2433.4354454,0.5901311043671215,HU,1.0,7128.419019856167,5263.0644421812385,4072.9179053487187,0.9723259826613547
James TW,4,5410.51061096,2441.7705271118143,0.0,52558.4895275,0.4409245777444683,SE,0.5223307016221596,10567.608850617758,7802.29195641312,6037.945185953885,1.4420620376583533
Zommarie,1,5401.31332,2014.6113715875579,1.0,1509.4476,1.0,TH,1.0,8718.929450805414,6437.372359649345,4981.6773925242915,1.1918161340155962
AGA,4,5380.105033333333,272.4548514818226,1.0,4736.725,0.39098163815716547,HK,1.0,1179.1428670075063,870.5864341465251,673.7191069466619,0.16181588068497965
Ardhito Pramono,1,5368.469080000001,2261.2398383561713,1.0,1633.2078000000001,1.0,ID,1.0,9786.299680439994,7225.434661624676,5591.533702570803,1.3459022589033287
Javed-Mohsin,1,5353.176399999999,2101.467576209887,1.0,1958.8524000000002,1.0,IN,1.0,9094.829801189142,6714.907639547634,5196.453104142832,1.2543781743391895
Fiesta Huasa,5,5339.671956666667,5224.62531618241,1.0,1232.2319900000002,0.2516925161145995,CL,1.0,22611.378145249666,16694.46478573852,12919.314458910172,3.126496331838365
PastoriPike,1,5334.7123258,0.0,1.0,4657.6304628,1.0,FI,1.0,0.0,0.0,0.0,0.0
KZ Tandingan,2,5333.39976,3155.29448282018,0.3455305289172623,1631.8644,0.7252944546127731,PH,1.0,13655.631244921246,10082.24503083915,7802.328237348958,1.8903973983827438
Pop Pongkool,3,5333.24837292,1797.0782640286495,0.6619076497201579,3418.6413122,0.5304403849648185,TH,1.0,7777.479479476213,5742.2796814000185,4443.767312528165,1.0766945920907993
Ash King,2,5325.6918000000005,2207.9333471435366,1.0,1938.7152,0.8607108460283387,IN,1.0,9555.59735109362,7055.1021905775715,5459.718829541713,1.3247297169125654
a-ha,1,5306.874425319999,553.6832166928275,0.0,3931.0050908999997,1.0,BE,0.5762937093732778,2396.256157650681,1769.2072453316034,1369.1331251869233,0.3333802731209194
Shiga Lin,1,5301.772658173334,1694.9032836941915,1.0,1405.5476156000002,1.0,HK,1.0,7335.2818140914715,5415.795673849499,4191.1117399485875,1.0215065833689387
King Badger,1,5291.701480000001,1878.0277154796834,1.0,1343.796,1.0,PH,1.0,8127.816306835021,6000.940864717485,4643.936962078528,1.134028608264857
Pasto,1,5289.773872760001,1526.3746963854721,0.0,3051.4192905,1.0,ID,1.0,6605.91590068917,4877.28919808341,3774.378733657495,0.9220222480963308
Nik Tendo,5,5283.569970293334,1444.1973933290756,0.22088533958701542,3075.5601777,0.6275172525296805,CZ,0.8847523746503085,6250.265119644703,4614.7046089430705,3571.1728853295035,0.8734065480137609
Fito Paez,1,5248.9888987466675,2724.1999060653416,1.0,1314.3016924,1.0,AR,1.0,11789.919944786805,8704.750417270343,6736.329039018677,1.658367084630114
ToTheMoon,1,5248.139866666667,0.0,1.0,1513.8865,1.0,DE,1.0,0.0,0.0,0.0,0.0
Eden Meiri,2,5232.433106506667,2689.134347321217,1.0,1549.0439781,0.7715529610501766,IL,1.0,11638.161577314586,8592.703964133721,6649.619858421635,1.6422004427440209
Ben Cristovao,7,5230.251644973333,2317.175202431202,1.0,1932.0732728,0.7718695159727381,CZ,0.9740332605878383,10028.379368886799,7404.167280581242,5729.8491824619,1.415642646505777
Arko,2,5225.458356386667,1675.9624815707814,1.0,2111.7654167,0.8788297609306143,IN,1.0,7253.308923545569,5355.273333025648,4144.275428456851,1.0248427923036298
WALK THE MOON,1,5218.19584,0.0,0.0,2933.0628,1.0,GB,0.9920837699076883,0.0,0.0,0.0,0.0
Yaşlı Amca,1,5201.29324,1814.72629443748,0.0,3551.862,1.0,TR,1.0,7853.857452047175,5798.671174448393,4487.406892523672,1.114851808364566
Seinabo Sey,1,5200.3965,5088.350638125636,1.0,1200.0915,1.0,SE,1.0,22021.602210960198,16259.020581355071,12582.33806116752,3.1264963318383647
Gleb,15,5195.98768,1104.361397230022,0.7030662859462361,4908.8364,0.20880133630039088,SK,0.8539877189632965,4779.506979082378,3528.8123723783415,2730.8354769297166,0.6791417897238627
Cledos,1,5191.193132666667,0.0,1.0,3243.7149698000003,1.0,FI,1.0,0.0,0.0,0.0,0.0
Scouting For Girls,1,5161.010399999999,0.0,0.0,11252.3625,1.0,GB,1.0,0.0,0.0,0.0,0.0
Ana Diaz,1,5122.143,5011.783159730369,1.0,1182.033,1.0,SE,1.0,21690.229891827345,16014.361300651555,12393.00403798879,3.1264963318383643
William Segerdahl,1,5095.467,4752.674692840708,1.0,3561.4575,1.0,SE,1.0,20568.848133152445,15186.4211299415,11752.287515725404,2.9803786640049874
The Jungle Giants,1,5085.055733333334,0.0,1.0,1466.843,1.0,AU,1.0,0.0,0.0,0.0,0.0
Rotem Cohen,1,5054.761833333333,1510.0973636432925,1.0,2514.589,1.0,IL,1.0,6535.470097678282,4825.277552879228,3734.1285783789554,0.9546003772243463
BHZ,1,5052.368533333333,0.0,1.0,1457.414,1.0,DE,1.0,0.0,0.0,0.0,0.0
John Gibbons,2,5042.7013,0.0,1.0,1584.1105,0.9132241721773829,IE,1.0,0.0,0.0,0.0,0.0
RubberBand,1,5038.903566666666,1707.9845776507293,0.0,4056.99,1.0,HK,1.0,7391.895650755375,5457.594882040161,4223.458815561933,1.0830917499876798
Itzo Hazarta,12,5009.39192,1057.3603172244943,1.0,2985.4896,0.20211599464288874,BG,1.0,4576.09350367996,3378.6278466835297,2614.6124569517983,0.6744586769492633
p n v .,2,4966.37856,1600.7714335924181,1.0,1260.2016,0.8831506006657981,TH,1.0,6927.893584437829,5115.012218264067,3958.3450057873683,1.0299279759825772
Soufian,2,4940.293044960001,0.0,1.0,3303.174072,0.5685711678715308,DE,1.0,0.0,0.0,0.0,0.0
Kiyo,1,4927.257371399999,2082.5629170650204,1.0,1546.3915214,1.0,PH,1.0,9013.013331918582,6654.500787901673,5149.706166046703,1.3505486493413894
Ghost,2,4913.590586666667,4807.724141256047,1.0,1133.9055200000003,0.7626984918461284,SE,0.5132491197326563,20807.093714314266,15362.322945368855,11888.412326946696,3.126496331838365
Luigi,10,4896.7152,3861.6305602294883,1.0,1643.1975,0.4064137147238844,IS,1.0,16712.545602868788,12339.230375737074,9548.937294549602,2.5198995391312677
Willie Peyote,1,4894.0987719,4788.65229007966,1.0,1129.4074089,1.0,IT,1.0,20724.55366353904,15301.381857999993,11841.251960843865,3.126496331838364
Peg Parnevik,2,4888.026,0.0,1.0,22493.664,0.9629415643445194,NO,0.545315160749267,0.0,0.0,0.0,0.0
Jikustik,1,4884.263751640001,2016.6013007886086,1.0,1247.9483961,1.0,ID,1.0,8727.541559602549,6443.730864032455,4986.598036502284,1.3192839682068416
Yam Refaeli,2,4853.8035,1032.1865032896278,0.3216844618177614,2846.3155,0.8535622632136177,IL,1.0,4467.145092685516,3298.1889013381733,2552.3633197079666,0.6795060618622434
LÉON,2,4846.87307832,0.0,1.0,5524.2494244,0.746909243683932,SE,1.0,0.0,0.0,0.0,0.0
Drenchill,1,4845.853999999999,483.2269125804911,1.0,6934.044,1.0,PL,1.0,2091.3320648039958,1544.0752565756814,1194.910651161745,0.31863841885778676
Mad Clip,7,4837.488475300001,1642.9240644077017,0.7810533359597686,2122.3764772,0.2148213150201795,GR,0.9935185979736507,7110.323714351513,5249.704290553414,4062.5789096208623,1.0852127746367084
Majka,3,4827.71328,1602.9462654126496,0.0,3555.756,0.4064978586832168,HU,1.0,6937.305923450401,5121.96154975494,3963.722872041966,1.060949822967726
Louis Tomlinson,2,4818.952403373333,944.5539194107727,1.0,4196.3632338,0.666750129293824,GB,0.4055836952557565,4087.8846917926985,3018.172824181886,2335.667798122697,0.6263130596743648
Ritviz,4,4803.90768,1229.8758596394382,1.0,1896.2544,0.7338622918950115,IN,1.0,5322.714348125021,3929.8740076126915,3041.204299739994,0.8180577707548059
Derya Uluğ,1,4785.177750773333,1307.1136866220293,1.0,1200.1447064,1.0,TR,1.0,5656.9878332707185,4176.675281322022,3232.1959430680404,0.8728359736787268
BRÍET,3,4725.083999999999,1365.8259644706593,0.6381664960876886,4012.2315,0.5506114240915561,IS,1.0,5911.085579207145,4364.281089531566,3377.3781014471224,0.9236409531622225
Kahitna,1,4710.783043373333,2043.614598328108,1.0,1201.084761,1.0,ID,1.0,8844.450973895646,6530.047588625707,5053.395799856519,1.3861915372671507
Scrubb,5,4708.457,1721.7104663371997,0.6786407096847226,1652.811,0.507736456255434,TH,1.0,7451.299194681883,5501.453790854063,4257.399827871325,1.1684196735478445
Alex & Sierra,1,4690.818426666667,586.6116448529492,0.0,2581.3122,1.0,SG,0.5944697429470174,2538.765351286262,1874.4248353214919,1450.5576661431141,0.399594412920705
Emma,1,4668.072456666668,4567.4958560749255,1.0,1077.2474900000002,1.0,IT,1.0,19767.42249031456,14594.711412524044,11294.38221562621,3.1264963318383656
STEIN27,6,4636.209531026667,2847.672988996839,0.7253534530053845,2492.1363596,0.28128925100732277,CZ,0.9964526677418972,12324.292536114344,9099.28914689022,7041.649992975371,1.962657012370885
Amir Dadon,2,4626.160933333334,1896.1046339213713,1.0,1409.17,0.7928642392330237,IL,1.0,8206.050441122092,6058.702801717005,4688.63708498933,1.309661053523157
Naif,1,4618.836729173333,1295.618847728678,1.0,1191.3017116,1.0,ID,1.0,5607.239931132885,4139.945339649762,3203.771811320689,0.8963177489044343
Terence Siufay,1,4601.011566666667,1676.5801855403029,0.0,3258.395,1.0,HK,1.0,7255.982251715804,5357.247108472328,4145.802870396094,1.1643628864757534
Rahat Fateh Ali Khan,3,4583.0507930133335,1458.8009866246614,1.0,2612.0665053,0.843121442440863,IN,1.0,6313.4672346869365,4661.368084171289,3607.284262241325,1.0170884624009289
Quebonafide,1,4578.467243306667,469.961010881014,0.0,4054.0007934,1.0,PL,1.0,2033.9192741038644,1501.6861635076996,1162.1070824339176,0.3279888407420711
Qbik,1,4576.516634906667,2134.2879265594474,1.0,1163.5914435999998,1.0,PL,1.0,9236.871250614216,6819.779883968541,5277.610393164928,1.4901682716395552
Vũ.,10,4543.91196792,1329.4815223393514,0.40828503286399853,1997.9895558,0.307357087086531,VN,1.0,5753.792400313768,4248.148166575518,3287.506532040281,0.9349098742597627
O-Pavee,4,4515.04352,2012.7021824979106,0.6956428450993092,1843.5462,0.4400088264671642,TH,1.0,8710.666772843973,6431.271847536503,4976.956400545349,1.4244097136712655
Contra,3,4509.265266913333,1519.7697184193808,0.0,4177.3120523,0.7239743295775232,TR,1.0,6577.330567695097,4856.184034479819,3758.046119895929,1.0769346549895829
Boza,7,4505.2644,1112.653515006894,0.6127576619032615,5177.6172,0.4112042118525101,PA,1.0,4815.393994768854,3555.308524704598,2751.34000512199,0.7891453661864103
Jesse McCartney,1,4503.418335346667,867.9788125377514,1.0,1420.9732259,1.0,PH,1.0,3756.4793577765245,2773.489167882889,2146.314911447163,0.6158630980635712
Vidar Villa,6,4491.5013,1424.0825946837344,1.0,3598.1055,0.2816669772467761,NO,1.0,6163.211351965589,4550.43094770716,3521.4335464774103,1.013120256184087
Udit Narayan,2,4483.851320000001,1468.2080607071216,1.0,1186.074,0.8747762787144816,IN,1.0,6354.179610493114,4691.426903225747,3630.5458247179945,1.0462940379623797
Rina,1,4480.22302,1186.9152554681118,0.0,2662.2876,1.0,GR,0.739066508066221,5136.7874332786105,3792.6001841117336,2934.9724608911783,0.8465204002526939
BlackJack,1,4463.99575128,0.0,1.0,1140.4778948,1.0,SE,1.0,0.0,0.0,0.0,0.0
Chencho Corleone,1,4441.026093573333,0.0,1.0,1919.9205086,1.0,CL,0.9828224996544005,0.0,0.0,0.0,0.0
Lhast,2,4428.831679999999,1228.0564298754098,0.7900533803985074,2136.8496,0.5844854967799324,PT,1.0,5314.840134776986,3924.0603072442423,3036.7052622330216,0.886026065285968
mishlawi,7,4410.715920000001,1299.138953943621,0.0,6255.5964,0.5324330706501461,PT,1.0,5622.474411678502,4151.193282935839,3212.4762363018936,0.9411608814144256
Patent Ochsner,2,4398.989145979999,1249.7291112012151,1.0,1929.5681714999998,0.909467532279929,CH,1.0,5408.636180086001,3993.3119364635727,3090.296891923401,0.9077794474925783
Lacrim,22,4395.421333333334,0.0,1.0,95388.26550000001,0.25294639622103204,FR,0.9904485526052468,0.0,0.0,0.0,0.0
Thaeme & Thiago,1,4392.9392,4298.290521033756,1.0,1013.7552,1.0,BR,1.0,18602.343032754085,13734.508294788962,10628.69842646706,3.126496331838365
Getsunova,4,4383.249,1012.6886839732526,0.6415473362339216,2441.3736,0.4822858738211964,TH,1.0,4382.7615170433,3235.886700074531,2504.149630923232,0.7382393060660097
Yo Hitoto,1,4374.673333333333,0.0,0.0,9879.891,1.0,JP,1.0,0.0,0.0,0.0,0.0
Marvin Gaye,1,4352.75761284,0.0,1.0,1236.9244746,1.0,BE,1.0,0.0,0.0,0.0,0.0
DA Uzi,19,4322.047271099999,4228.926003990435,1.0,40017.700107,0.2237103967535113,FR,1.0,18302.144027119903,13512.864939126162,10457.175694454594,3.1264963318383647
9m88,8,4303.9490000000005,1015.0421977843682,1.0,1155.0996,0.4652881881354647,TW,1.0,4392.947164344816,3243.4069816382103,2509.9693372503084,0.7535886186472492
Daj To Głośniej,1,4293.02867656,2527.370793331658,1.0,1052.9820492000001,1.0,PL,1.0,10938.073691959762,8075.814083565621,6249.615246510239,1.8811460840361223
Maná,3,4286.872720000001,0.0,0.6777578224902371,5748.8844,0.623822180178123,AR,0.4088024452187628,0.0,0.0,0.0,0.0
DJ Muscleboy,2,4278.866177559999,867.5881432321218,1.0,1111.5856727999999,0.9158201907512028,IS,1.0,3754.7886008581336,2772.2408458366167,2145.3488747835877,0.6478914578762246
Ivri Lider,2,4276.109516726667,2121.5241148707446,0.2395476945558026,1241.3601649,0.8095763380492861,IL,1.0,9181.63142857873,6778.9951402073275,5246.048379255544,1.585318410038432
Ingi Bauer,2,4266.18193326,1851.067320018455,1.0,1074.0161285,0.8253360036948458,IS,1.0,8011.135844634002,5914.793180357616,4577.270013575761,1.3864371639298165
Arjun Kanungo,3,4254.78456,1181.79357547647,1.0,1498.3662,0.6646947855604324,IN,1.0,5114.621586730481,3776.2346648467537,2922.3077068915027,0.8875266447913296
Pedro Suárez-Vértiz,1,4249.874720000001,1514.2738382270584,0.0,2477.3268,1.0,PE,1.0,6553.545239992327,4838.622817591561,3744.4560535971673,1.1385330477674787
Modo Diablo,1,4239.52048,0.0,1.0,10823.4,1.0,AR,0.9493316702699707,0.0,0.0,0.0,0.0
La Factoria,2,4227.959468373333,2372.866171036108,0.0,1719.3574952999998,0.9100584779938291,MX,0.9100584779938291,10269.401351171431,7582.11897242383,5867.560327737635,1.7933282069378442
C AllStar,2,4220.094309773334,2405.6542849346424,0.41456185189708883,2816.9189872,0.8476779137952768,HK,1.0,10411.303286173921,7686.888210358356,5948.637903321419,1.8214967832724163
TwickBeats,8,4191.2325,0.0,1.0,967.2075,0.12963919324446926,IS,1.0,0.0,0.0,0.0,0.0
F.HERO,3,4186.592132840001,473.5609434690603,0.46721159605130175,5033.3874767,0.4911482376915654,TH,1.0,2049.4992309657664,1513.1891793576642,1171.0088999464188,0.36143697101231187
Zikxo,1,4180.600666666667,4090.526956931417,1.0,964.754,1.0,FR,1.0,17703.17414916504,13070.632649214356,10114.94621357089,3.1264963318383647
Pezet,3,4176.007680000001,1453.5919151169296,1.0,1456.5216,0.459679279730558,PL,1.0,6290.923171042381,4644.723319123188,3594.4034088260773,1.1122401286204502
Wiatr,1,4173.444249866668,1806.6326896687963,1.0,1071.3552365,1.0,PL,1.0,7818.829570255141,5772.809339077737,4467.39324201578,1.3832242611752068
Hafiz Suip,2,4152.2331786,1421.4506497599034,1.0,2153.8109441,0.9857422072795566,MY,1.0,6151.820697453793,4542.020983510722,3514.9253431036323,1.0938742570912516
Ventino,2,4135.73472,1108.3717696568717,1.0,1928.7456,0.9687367789717836,CO,1.0,4796.863256702118,3541.626883889888,2740.752219154147,0.8563476924095093
Filatov & Karas,1,4129.894126713333,78.72671235850227,1.0,1451.3761643,1.0,PL,0.8901624214168583,340.71715300937853,251.5587717065862,194.67331946759455,0.06091167569634106
Aliyah,1,4122.397066666666,0.0,1.0,1189.153,1.0,NL,1.0,0.0,0.0,0.0,0.0
Harrdy Sandhu,2,4118.328936106666,1437.0759092339356,1.0,1567.4382072,0.8997918637694925,IN,1.0,6219.4444272341225,4591.949031604296,3553.5630689558257,1.1150029788405815
LOKE,1,4114.617,0.0,1.0,1012.6575,1.0,NO,1.0,0.0,0.0,0.0,0.0
Non Tanon,4,4113.05336,1426.2120815721655,0.32273830748453997,3634.3968,0.4721023857383982,TH,1.0,6172.427445058528,4557.235386632282,3526.699284991243,1.1079932565310269
SB Maffija,1,4093.82272,457.1561066917231,1.0,2570.1948,1.0,PL,1.0,1978.5016100197133,1460.7701151528536,1130.4434560825175,0.35682300262207095
ØZI,4,4092.7612306533333,1023.4307392917395,0.3450306520620668,1628.6345288999999,0.7755955543648919,TW,1.0,4429.251487168273,3270.21124076178,2530.7122994776055,0.7990232159816838
Bon Iver,1,4084.6563333333334,0.0,1.0,5388.2803,1.0,AU,0.6752563521983072,0.0,0.0,0.0,0.0
Above The Hood,8,4081.62976,1113.0109231770755,1.0,1855.5312,0.26577079382982083,GR,1.0,4816.940802587425,3556.450566047304,2752.22379453488,0.8713310062810068
.Feast,3,4074.97116,2393.618765528858,1.0,983.0148,0.7744333045646922,ID,1.0,10359.215401590931,7648.430609527996,5918.876791189983,1.8769287705898747
Twenty One Pilots,8,4055.3353249066668,1007.7234847150338,0.7934597780190692,11244.771018,0.6156877290357999,CZ,0.1989038529926248,4361.27289514225,3220.0211902716046,2491.8718183173423,0.7940209458130847
Sasha Sloan,1,4046.7172226,2434.9714491783598,0.0,2237.5969098,1.0,SG,0.7089105561652665,10538.183482694016,7780.566577028691,6021.132606957863,1.9226860067157616
One Direction,2,4030.8631490400003,0.0,1.0,1181.9303963,0.983771116251814,JP,0.983771116251814,0.0,0.0,0.0,0.0
Yisa Yu,6,4023.4433747733337,1432.1955581431566,1.0,2256.1037777,0.9335300035032603,TW,1.0,6198.323015206089,4576.354640715691,3541.4950666406417,1.137422405248466
NICKTHEREAL,2,4010.9888,988.5844713260972,1.0,1023.6822,0.8717348020704082,TW,1.0,4278.442176597929,3158.865496663159,2444.5453752824496,0.7875528090886613
Jass Manak,2,4006.646813,1137.4012690780653,1.0,1888.2077678,0.6929497848239919,IN,1.0,4922.498483930151,3634.386063066559,2812.535592871976,0.9070892026904891
Dj Dadda,1,3995.984803546667,958.109059202614,0.0,4107.3838995,1.0,PT,1.0,4146.549260655792,3061.486131878755,2369.1865871089367,0.7661405842088062
Ronald Cheng,1,3987.9142333333334,1400.5285736384492,0.0,2921.8735,1.0,HK,1.0,6061.273156503704,4475.167794637577,3463.1897899895903,1.122182557797129
Twins,1,3979.269233333334,1599.8801372250423,0.0,2249.4745,1.0,HK,1.0,6924.036190274117,5112.164221533521,3956.1410318467783,1.28469925550908
Eypio,4,3972.5493708333333,1226.3525289704326,1.0,1812.3848688,0.54665171772041,TR,1.0,5307.46591263609,3918.615761093072,3032.4919014145835,0.9864234261916932
Eurythmics,1,3968.49152752,0.0,0.0,2685.491126,1.0,BE,0.6380265205910794,0.0,0.0,0.0,0.0
James Bay,7,3967.8439666666663,934.2246855720296,0.6485137490999624,27077.9035,0.7700678082407673,AU,0.5118154919194537,4043.181349802772,2985.167389313581,2310.1259435385973,0.7523399141678904
LIBERATO,11,3963.4443333333334,0.0,1.0,51146.6935,0.29236134296736116,IT,1.0,0.0,0.0,0.0,0.0
QARAN,1,3952.76526892,1260.7292837089967,1.0,1407.901272,1.0,IN,1.0,5456.2432418720455,4028.461249850584,3117.497825795178,1.0191501330791815
EXO,2,3931.5243760000003,492.5888239799841,0.0,15664.6534271,0.8466017425548077,ID,0.32625358014359435,2131.8489834355764,1573.989765411741,1218.0605365577148,0.40035101270646195
Håkan Hellström,3,3899.229523626667,0.0,1.0,3007.8512568,0.41587544176995017,SE,1.0,0.0,0.0,0.0,0.0
Deemz,3,3897.4821599999996,0.0,0.0,6556.41,0.6746792223183113,PL,1.0,0.0,0.0,0.0,0.0
Jawad Ahmad,1,3890.3730772400004,1354.6690419163922,1.0,1569.8580619,1.0,IN,1.0,5862.800127228335,4328.630906135158,3349.789560231385,1.1126518768750262
Bedroom Audio,4,3862.3119599999995,1645.8682606442142,0.3735352956833658,2295.1602000000003,0.8190118493689459,TH,1.0,7123.065744719012,5259.11200448852,4069.8592397318907,1.3616486858012684
Pricetagg,1,3860.608089346667,897.3100960971334,1.0,1352.4882677,1.0,PH,1.0,3883.420660532248,2867.2126505957913,2218.844528951678,0.7426842052442084
Blaya,2,3841.4011999999993,1238.9710941278906,0.6371201425146636,1755.2604000000001,0.630593614485919,PT,1.0,5362.0771299308535,3958.936392510457,3063.6947535663944,1.030596958346985
吳青峰,6,3827.7246800000003,1856.1371759840374,0.649180159948181,1971.9036,0.5551327154126602,TW,1.0,8033.077404734909,5930.993104134739,4589.806618502793,1.5494826822640595
Room 39,4,3817.3480966399993,1272.3946508272202,0.0,2362.565923,0.41851480327984053,TH,1.0,5506.7291640483845,4065.736087524531,3146.3436351993787,1.0650682056224217
Sabaton,4,3799.9259999999995,0.0,1.0,3809.304,0.26442153212240344,SE,0.767796558111403,0.0,0.0,0.0,0.0
Pariisin Kevät,5,3795.8388,0.0,1.0,2410.6949999999997,0.35486923895391165,FI,1.0,0.0,0.0,0.0,0.0
Chisu,4,3784.639228586667,0.0,1.0,3444.5747018,0.4428578845460532,FI,1.0,0.0,0.0,0.0,0.0
告五人,4,3782.0441958,1600.6037064219142,0.3670099241837104,1818.1008678,0.7323679873225128,TW,1.0,6927.16768693361,5114.47627258909,3957.9302545032274,1.3523047346376251
Anna Carina,1,3767.2564800000005,0.0,1.0,3054.2004,1.0,PE,1.0,0.0,0.0,0.0,0.0
NICECNX,2,3745.9640400000003,1350.064788032949,0.0,2464.8042,0.9842787512290022,TH,1.0,5842.873621625568,4313.9187402533935,3338.4042837437833,1.1516177662648874
Loopickz,6,3735.8139,0.0,1.0,896.3415,0.1710252175091748,IS,1.0,0.0,0.0,0.0,0.0
Yabai T-Shirts Yasan,2,3715.6329794133335,1085.9926241303024,0.23050713564697417,1548.113,0.8404111883305676,JP,1.0,4700.0097425368995,3470.117859927722,2685.4136635865448,0.9339237430483847
Shlomo Artzi,1,3701.2318503333327,1331.949011669954,0.0,1772.1786376,1.0,IL,1.0,5764.4713162067055,4256.0326389053025,3293.6080739991507,1.1498962537356325
Carly Rae Jepsen,1,3694.7577333333334,0.0,1.0,1065.7955,1.0,JP,1.0,0.0,0.0,0.0,0.0
Kenshi Yonezu,1,3694.0425901600006,1077.523296714312,0.0,2698.2223972,1.0,HK,0.5439872548027043,4663.355790674411,3443.055462196117,2664.470936114061,0.9320562441179076
ToNick,1,3693.4111042400004,1282.5423853301288,0.0,2785.8460113,1.0,HK,1.0,5550.647004711937,4098.161569939339,3171.4366830553736,1.1095871686839
The Verkkars,2,3682.848,3603.498689171051,1.0,6211.4535,0.8631740541887659,FI,1.0,15595.390401372348,11514.410762718258,8910.635672471259,3.1264963318383647
Vanessa Carlton,1,3675.0173200000004,0.0,1.0,2215.3056,1.0,PH,1.0,0.0,0.0,0.0,0.0
Cir.Cuz,2,3671.862436926667,1365.4698866023841,0.38006261391101,1725.3503383999998,0.8133439107800855,NO,1.0,5909.544528731471,4363.143298958434,3376.4976015693883,1.1882643682616731
Luis,1,3656.8289333333328,0.0,1.0,1054.8545,1.0,IT,1.0,0.0,0.0,0.0,0.0
Ammy The Bottom Blues,1,3640.7849166,1028.18973218096,1.0,927.9416785999999,1.0,TH,1.0,4449.847679487638,3285.417850690073,2542.4802104612163,0.9023927328720666
Mỹ Tâm,16,3620.7126799999996,1219.6700215344968,0.4327757263523048,3323.7426,0.25207547660279106,VN,1.0,5278.545043971236,3897.262864317082,3015.967574842981,1.07638004137823
LEX,5,3607.61492,1183.4235151792689,1.0,1438.5438000000001,0.5583108418388094,GR,0.996189897033375,5121.675716116522,3781.4428796611196,2926.33817841724,1.0481836236726507
Céline Dion,1,3605.1925,3527.516326484097,1.0,831.9675,1.0,CA,1.0,15266.550373406553,11271.621126821185,8722.748507846602,3.1264963318383647
Ankit Tiwari,2,3593.6368,1212.5467128525056,1.0,947.6813999999999,0.9417095238969552,IN,1.0,5247.716455028223,3874.501456799281,2998.353246679488,1.0781561054804651
BESS,3,3587.9147967000004,3510.610882329617,1.0,4926.7395689,0.5778244973146828,FI,1.0,15193.386200407127,11217.602450831142,8680.945175381248,3.1264963318383643
Daniil,3,3571.7409,2191.596588650162,1.0,1730.7315,0.46966383867168304,IS,1.0,9484.894362533434,7002.90065977382,5419.321727846887,1.9606407227841807
Beit Habubot,1,3570.3395,1245.980808193261,0.0,2203.9675,1.0,IL,1.0,5392.414098771708,3981.334826377085,3081.0281879845656,1.1151137941859828
Larry 44,1,3568.306521,3491.4250794450413,1.0,823.4553510000001,1.0,DK,1.0,15110.352984092135,11156.297248781417,8633.503032526569,3.1264963318383647
AC/DC,3,3555.929075226667,670.5828884097783,0.20815768479657248,3108.2828204,0.7355114168490612,AU,0.43857380658963674,2902.180032049952,2142.7416779153796,1658.1995228053065,0.6025827941404579
Hoang Thuy Linh,2,3555.4688,1043.7572208258089,1.0,915.5118,0.7795429834984104,VN,1.0,4517.221385967659,3335.1613012259127,2580.97508214424,0.9380370040726873
Tribo da Periferia,1,3555.3388,3478.7367562709555,1.0,820.4628,1.0,BR,1.0,15055.439864785805,11115.753716642614,8602.127684607443,3.1264963318383647
OG-ANIC,7,3538.3218554666664,1411.8127802216077,0.5830382009669522,2324.3709902,0.6682165887668201,TH,1.0,6110.109474264256,4511.224694039349,3491.093075765048,1.2749616564896602
Anirudh Ravichander,5,3521.70624,2623.4557457029828,1.0,1227.3264000000001,0.4979472453293598,IN,0.9800512724243526,11353.914649091561,8382.838368892657,6487.211559993172,2.3803343599983675
ABBA,2,3515.1115999999997,0.0,0.0,4440.09,0.6180032386730899,NL,0.3449755522973634,0.0,0.0,0.0,0.0
Riffi,2,3491.0026666666663,0.0,1.0,3760.0989999999997,0.7857460667923903,NL,1.0,0.0,0.0,0.0,0.0
Tarkan,1,3482.965196706667,311.814416436093,1.0,1992.4763764,1.0,TR,1.0,1349.4850356711574,996.3537057393487,771.0463918402081,0.28606478947347946
Amrita Singh,1,3475.4230521399995,956.344267756375,1.0,883.5524828999999,1.0,IN,1.0,4138.91151357854,3055.8470196227704,2364.8226577803134,0.8792733931315573
Manuş Baba,1,3474.4689200000003,1393.9231966498419,0.0,3880.7658,1.0,TR,1.0,6032.686096601298,4454.061356020576,3446.8561895357643,1.2819401924656086
Aska Yang,2,3469.6418733600003,2837.9076101087267,1.0,1572.1401985,0.9886929572076584,SG,0.9886929572076584,12282.029471988611,9068.085421436064,7017.502423909478,2.613550836776861
Sálin hans Jóns míns,4,3448.4733491866673,435.48199398149126,1.0,1529.3878811,0.43444432358265533,IS,1.0,1884.6993698981362,1391.5139121707257,1076.8482869028162,0.40351592466240704
The Doobie Brothers,1,3425.5858,1322.5765229799156,0.0,1333.731,1.0,NZ,1.0,5723.908620681701,4226.084332008358,3270.432033360573,1.2336822309364892
G-Eazy,5,3424.1082304000006,0.0,0.9789455359617595,20084.104750399998,0.5319807060251072,US,0.7332360431304117,0.0,0.0,0.0,0.0
dvsn,1,3419.7343752000006,0.0,1.0,789.1694712000001,1.0,CA,1.0,0.0,0.0,0.0,0.0
Krúbi,8,3412.5083160133336,1093.953765498562,0.2860600317306848,2217.4544173,0.3573284582619682,HU,1.0,4734.464343020488,3495.556429429546,2705.0997621226093,1.024336384185939
Zack Knight,2,3396.92392,1012.7992850021525,1.0,1618.7028,0.7101278875899888,IN,1.0,4383.240181356311,3236.2401081890835,2504.423122204494,0.9526972591688434
fernandocosta,1,3383.577166666667,3310.675836958906,1.0,780.8255,1.0,ES,1.0,14328.097946843309,10578.741600075382,8186.55111529426,3.1264963318383647
Brian McKnight,1,3373.8440812266667,0.0,1.0,868.5025304,1.0,PH,1.0,0.0,0.0,0.0,0.0
De Fellas,4,3359.5379532000006,0.0,1.0,4777.6750029,0.35994139483245924,NL,1.0,0.0,0.0,0.0,0.0
Raisa,2,3358.1407167533334,829.3244835048389,1.0,835.4039800999999,0.7658655735916096,ID,1.0,3589.1893421639343,2649.975366260109,2050.7315151742073,0.7891198105665201
Papillon,4,3354.89232,1545.934914178123,0.3346508122800198,1675.278,0.5558236901576933,PT,1.0,6690.569527379522,4939.790783819973,3822.746719733993,1.4724141083073488
9 Miller,2,3352.860202986667,1488.6153400668038,1.0,919.4567767000001,0.9331335867460141,PT,1.0,6442.499189906454,4756.635140376786,3681.0084020978416,1.4186798292811795
Alphabeat,1,3349.8933,0.0,1.0,7844.5845,1.0,DK,1.0,0.0,0.0,0.0,0.0
End of the World,1,3342.2965333333336,0.0,1.0,964.124,1.0,JP,1.0,0.0,0.0,0.0,0.0
Labyrint,1,3342.1440000000002,0.0,1.0,3052.4355,1.0,SE,1.0,0.0,0.0,0.0,0.0
Haruka Kinoshita,1,3332.6929064,0.0,1.0,1032.4335184,1.0,JP,1.0,0.0,0.0,0.0,0.0
Yeison Jimenez,2,3327.07752,1106.269270515856,0.0,3215.9412,0.9778656400807328,CO,1.0,4787.763962446447,3534.908680047976,2735.5532152240016,1.0624665817969807
Ronan Keating,1,3306.2123666,0.0,1.0,1439.7059167,1.0,PH,1.0,0.0,0.0,0.0,0.0
Ray Dee Ohh,1,3306.06525496,2146.409911613094,1.0,1351.3410328000002,1.0,DK,1.0,9289.333345277753,6858.513772116376,5307.585315249618,2.074524621625884
YOUNGOHM,5,3300.4498799999997,565.0104160814301,1.0,3819.7878,0.6366430616904949,TH,1.0,2445.2785416882566,1805.401521450956,1397.1427224276804,0.5470167968286057
Andy Rivera,3,3298.4608799999996,2000.949781002139,1.0,830.352,0.5062561419735244,CO,0.6846696340828949,8659.804179212118,6393.718905259221,4947.895374848261,1.9383946446135272
Jão,3,3296.358705466667,0.0,1.0,9232.703855599999,0.5611044574615935,BR,1.0,0.0,0.0,0.0,0.0
Full Trunk,2,3283.231466666667,1138.8302743148301,0.0,1877.624,0.9216331384771392,IL,1.0,4928.682999723073,3638.952223539333,2816.069198996804,1.1083447087066982
Roy Woods,1,3257.663456666667,3187.4750182084,1.0,751.76849,1.0,CA,1.0,13794.903673190096,10185.072847632222,7881.903408959596,3.1264963318383647
NaFF,1,3257.2615545599997,1474.2571887544,1.0,831.452688,1.0,ID,1.0,6380.359310174619,4710.755936229688,3645.5039475910253,1.4462320134024456
MARINA,2,3256.63296764,1199.0248861599516,0.0,1960.7443636,0.994349903686751,TH,0.994349903686751,5189.196060156486,3831.2945958482173,2964.9168334387323,1.1764588253937194
Phoenix Rdc,1,3244.09176,1052.9075821223512,1.0,1283.2092,1.0,PT,1.0,4556.822748155476,3364.3998351297237,2603.601852074806,1.037085287356275
Muşta,2,3234.59708,0.0,0.49067267444636414,5486.3658,0.7266991931161426,TR,1.0,0.0,0.0,0.0,0.0
Cheek,8,3225.3741,790.5191214084601,1.0,4687.4835,0.3429736872673792,FI,1.0,3421.2456785854524,2525.9789623439724,1954.7746483607773,0.7831584442697584
Zeamsone,2,3212.4324815266673,2092.3666919366183,1.0,2721.9093980000002,0.715941793702569,PL,1.0,9055.442567979968,6685.827201655069,5173.948679678874,2.081235089018187
LU BACH,1,3210.7680462,0.0,1.0,740.9464722,1.0,NL,1.0,0.0,0.0,0.0,0.0
Bloody Hawk,14,3206.7533333333336,3128.5113239814696,1.0,759.2656,0.17544585188634915,GR,0.9081928642625191,13539.717835676262,9996.66367810582,7736.099554850234,3.11737843200885
Atom Chanakan,9,3202.8781200000003,1117.6446060918777,0.0,3644.3058,0.23971676581037737,TH,1.0,4836.9946725304535,3571.2567677494326,2763.6818423481445,1.115014881599501
Frijo,1,3198.9598914000003,3130.0362587244085,1.0,738.2215134,1.0,AR,1.0,13546.317519678982,10001.536366160157,7739.870372905325,3.1264963318383656
JW,1,3198.2465666666667,1505.5594768242718,1.0,812.133,1.0,HK,1.0,6515.830818565308,4810.777452466829,3722.9074126022847,1.5041921728632708
Fernando Daniel,3,3193.15256,1674.4902414132127,0.28572577816325817,2242.1531999999997,0.7756003470235665,PT,1.0,7246.93729363743,5350.569022193911,4140.634912170305,1.6756383923585259
Sub Urban,1,3178.24728,1148.332364305102,1.0,1179.066,1.0,IN,0.9883813119876241,4969.806589825267,3669.3146509161197,2839.5657142820155,1.1545088621663573
Bokke8,3,3175.3083266666667,3106.8942820494512,1.0,2271.9515142,0.3704348426627176,NL,1.0,13446.162589141617,9927.58983577915,7682.645508772293,3.1264963318383647
Hikaru Utada,10,3171.6683284,0.0,0.0,21697.8280417,0.3424152425681172,JP,0.9992154990459282,0.0,0.0,0.0,0.0
Cold Chisel,2,3163.766796666667,3109.139280216156,1.0,2927.8620294,0.7482224204563811,AU,1.0,13455.878597354784,9934.763372744952,7688.196880501381,3.1401693017362033
Artistic Raw,1,3163.524,0.0,1.0,730.044,1.0,NL,1.0,0.0,0.0,0.0,0.0
Adele,4,3160.4273999999996,3056.738170032339,0.0,2034.3804,0.6628459456255082,SE,0.35283224317340056,13229.094618429584,9767.323903738867,7558.620809588913,3.090507285102916
HEIZE,2,3159.4343683066663,1558.9148946721216,1.0,740.7589550000001,0.6723506155926255,SG,0.4218681595283583,6746.744894895104,4981.266260847092,3854.8432701130387,1.576632295582977
KOBUKURO,2,3156.8354999999997,0.0,0.0,11325.937,0.5259717143049621,JP,1.0,0.0,0.0,0.0,0.0
Diljit Dosanjh,6,3155.34648,942.5506203188332,1.0,1530.5616,0.7018945202858872,IN,1.0,4079.214720155579,3011.7715984246825,2330.714093434276,0.9544979030083195
R-chord,5,3150.1617754533336,1292.1503022201862,0.3992277126505194,1893.3736975,0.7121101413737159,TW,1.0,5592.228597427558,4128.862150455334,3195.194884282409,1.3106825759325194
KNALLER,2,3147.1440000000007,3079.336773777397,1.0,1588.6045556000004,0.5428289580060424,NL,1.0,13326.89791415138,9839.53417176712,7614.502035599593,3.1264963318383643
Snoop Dogg,1,3142.40576,0.0,1.0,906.4632,1.0,BR,1.0,0.0,0.0,0.0,0.0
Chinaski,3,3137.5732255400007,880.4649571785744,0.6056229163160424,1091.2509116,0.5293651961793239,CZ,1.0,3810.517479357313,2813.3866704598145,2177.1903176690384,0.8966760194020997
Inez,1,3134.9196666666667,0.0,1.0,723.443,1.0,NL,1.0,0.0,0.0,0.0,0.0
Hasibe,1,3134.15336,1838.5000997097668,1.0,769.2222,1.0,TR,1.0,7956.746839980547,5874.636613292762,4546.194125599745,1.8743934768057307
Jayh,4,3117.8268333333335,3050.6512641789714,1.0,8169.5740000000005,0.35210850651453796,NL,1.0,13202.751422189516,9747.874157723892,7543.569270762221,3.1264963318383647
MeerFly,1,3114.4685000000004,3047.365288280844,1.0,718.7235000000001,1.0,SG,0.5884453478980443,13188.530221794801,9737.374340876137,7535.443796998425,3.126496331838365
Kapitán Demo,1,3110.7830232266665,980.6502115951706,0.0,1814.209251,1.0,CZ,1.0,4244.1039157234245,3133.5128231865383,2424.925748943884,1.0073067776794973
Suvi Teräsniska,1,3109.1368311466667,0.0,1.0,896.8663936,1.0,FI,1.0,0.0,0.0,0.0,0.0
Kevin Boine,4,3107.7735000000002,1646.553762909201,1.0,7404.6285,0.857772810614334,NO,1.0,7126.03249352778,5261.30241867725,4071.5543314921033,1.6929491221536093
Beyond,2,3078.9304,610.078038425843,1.0,1184.62,0.9001781161891577,HK,0.967113504752579,2640.324308468989,1949.4079886468699,1508.584739748899,0.6331445454716579
Ati242,3,3078.2045342533333,1523.8365372036517,1.0,726.6579018,0.49459043231999167,TR,1.0,6594.9311365042195,4869.1789114088315,3768.102441171,1.5818243580717508
Cali Y El Dandee,3,3076.47294448,1160.7571035125748,1.0,8443.8834327,0.5459758787108061,ES,0.49662386839216655,5023.5789580956025,3709.0159421319086,2870.2892787822507,1.2056065530453817
Shweta Mohan,1,3070.11328,2140.182860462747,1.0,728.6196,1.0,IN,1.0,9262.383621657536,6838.61621394575,5292.187228861706,2.227480092834148
Picture This,18,3070.0622690400005,0.0,0.0,46753.3887836,0.6150306141698654,IE,0.6134291906763396,0.0,0.0,0.0,0.0
Gabriel e Rafael,1,3065.036,2998.997843044862,1.0,707.316,1.0,BR,1.0,12979.203326952593,9582.823810952537,7415.842065436484,3.1264963318383656
Migos,4,3062.0463709333335,0.0,1.0,44292.1570935,0.8504125700829251,US,0.8711335490016666,0.0,0.0,0.0,0.0
Soulé,1,3057.342288,0.0,1.0,1493.4219842,1.0,IE,1.0,0.0,0.0,0.0,0.0
Maria Cecília & Rodolfo,1,3056.0764,0.0,1.0,705.2484,1.0,BR,1.0,0.0,0.0,0.0,0.0
Henri PFR,2,3055.4675035733335,1671.5330501755607,1.0,1992.5148718,0.6191887987693965,BE,1.0,7234.139022895361,5341.119784785677,4133.322448366244,1.7480532123281627
Djodje,3,3049.7522451066666,851.4966484313311,1.0,1573.1712253,0.8970070629984336,PT,1.0,3685.147075993943,2720.8230164145466,2105.558254621521,0.8921455901147749
Saffehbeats,1,3048.4392033333334,2982.758634955695,1.0,703.4859700000001,1.0,NL,1.0,12908.92252160063,9530.933987053935,7375.6861837854485,3.126496331838365
Elai Botner,1,3023.6997474666673,975.3100383350887,0.0,2125.0812064,1.0,IL,1.0,4220.9924637747345,3116.4491432009045,2411.720710603934,1.0306741421042036
Alicia Keys,1,3008.28870992,0.0,1.0,784.5984756,1.0,PH,1.0,0.0,0.0,0.0,0.0
Ozbi,2,3004.911,1876.702965536307,0.0,1941.96,0.8467818080701971,TR,1.0,8122.082991983752,5996.707835563967,4640.661155669044,1.995635756121884
Chillinit,1,2999.493466666667,0.0,1.0,865.2385,1.0,AU,1.0,0.0,0.0,0.0,0.0
Blizzy,2,2999.3808,0.0,1.0,1688.211,0.5124987338667975,SE,1.0,0.0,0.0,0.0,0.0
İdo Tatlıses,3,2988.07028,2109.053485644455,1.0,1578.9498,0.44791595020943664,TR,1.0,9127.660455335643,6739.1472146863425,5215.211339137874,2.2553509734337114
Jósean Log,1,2983.18735,2931.677827803617,0.0,859.6245586,1.0,MX,0.697840870178229,12687.85261197424,9367.713337797775,7249.374923077696,3.1401693017362033
Zeynep Baksi Karatağ,2,2962.0286129200003,0.0,1.0,2509.8088967,0.9706852529303174,TR,1.0,0.0,0.0,0.0,0.0
Jaonaay,2,2958.3995999999997,1163.3834448119503,1.0,932.9808,0.8232175838988326,TH,1.0,5034.945360979026,3717.408000831688,2876.7836256625833,1.2565604730448476
Lucho SSJ,2,2958.228,2894.4910895777125,1.0,1039.1688,0.6569365823916192,AR,0.6171443946354047,12526.914104592672,9248.888990741543,7157.420546300935,3.126496331838365
Valentín Elizalde,1,2949.6792,2898.7482498454247,0.0,1145.0232,1.0,MX,1.0,12545.338442188715,9262.492073809803,7167.94753893143,3.1401693017362033
Amar Azul,3,2931.2244,2868.069299375429,1.0,676.4364,0.3870802931362061,CL,1.0,12412.564643457568,9164.462334395113,7092.085446550648,3.126496331838365
Leslie Grace,1,2930.5619199999996,0.0,0.0,33512.3479,1.0,ES,0.4991702028731923,0.0,0.0,0.0,0.0
IamNeeta,3,2913.37436,1791.625064633914,1.0,708.9744000000001,0.5171272756816042,MY,1.0,7753.878867728248,5724.854844257526,4430.282786169976,1.9650254779675915
Sunidhi Chauhan,3,2910.47224,1230.2360303725447,1.0,755.9123999999999,0.8869003868702247,IN,1.0,5324.273111892808,3931.0248762887813,3042.0949203449754,1.3506484694349057
Donkeyboy,1,2908.873338800001,0.0,1.0,7386.3314062,1.0,NO,1.0,0.0,0.0,0.0,0.0
Büyük Ev Ablukada,1,2903.7715200000002,0.0,1.0,837.6264,1.0,TR,1.0,0.0,0.0,0.0,0.0
Toko,3,2898.9636,0.0,1.0,2395.1025,0.47784572894061944,DK,1.0,0.0,0.0,0.0,0.0
CHA CHA,1,2891.4703999999997,0.0,1.0,6344.7125,1.0,IT,1.0,0.0,0.0,0.0,0.0
Holly Hood,2,2887.2396262666666,907.6711227611398,0.0,3595.2251268,0.8970975040082433,PT,1.0,3928.261597000406,2900.3196744144375,2244.4649999881085,1.0045302953134805
Tochi Raina,1,2886.09152,958.2200413985968,1.0,930.1446000000001,1.0,IN,1.0,4147.029574601556,3061.840757952502,2369.461020930019,1.0608952407553944
Bisiugroup,3,2883.483818626667,980.8312737031163,0.27268566622573304,1570.5707593,0.8669863004497107,TW,1.0,4244.8875247944625,3134.091378547392,2425.3734745064994,1.0869113807061639
Naod,1,2865.0765,2803.346598101465,1.0,661.1715,1.0,SE,1.0,12132.454705515267,8957.651167686303,6932.040873057782,3.126496331838365
Florence + The Machine,4,2862.3413,1572.7935502049286,0.6263266601598722,13947.416799999999,0.7382296412049577,GB,0.8375392854109014,6806.809590334215,5025.613311983601,3889.1620402150525,1.7557701144806181
Lucas,2,2855.1315,0.0,1.0,3774.8655,0.6623687651917665,FI,1.0,0.0,0.0,0.0,0.0
Marcos Menchaca,1,2853.3648,2791.887234153247,1.0,658.4688,1.0,MX,0.9091473886082378,12082.860333506494,8921.03458059671,6903.704462810797,3.126496331838365
Naza,6,2843.75044096,0.0,1.0,10056.809394799999,0.3574580158751723,FR,1.0,0.0,0.0,0.0,0.0
Beteo,3,2835.5755999999997,494.801546488707,0.502955237730216,4408.4856,0.8459435593937292,PL,1.0,2141.4253075444594,1581.06017061153,1223.5320978985744,0.5575799744544037
Athena,1,2831.0528273733335,914.5772893408902,1.0,1705.4206171,1.0,TR,1.0,3958.1504281832176,2922.38723864971,2261.5423849391514,1.032261641461886
Monsieur Periné,1,2824.1668,795.4251948562702,0.0,1463.4036,1.0,CO,1.0,3442.4784130349844,2541.655544960725,1966.9062562359773,0.8999665122331744
Denise Ho,1,2803.1291419733334,768.0538518041477,1.0,711.0352288,1.0,HK,1.0,3324.0194326028486,2454.194742497685,1899.223127465422,0.8755196846799548
YENTED,2,2799.05808,1213.8389614286655,0.9331069829033344,865.977,0.77644902809197,TH,1.0,5253.30910894021,3878.630632968585,3001.548684572954,1.3856913726379645
Nikos Oikonomopoulos,3,2798.1844739333333,644.2513866645401,1.0,1097.2163513,0.7824273811476145,GR,0.7222116613201441,2788.2213255280208,2058.603524069221,1593.0876859491,0.7356925689661542
Carlo Supo,1,2795.1147071466667,1544.4853787171644,0.0,3217.3321811,1.0,PE,1.0,6684.296159920775,4935.159022259253,3819.1623470170703,1.765637384984892
The Avener,1,2791.1034666666665,0.0,1.0,805.126,1.0,FR,1.0,0.0,0.0,0.0,0.0
Nane,22,2790.98001598,1112.116290375028,0.7001631447776026,3102.1810222,0.15472655366178523,RO,1.0,4813.068968845476,3553.591908266872,2750.011570347414,1.2732416168945928
Because,1,2770.30728,0.0,0.0,4787.502,1.0,PH,1.0,0.0,0.0,0.0,0.0
Otto Knows,1,2767.9181751000006,2708.281611325143,1.0,638.7503481000001,1.0,SE,1.0,11721.028003256886,8653.886021278893,6696.966703357732,3.126496331838365
Bankzitters,1,2766.3029333333334,0.0,1.0,797.972,1.0,NL,1.0,0.0,0.0,0.0,0.0
Mariah,1,2758.3777142999998,2698.946705842513,1.0,636.5487032999999,1.0,AR,0.9039662371738587,11680.627962097162,8624.057805583641,6673.883597474375,3.1264963318383643
Mani Sharma,1,2750.38712,229.88835205233178,1.0,724.6344,1.0,IN,1.0,994.9215771212009,734.5719100854886,568.4617998166567,0.2670794611943531
Jiri11,1,2748.821647,0.0,1.0,634.3434570000001,1.0,NL,1.0,0.0,0.0,0.0,0.0
Kehlani,2,2739.902313546667,90.59369717603654,0.0,456355.96215,0.9830657341988228,US,0.6496399021031175,392.0756457078119,289.47784688612063,224.0176837537713,0.10565261595454693
Keerthana Sharma,1,2736.2917141733333,464.44124875802663,1.0,715.6026586,1.0,IN,1.0,2010.030589063022,1484.048635682987,1148.4579615324858,0.5423576104828194
Claydee,2,2734.5714066666665,677.8723253129285,1.0,705.8482,0.9881810281587458,GR,0.7291754799403044,2933.72759848932,2166.033921918137,1676.2246484135471,0.7920926535827587
Ayla Çelik,1,2732.69278672,1488.4248925570216,1.0,679.0955229,1.0,TR,1.0,6441.674962253771,4756.026595447116,3680.5374685633024,1.7404175905026211
Dudu Aharon,2,2723.5026,724.7006896977457,0.0,2713.011,0.8368062274719859,IL,1.0,3136.393587139074,2315.6665621334355,1792.0205818003922,0.8502531123463718
Alif Satar,3,2722.2271206866667,1020.3120681743219,1.0,1077.6942589,0.6619042443708428,MY,0.8816515710771409,4415.754356239442,3260.2460199091443,2523.0005325237066,1.1976392399935996
Pakho Chau,4,2708.524,1693.099471134961,0.7608296375935134,1988.091,0.5088710728030055,HK,1.0,7327.475189613812,5410.031875791698,4186.651320250078,1.9974096134247652
Leafs,1,2697.9376666666667,0.0,1.0,622.601,1.0,NL,1.0,0.0,0.0,0.0,0.0
Intocable,1,2694.3488,2636.2973353691477,1.0,621.7728000000001,1.0,MX,1.0,11409.491082300738,8423.871639893101,6518.965901215617,3.1264963318383647
GDRN,2,2693.54289568,850.4099438892836,0.0,2499.3405813,0.9688355617546585,IS,1.0,3680.4439851797006,2717.350623733387,2102.8710805462524,1.0088388152613312
Sid Sriram,5,2685.7543934000005,0.0,1.0,1251.8693722,0.3289277627875494,IN,1.0,0.0,0.0,0.0,0.0
Josephine,2,2673.410046666667,759.768849775173,1.0,1028.2242,0.5397473624915655,GR,0.7922719578084234,3288.163212783397,2427.721327419653,1878.7361949052047,0.9080991262251931
Grannen Måns,1,2664.1095,2606.7095603886296,1.0,614.7945,1.0,SE,1.0,11281.439723959524,8329.32857936574,6445.802038549939,3.1264963318383647
Jane Bordeaux,2,2654.07435306,1015.0104279322549,1.0,1326.6006108000001,0.8400537052579502,IL,1.0,4392.809669290858,3243.30546609494,2509.890777605372,1.2220100248343042
Earth,5,2648.6808018666666,540.582540169076,1.0,1129.889838,0.5571186648728848,CZ,0.9912200401611188,2339.558436204583,1727.3461032095631,1336.7381208771255,0.6521533670619012
Nijo,1,2639.2122328,0.0,1.0,609.0489768,1.0,NL,1.0,0.0,0.0,0.0,0.0
DVBBS,2,2635.22395136,0.0,1.0,769.3215762000001,0.9880923383882599,CA,0.9880923383882599,0.0,0.0,0.0,0.0
VVS Collective,1,2635.1275482133333,1791.252928563888,1.0,628.7381941000001,1.0,PH,1.0,7752.26831981493,5723.665742237653,4429.362577998248,2.172064022524605
X-Tense,2,2629.4111999999996,984.9105563092917,1.0,931.3703999999999,0.9650811320608859,PT,1.0,4262.542035115783,3147.126081650204,2435.460615988724,1.1968938451506574
Andi Bernadee,2,2620.9414399999996,686.6717103617694,0.9545937203389023,2816.6947,0.6411892279273291,MY,0.8875641367877037,2971.809989233922,2194.15096667138,1697.9835336179842,0.8371613852888603
Myra Granberg,1,2615.0865,2558.7427922137736,1.0,603.4815,1.0,SE,1.0,11073.84689806867,8176.058349690028,6327.1910905630675,3.126496331838365
Reket,7,2614.71184,730.8479273741244,0.8815096657075603,1022.412,0.5328083003720613,EE,1.0,3162.9978902684875,2335.309088957322,1807.2213075536463,0.8931420484780158
Andre Hazes,1,2610.5994174,2525.889495915373,1.0,3867.7684698000003,1.0,NL,1.0,10931.662863623142,8071.080831694568,6245.952333675345,3.091658098864083
D.O.,1,2606.797024,0.0,1.0,601.568544,1.0,ID,0.7411366569060499,0.0,0.0,0.0,0.0
Ex Battalion,2,2599.2847833333335,2537.617852915823,1.0,1557.0647658,0.6917550248763069,PH,1.0,10982.421396361988,8108.556943585716,6274.953902784206,3.1195338793109344
Sertab Erener,2,2598.9802799999998,1469.2962928216884,0.0,1068.4932000000001,0.7216251820788376,TR,1.0,6358.889312407251,4694.904177023559,3633.2367761339415,1.806440861884323
MiyaGi & Endshpil,3,2597.60488,862.5376306693387,0.0,1841.1756,0.8262186398733505,LV,0.43705358684961937,3732.9307560418347,2756.1027308471726,2132.860101708288,1.0610169206516014
Zefanio,2,2590.1935488,0.0,1.0,4674.130996499999,0.8721180529070353,NL,1.0,0.0,0.0,0.0,0.0
Bea Miller,1,2569.11216744,0.0,1.0,741.0900483,1.0,CA,1.0,0.0,0.0,0.0,0.0
Di Derre,1,2566.1259,0.0,1.0,656.6625,1.0,NO,1.0,0.0,0.0,0.0,0.0
Philly Moré,1,2554.309376666667,2307.208218302748,1.0,11231.052055200002,1.0,NL,1.0,9985.243788159481,7372.319357432167,5705.203089322239,2.886228044565583
Wohnout,1,2547.2314443333335,862.849268531518,0.0,1512.8986984,1.0,CZ,1.0,3734.2794769777242,2757.098520401677,2133.6307115214595,1.0823902659239002
Wan Thanakrit,1,2543.65436,1483.0755600958837,1.0,624.9576,1.0,TH,1.0,6418.523870685767,4738.933648681523,3667.3097815947,1.8630415056397531
Italian Somali,5,2543.17544,793.921433536233,1.0,2486.4288,0.5595610861650251,PA,1.0,3435.970364363581,2536.8505132341897,1963.1877952576308,0.997512980557169
Skiezo,1,2539.112333333333,0.0,1.0,585.949,1.0,NL,1.0,0.0,0.0,0.0,0.0
The Juans,1,2537.392,2482.7222698067126,1.0,585.552,1.0,PH,1.0,10744.841720678938,7933.146780436013,6139.2095655979265,3.126496331838365
FOOL,3,2535.0585,0.0,0.0,18355.221,0.5555558824380268,DK,1.0,0.0,0.0,0.0,0.0
Metallica,5,2532.9602999999997,0.0,0.5025912644584284,747.0024,0.5458584872016475,FI,0.6104618940983323,0.0,0.0,0.0,0.0
MC Hollywood,1,2529.228,0.0,1.0,10065.882,1.0,BR,1.0,0.0,0.0,0.0,0.0
Tien Tien,4,2528.14678922,773.0875842608251,0.7595517182815362,1108.7185762,0.4766165195961114,VN,1.0,3345.804655690026,2470.2792393090726,1911.670407140849,0.9771106843330165
Paul Sinha,1,2526.7540923733336,0.0,1.0,728.8713728,1.0,NL,1.0,0.0,0.0,0.0,0.0
EMIR,2,2526.006723066667,1356.0056116126514,1.0,648.702038,0.506992469168102,NO,1.0,5868.584596159722,4332.901703441669,3353.094594211284,1.7153167740509274
Nyno Vargas,1,2525.1044,0.0,1.0,728.3955,1.0,ES,1.0,0.0,0.0,0.0,0.0
Hippie Sabotage,1,2523.719293333333,2389.248877208515,0.0,763.2088,1.0,FI,0.25194874587399935,10340.303194248952,7634.467321776888,5908.071047630542,3.0250857700157567
Rene Karst,1,2516.3470618,0.0,1.0,580.6954758,1.0,NL,1.0,0.0,0.0,0.0,0.0
Rossa,1,2511.1010943200004,1693.3906508897649,1.0,600.1398774,1.0,ID,1.0,7328.735370994421,5410.962294696158,4187.371341799705,2.1548165889997484
Pedro Paulo & Alex,1,2508.5944,0.0,1.0,1407.5459999999998,1.0,BR,1.0,0.0,0.0,0.0,0.0
Stefanie Sun,5,2503.004226666667,434.8715159551075,0.4805599342788699,1919.2457,0.677107782500177,TW,0.6022637956151211,1882.057314503049,1389.5632260837515,1075.3387130834883,0.5551581620516393
Guri,1,2501.630951213333,715.3532768368144,1.0,1127.4575161,1.0,IN,1.0,3095.9394159617377,2285.798381086799,1768.9065480047836,0.913723257212719
Berkay,2,2495.54084,0.0,1.0,3319.3374,0.6134225463190335,TR,1.0,0.0,0.0,0.0,0.0
Elvana Gjata,2,2494.091636053334,0.0,1.0,604.5039104,0.7605945835747567,CH,1.0,0.0,0.0,0.0,0.0
Xir,3,2479.0982776733335,583.4349022583142,0.15664250393135745,2561.3973035,0.7456390659466469,TR,1.0,2525.0168958984796,1864.2740562378272,1442.702301585586,0.751996834101903
Kings,4,2476.1069666666663,1017.6753249206952,0.5197041770233701,7223.4995,0.8874781537674363,NZ,0.985488820204113,4404.342935291221,3251.8207234079077,2516.480463967689,1.3132795824994212
Luis Eduardo Acústico,1,2468.98808,1492.4881931043967,1.0,602.7288,1.0,CO,0.9483747914484922,6459.260304672475,4769.010230405956,3690.5850900357946,1.9315647041949087
Earth Patravee,5,2466.6727046,1478.7157798792018,0.8501172109279547,1094.0556844,0.30113475849328536,TH,1.0,6399.65540966824,4725.002659778736,3656.529033085024,1.9155369299572118
Better Weather,3,2434.7331907600005,1061.7001337332235,0.35154612466845214,1089.0328856,0.7686835595775328,TH,1.0,4594.8755648271845,3392.495044711519,2625.3438397356663,1.3933744599146625
Jenni Rivera,1,2431.5980000000004,0.0,1.0,561.138,1.0,MX,1.0,0.0,0.0,0.0,0.0
Zizan Razak,1,2430.08792,768.5515095359457,1.0,903.3408000000001,1.0,MY,1.0,3326.1732190429475,2455.784929157218,1900.4537222623528,1.010574518290358
Cheat Codes,2,2424.2555999999995,0.0,1.0,1235.172,0.5661596117787644,SE,0.5661596117787644,0.0,0.0,0.0,0.0
Maustetytöt,3,2417.180956666667,2365.101250129672,1.0,2043.5219583,0.41865295541610426,FI,1.0,10235.795962792754,7557.307394407884,5848.359437938304,3.1264963318383647
A-Mei Chang,3,2405.8618954933336,848.3018836662444,0.0,5801.8296278,0.8148583147197117,SG,0.5920991162235522,3671.320623412789,2710.6146503324353,2097.658325320455,1.1266709262946328
Feridun Düzağaç,1,2405.19448,1252.3395243532461,1.0,768.0078,1.0,TR,1.0,5419.933648387333,4001.65309928492,3096.7518521048146,1.6637544832902325
Dudu Tassa,1,2396.9734041066667,1118.4702462766184,0.0,731.9724861,1.0,IL,1.0,4840.567916791868,3573.8949705210557,2765.723463427371,1.4910031810941258
Louis Koo,2,2393.078552626667,1295.2412236553532,0.0,4588.3634872,0.7045663627387956,HK,1.0,5605.605631981854,4138.73870158237,3202.838032560435,1.7294621177560798
Donnalyn Bartolome,1,2389.61164,0.0,1.0,572.4857999999999,1.0,PH,1.0,0.0,0.0,0.0,0.0
Alper Ayyıldız,1,2389.3908642933334,1233.1716192250306,1.0,598.7898547,1.0,TR,1.0,5336.977890820579,3940.405086688068,3049.353966345818,1.6491253672945845
KALEO,2,2388.828,543.6628542650458,0.0,1927.8585,0.6755607322840343,IS,1.0,2352.8895638194927,1737.188760259994,1344.3550396090368,0.7272138304892584
Rick Springfield,1,2388.54367752,0.0,1.0,689.0029839,1.0,AU,1.0,0.0,0.0,0.0,0.0
Truc Nhan,3,2377.8470246266666,1019.7206303947019,0.843505797073542,853.671715,0.5145010786728479,VN,1.0,4413.194704116073,3258.356173922631,2521.5380409199306,1.3702968021814645
Nine Chen,4,2371.4028,1117.4455242710803,1.0,648.3276,0.8564808902166127,TW,1.0,4836.133076902161,3570.6206332430047,2763.189558119079,1.505699762707122
Sabina Ddumba,2,2370.9348,0.0,1.0,3301.479,0.7928432984126206,SE,1.0,0.0,0.0,0.0,0.0
Bárbara Tinoco,1,2369.5782837133333,911.7088114414097,1.0,593.5729565,1.0,PT,1.0,3945.7360951810883,2913.2214706982318,2254.4492891171335,1.2294261349040398
ACTART,1,2364.43844,588.9010205663626,0.0,2367.5292,1.0,TH,1.0,2548.673418724554,1881.7401737268174,1456.2187734888541,0.7958507787273232
Woenzelaar,3,2362.0585521000003,2311.1664929526337,1.0,8789.0583693,0.7514520699816465,NL,1.0,10002.374594580011,7384.96739872809,5714.991005550072,3.126496331838365
Captain Cuts,2,2359.3674,169.65437704786146,1.0,668.142,0.880930251353754,SE,0.880930251353754,734.2381589631352,542.1037590196914,419.51682920171163,0.2297665717597401
Trill Pem,1,2358.5796,2307.7624970961556,1.0,544.2876,1.0,PL,1.0,9987.642621881932,7374.090467748799,5706.573695173679,3.126496331838365
Marcianos Crew,1,2358.0855584,0.0,1.0,4370.6158907,1.0,AR,0.9608997939709981,0.0,0.0,0.0,0.0
Tito Fernández,2,2340.5044,2290.0767388170993,1.0,540.1164,0.5467576988960157,CL,1.0,9911.101368867177,7317.578421251553,5662.840822704586,3.126496331838365
Leo王,6,2333.9098957200003,0.0,0.7554992457735994,632.5370030000001,0.32750214330148836,TW,1.0,0.0,0.0,0.0,0.0
שירי מרפסת,10,2326.8457333333336,0.0,1.0,671.2055,0.13510243882089762,IL,1.0,0.0,0.0,0.0,0.0
Conor Maynard,2,2320.87285144,0.0,1.0,596.6065764,0.9631182664247949,SG,0.9631182664247949,0.0,0.0,0.0,0.0
Eve Ai,1,2319.4444,754.001803041701,0.0,1594.3374,1.0,TW,1.0,3263.2043178234144,2409.2936406893814,1864.4755951990048,1.0387373979257195
Saul,3,2314.07696,644.7068158341871,1.0,606.1272,0.6287511928189331,SK,1.0,2790.192353219015,2060.058776029877,1594.2138590812108,0.8902291547079217
2T FLOW,1,2293.330238506667,1283.5168683118895,1.0,567.3870563,1.0,TH,1.0,5554.864417801533,4101.275376353919,3173.8463586424878,1.7883492344410545
Mikolas Josef,3,2292.9888800000003,1121.4914939587843,1.0,1088.7708,0.7372780386836237,CZ,0.8852640059781177,4853.6434140146675,3583.5488901777803,2773.194324302936,1.5628287260502458
Mi Banda El Mexicano,1,2271.4402035,2222.500574512626,1.0,524.1785085,1.0,MX,1.0,9618.642079975918,7101.64946423294,5495.74028175816,3.1264963318383656
Tattoo Colour,3,2270.65956,1182.601353636275,1.0,561.5988,0.5151496050205236,TH,1.0,5118.117526883787,3778.8157923396257,2924.3051592307615,1.6641930207889137
Adelén,1,2254.7789277866664,0.0,1.0,650.4169983999999,1.0,NO,1.0,0.0,0.0,0.0,0.0
Eldzhey,3,2252.837663526667,297.7228119412305,0.1336521432420124,3777.6401314,0.9632115432476369,PL,0.8515715070264779,1288.498729740332,951.3262098373204,736.2010472112183,0.42227907728960945
Tima Belorusskih,7,2250.8697842799997,567.1822727416061,0.40352628045838096,1780.0235403,0.31125883307510777,LV,0.6803795205404342,2454.678004663795,1812.3413462879018,1402.5132317856594,0.8051737861271381
Clara,2,2238.0852,1260.0339579425206,1.0,10893.379500000001,0.9727192098650377,DK,1.0,5453.233978453437,4026.23944621481,3115.7784427418774,1.7989661189908275
DON x LEE x BARBER,1,2228.5185,2180.5036465103735,1.0,514.2735,1.0,DK,1.0,9436.885807989007,6967.454915683935,5391.891395697607,3.1264963318383647
Red Band,1,2221.252366666667,0.0,1.0,1339.7055,1.0,IL,1.0,0.0,0.0,0.0,0.0
MC HotDog,4,2212.3363600000002,747.4872094927857,1.0,730.0698,0.769484780770277,TW,1.0,3235.010154743264,2388.4772862115,1848.3664816191774,1.0796176067058356
Nilipek.,1,2209.9777346400006,1362.7617107553142,1.0,2036.2398603000001,1.0,TR,1.0,5897.82395845971,4354.489750890124,3369.8008963970665,1.9703772045465693
Henriguez,1,2209.436946773333,0.0,1.0,637.3375808,1.0,FI,1.0,0.0,0.0,0.0,0.0
Azaran Ma,1,2208.5396666666666,0.0,1.0,781.7460000000001,1.0,JP,1.0,0.0,0.0,0.0,0.0
Los Vasquez,1,2207.2645833333336,2058.77312631245,1.0,1587.3659044,1.0,CL,1.0,8910.05476127494,6578.484269980523,5090.879404500345,2.980378664004986
BEHM,1,2204.709,2157.207137384876,1.0,508.779,1.0,FI,1.0,9336.062084674475,6893.014601271028,5334.28440783286,3.1264963318383647
Prāta Vētra,16,2197.5983737933334,381.74306648136337,0.4596513941579427,1059.5434521,0.22930951630011023,LV,1.0,1652.1255225330547,1219.799659285358,943.9640969287829,0.5550603212268624
Noche de Brujas,2,2195.70494,2157.7925667313093,0.0,1315.8575885999999,0.6899451702565499,CL,1.0,9338.595733219285,6894.885248258534,5335.73204194293,3.1401693017362042
Jam Hsiao,5,2193.801706373333,737.5547507624682,0.042288817777139685,1638.3346691,0.9106230221079072,TW,1.0,3192.023994651042,2356.739683517677,1823.805761965336,1.074271971195475
Sufian Suhaimi,2,2184.05304,621.3917589277032,0.15574383669729924,1986.5491,0.9232420683687104,MY,0.8316993524096636,2689.28835794922,1985.559195113098,1536.5610067571813,0.9091167470516642
Mirai,4,2176.8964209200003,777.8389987827652,0.8008991312671211,1523.5726196,0.48907016522496183,CZ,1.0,3366.368049996533,2485.461633761989,1923.4195785395034,1.1417454729938794
Nerieš,5,2176.3635191133335,838.6699629847121,0.5093759889394059,1014.3238431,0.3486826589021942,SK,1.0,3629.635145964175,2679.8373694930197,2073.8407681565814,1.2313372035315153
Apollo G,2,2152.73032,516.2255506370548,0.24295713919242795,1562.9436,0.9152752536943751,PT,1.0,2234.145116117767,1649.5171911975438,1276.5088052816302,0.7662442322071924
Pure,1,2144.58868,1514.5873295204306,1.0,507.531,1.0,TH,1.0,6554.90198229454,4839.624529492628,3745.2312465256746,2.25666794505911
Ally Brooke,2,2138.8965,2092.8126097038344,1.0,822.8634,0.5998462199193694,NO,0.9813706624939207,9057.372431778043,6687.2520614319155,5175.051333268144,3.1264963318383643
GOT U,1,2134.5781450933337,0.0,1.0,510.3774244,1.0,ID,0.6226921952388771,0.0,0.0,0.0,0.0
The La Planta,5,2133.19808,188.78337486261455,1.0,1318.596,0.3664952722441142,UY,1.0,817.0255316364133,603.2274494431437,466.81850599126926,0.2827807952288911
Konstantinos Argiros,4,2127.750701266667,515.7989995422533,0.6759874608260024,992.0300174,0.591122992666008,GR,0.7159495227387057,2232.29906831163,1648.1542145627554,1275.454041084576,0.7745993050697133
UB40,1,2126.2404855466666,568.3993953216383,0.0,2093.8858232,1.0,NZ,1.0,2459.94552477112,1816.2304692053558,1405.5229001149407,0.8541980465292449
Hasan,12,2113.2571199999998,1045.2045717253245,1.0,3783.5472,0.3004434568703147,CZ,0.905721170863152,4523.485298979076,3339.7860823656683,2584.5540529357554,1.5803974115396184
Stuðmenn,3,2110.7303838400007,449.8863374104873,1.0,841.6889245,0.933603129168893,IS,1.0,1947.0391620356245,1437.5407159287356,1112.4669640464078,0.6810631651179686
Nusrat Fateh Ali Khan,1,2104.23564,234.65834075588486,1.0,744.8586,1.0,IN,1.0,1015.5653576408378,749.8136554013086,580.2569009573602,0.35633540329224184
Marek Ztraceny,1,2096.5442849866668,702.0716416304778,0.0,1316.9315797,1.0,CZ,1.0,3038.4585330537216,2243.359014083305,1736.0640738798497,1.0700270107089924
Jayboogz x NAVI,1,2086.1082666666666,0.0,1.0,601.762,1.0,NL,1.0,0.0,0.0,0.0,0.0
Fatih Bulut,1,2077.30666,2032.5497621178758,1.0,479.37846,1.0,TR,1.0,8796.56405750953,6494.691652593407,5026.03496730197,3.126496331838365
Pierrii,2,2076.8505333333333,0.0,1.0,1302.266,0.5399622657736591,NL,1.0,0.0,0.0,0.0,0.0
Gabriel Lion,2,2074.195456666667,2029.505591646162,1.0,1539.7964925,0.689140420613083,FI,1.0,8783.389353964507,6484.964486784137,5018.507423562367,3.1264963318383656
Aleksanteri Hakaniemi,3,2073.6273831,2028.949757587076,1.0,3287.2447924,0.44673906835147076,FI,1.0,8780.983789290409,6483.188406861739,5017.132971891343,3.1264963318383656
Billy Sio,2,2073.3095376933334,604.3939376218381,1.0,522.288275,0.9445602840691762,GR,1.0,2615.7243907874304,1931.2453425300023,1494.5292465299626,0.9314795053123688
Spike,2,2044.1043960133331,641.2499430490695,0.6031305200219456,1002.6984245,0.6338671680041121,RO,1.0,2775.2315372726134,2049.0128851788772,1585.6657960426894,1.0024012908416602
PlanBe,6,2041.5129997600004,0.0,1.0,8469.7789818,0.39733350269605255,PL,1.0,0.0,0.0,0.0,0.0
Molly Hammar,2,2041.1819573599998,0.0,1.0,4045.6304495999993,0.8544596460217427,SE,1.0,0.0,0.0,0.0,0.0
Hiphop Tamizha,4,2037.7025340533332,862.3939361700068,1.0,922.9446337,0.3445936142724007,IN,1.0,3732.308868257514,2755.6435777761244,2132.504777773931,1.352328679836642
Young Slash,1,2030.17152,0.0,1.0,585.6264,1.0,PL,1.0,0.0,0.0,0.0,0.0
Illslick,7,2026.4618452,260.0788901969058,1.0,1101.1073884,0.45522038202681814,TH,1.0,1125.5816021149842,831.041005076087,643.1161591953831,0.41009457298420937
Luqman Faiz,1,2010.6049599999997,590.9399958111208,0.0,1718.4768,1.0,MY,1.0,2557.4977912867794,1888.2553969940584,1461.260697218652,0.9391478856165055
Sidhu Moose Wala featuring The PropheC,1,2009.2051200000003,227.3492418869791,1.0,517.2396,1.0,IN,1.0,983.9326972251803,726.4585846932737,562.1831557633878,0.36156516697173935
Hecht,1,2003.1764999999998,1960.0167837304864,1.0,462.2715,1.0,CH,1.0,8482.652436471626,6262.923979274815,4846.677348388021,3.1264963318383656
Florian Rus,1,1986.2540127733337,861.2377915804344,1.0,499.5599098,1.0,RO,1.0,3727.305251553282,2751.949300393581,2129.645894196885,1.3854971633517985
Eleni Foureira,9,1985.5853333333332,444.03112753346176,0.9783555210252023,12713.0184,0.9090983853213018,ES,0.8935396490891572,1921.6987104937398,1418.8313178016876,1097.9883568647767,0.7145657726126541
Bokoesam,4,1976.8959974399997,0.0,1.0,15021.674524099999,0.7521978016613283,NL,1.0,0.0,0.0,0.0,0.0
Aspova,2,1968.0786055666665,724.6653519192848,1.0,454.1719859,0.7689684598400062,TR,1.0,3136.2406506463617,2315.5536458452007,1791.9331994821232,1.1765554685141684
ETC.,1,1965.8732141533333,604.037417209654,1.0,741.5854042999999,1.0,TH,1.0,2614.1814250494995,1930.1061378777242,1493.6476523414265,0.9818060106734741
Kazuyoshi Saito,2,1958.6081666666664,989.6352582560025,1.0,1105.3805,0.8099315122711139,JP,1.0,4282.989821488096,3162.2231202891603,2447.143733242151,1.6145256484204866
Grupo Extra,2,1955.8520799999997,489.5136468093185,1.0,833.8944,0.9962498848775097,CR,0.9962498848775097,2118.5400876465924,1564.1635225945631,1210.4563202780064,0.7997350814968397
Tangga,1,1953.1236400000003,0.0,0.0,2277.0558,1.0,ID,1.0,0.0,0.0,0.0,0.0
MG,5,1950.4257624800002,550.2242347313435,1.0,831.4896496,0.3524349986087908,GR,1.0,2381.2862135120145,1758.1546149407422,1360.5798466332062,0.9014209352450401
Lirical,1,1949.3898496800002,0.0,1.0,562.3239951,1.0,NL,1.0,0.0,0.0,0.0,0.0
Jón Jónsson,5,1945.0430999999999,114.88399052939546,0.6342963814015227,2313.6795,0.47373436986410605,IS,1.0,497.2003149488142,367.09364179621656,284.0820748134006,0.18873290869298298
Liam Payne,2,1943.188,1901.3207742521317,1.0,656.5644,0.6829916456024725,NO,0.5858815982103203,8228.625097550028,6075.370154072328,4701.535418002068,3.1264963318383643
Alfred Hui,2,1928.6327666666668,1410.648062014519,1.0,941.696,0.7872636179828735,HK,1.0,6105.06875225658,4507.503021016533,3488.212991574744,2.337149455781067
Aziz Harun,1,1925.12788,655.4017154116448,1.0,763.833,1.0,MY,1.0,2836.4782405193637,2094.2326379965643,1620.659922173942,1.0878407921641882
Stephen Speaks,1,1923.1498000000001,1889.9435290931228,0.0,1291.1238,1.0,PH,1.0,8179.386123083331,6039.01596460012,4673.402068911926,3.140169301736204
The Motans,5,1912.847292546667,576.8629205127195,1.0,914.0857369,0.7316281243683412,RO,1.0,2496.574365492892,1843.2743268439276,1426.4512800000618,0.9636285834348473
Amarill,1,1910.0435438933334,0.0,1.0,550.9740992,1.0,SE,1.0,0.0,0.0,0.0,0.0
BigDaddy,3,1908.15768,582.0774605216517,1.0,1081.7112,0.9733272614723781,VN,1.0,2519.1420959730663,1859.9365656236748,1439.3456557795653,0.9747289676939459
Fieya Julia,1,1896.6698042933335,669.6610535633653,0.0,1270.2564561,1.0,MY,1.0,2898.190472026355,2139.7961002996904,1655.920034126357,1.1281858842567178
Cavallini & Shrty,1,1895.6338492000002,0.0,1.0,546.8174565,1.0,FI,1.0,0.0,0.0,0.0,0.0
Kabe,1,1891.5459576000003,1850.7913926174524,1.0,436.5106056,1.0,PL,1.0,8009.941673104538,5913.9114979400865,4576.587707640762,3.126496331838364
Giorgos Mazonakis,3,1887.3287333333333,494.0884896308695,1.0,706.0072,0.806053819281163,GR,0.6346949436209716,2138.3393066781987,1578.781710074556,1221.7688698743652,0.8365165443574674
Valerie Broussard,1,1881.6941090133332,0.0,1.0,542.7963776,1.0,SE,1.0,0.0,0.0,0.0,0.0
Mitch James,2,1869.7807648,0.0,0.0,12879.630323899999,0.7717461634947136,NZ,0.6121471122171639,0.0,0.0,0.0,0.0
Lula,2,1866.5774400000003,686.5342073802344,0.0,1310.8836,0.9520094690329486,TH,1.0,2971.21489739031,2193.7115976172854,1697.6435199040845,1.1752588189522344
Azarra Band,1,1855.7890000000002,533.2501029618151,1.0,717.4482,1.0,MY,1.0,2307.824771035112,1703.9164585284207,1318.6066652610823,0.9181628183637367
Alka Yagnik,1,1850.258977926667,994.9326271050044,1.0,669.2722595,1.0,IN,1.0,4305.916022501716,3179.1500255416404,2460.242925973372,1.7182189431146986
El Vega,1,1848.67477288,847.5663978641312,1.0,471.09956910000005,1.0,PY,0.707992966831181,3668.1375535110037,2708.2645216474634,2095.8396355996565,1.4649761880118761
SIXC (6 crazy),1,1837.2480418933335,0.0,1.0,428.04934520000006,1.0,ID,0.7696792785562238,0.0,0.0,0.0,0.0
Kiddo Toto,1,1836.8817245999999,1797.3049354082382,1.0,423.8957826,1.0,AR,0.9583367510955747,7778.460478489235,5743.00397398283,4444.327819484075,3.126496331838365
Hjálmar,1,1836.4369137400001,615.8267452100706,0.0,1094.3476534000001,1.0,IS,1.0,2665.2038309376567,1967.7770729667668,1522.799988916618,1.0715190150252891
Michele 99,10,1809.60426192,0.0,1.0,522.0012293999999,0.11379054924501679,NI,1.0,0.0,0.0,0.0,0.0
Los Tres,1,1807.702,1768.7539065994267,1.0,417.162,1.0,CL,1.0,7654.8959987872395,5651.773672056875,4373.727595164839,3.1264963318383643
Ektor,8,1802.75368,756.3218400369902,0.0,1258.6152,0.5530850096200968,CZ,0.8819187945608793,3273.245082593468,2416.70695237692,1870.2125209466963,1.3405641487177107
Singapūras Satīns,6,1786.98104,601.0600045580791,1.0,499.4592,0.4243157399042805,LV,1.0,2601.29563912516,1920.5922861359788,1486.2851855630927,1.074769257840575
Crayon,1,1778.5326,0.0,1.0,410.4306,1.0,ID,0.8112976956396526,0.0,0.0,0.0,0.0
Edis,4,1776.3018,0.0,1.0,4122.9954,0.349248267412571,TR,1.0,0.0,0.0,0.0,0.0
Wisin,2,1775.2387224000004,0.0,0.856168240373439,23238.644552499998,0.9593295530698961,MX,0.5342668250142986,0.0,0.0,0.0,0.0
WILLOW,1,1767.97749128,0.0,1.0,486.24588919999997,1.0,TR,0.991400785296346,0.0,0.0,0.0,0.0
TOR Saksit,5,1763.36316,306.9118204209326,0.5164108339430205,1555.4904,0.603834777765263,TH,1.0,1328.2673510175168,980.688234709246,758.9233828679327,0.5561464915197877
Yoyo Sham,1,1759.8465650133335,584.6951018101263,0.0,1624.9575566,1.0,TW,0.9611220473153864,2530.4708465418375,1868.300824813091,1445.8184895044421,1.0616271111106415
The Dumplings,1,1739.3791999999999,0.0,1.0,679.2792,1.0,PL,1.0,0.0,0.0,0.0,0.0
Burak King,1,1738.4275480000001,0.0,1.0,3167.8579119,1.0,TR,1.0,0.0,0.0,0.0,0.0
Sturla Atlas,1,1729.6149121333333,245.456972013305,1.0,532.0935385,1.0,IS,1.0,1062.300179764131,784.3189755632724,606.9594689880888,0.4534645082331543
balloon,1,1726.6218666666668,0.0,1.0,498.064,1.0,JP,1.0,0.0,0.0,0.0,0.0
One Avenue Band,1,1722.8145999999997,547.7050332590411,0.0,1344.5364,1.0,MY,1.0,2370.3834953902256,1750.104904631896,1354.3504322663584,1.015840534803859
Ezekiel Carl,2,1721.5340999999996,554.9883652580186,1.0,1185.1785,0.9687401517999187,IS,1.0,2401.904640739384,1773.3776413778523,1372.3604618300071,1.0301147339328642
Sayedar,1,1720.8048,1683.7289622377173,1.0,397.1088,1.0,TR,1.0,7286.921062328791,5380.089895009852,4163.480175190442,3.1264963318383656
Rivermaya,1,1714.0270137466664,415.6898921115368,1.0,1686.8615089999998,1.0,PH,1.0,1799.0421844374478,1328.2713774993326,1027.9069040502054,0.7749419156445404
Philip Emilio,1,1713.7185,1676.7953410942237,1.0,395.4735,1.0,NO,1.0,7256.913411999142,5357.934604053545,4146.334901324718,3.1264963318383647
M.O.B,1,1710.4117504066667,541.2604379375045,1.0,455.1783327,1.0,CR,1.0,2342.49227391698,1729.5122184309378,1338.4144084405984,1.011167175400736
Yemil,3,1709.98256,424.09430822836606,1.0,1044.9792,0.7250567284018669,PA,1.0,1835.4152101392249,1355.126361429476,1048.6891205893596,0.792479638756945
Chintya Gabriella,1,1707.6228,1670.8309768414556,1.0,394.06680000000006,1.0,ID,1.0,7231.100557037536,5338.876420363559,4131.586380107258,3.1264963318383656
Sensey,3,1706.7918399999999,459.0254446053158,1.0,730.6872,0.8902326467467885,CZ,1.0,1986.5918181949442,1466.743289128499,1135.0659051337184,0.859356867518478
Chilam,1,1700.4411666666667,1135.5126037105963,1.0,407.218,1.0,HK,1.0,4914.324629494809,3628.351131265498,2807.865351407117,2.1337704605082375
Preslava,10,1695.3682817066667,792.035546437161,1.0,674.1286104000001,0.3600235460352151,BG,1.0,3427.808533848331,2530.824458950867,1958.5244238209366,1.4927874292912786
Kodaline,2,1691.8876000000002,0.0,0.0,3526.5569,0.9587023535619119,ID,0.7486757976313951,0.0,0.0,0.0,0.0
DIVOKEJ BILL,1,1687.8867199999997,571.4292001106492,0.0,956.4467999999999,1.0,CZ,1.0,2473.0580558417064,1825.9117317451091,1413.0149207766149,1.0817738596492479
Noo Phước Thịnh,2,1685.29014732,570.851873723991,0.0,1135.9344033,0.6214917918227295,VN,1.0,2470.5594756657224,1824.0669764854183,1411.5873234498629,1.0823459565025675
Jia Jia,4,1683.4584,650.6421657776946,0.2303782023957349,1009.5582,0.9065028643222353,TW,1.0,2815.879638694081,2079.024249078445,1608.8906344867776,1.2349721555807052
Madcon,2,1679.0279999999998,0.0,1.0,849.06,0.570436718253127,NO,1.0,0.0,0.0,0.0,0.0
UrboyTJ,2,1674.4098799999997,1035.9294821452943,0.9506943903126037,1696.7988,0.7741635602288262,TH,1.0,4483.344131884175,3310.1489989371617,2561.6188582246964,1.9769048418044226
Roksana Węgiel,2,1673.5409599999998,390.4023991860365,1.0,1957.2948,0.7679885523631902,PL,1.0,1689.6017881830403,1247.4691888989746,965.3766644232385,0.7454070254121385
Marcus & Martinus,1,1670.9160000000002,0.0,1.0,1975.725,1.0,NO,1.0,0.0,0.0,0.0,0.0
ヒプノシスマイク(Division All Stars),1,1665.6943333333334,1629.8058857510043,1.0,384.391,1.0,JP,1.0,7053.550246354718,5207.787223130618,4030.1406265024334,3.1264963318383656
Marc Tatchapon,2,1664.4815200000003,435.95488124806195,1.0,1200.9954,0.6755866009145414,TH,1.0,1886.7459535586686,1393.0249487219855,1078.0176299524544,0.8369122348213186
Volkan,2,1660.2300000000002,1624.4592849670835,1.0,820.7055285000001,0.5331699535395538,DK,1.0,7030.410977067316,5190.703005008008,4016.9196943525653,3.1264963318383643
Floor 88,1,1655.8385174933333,1106.4269269817948,1.0,396.4853887,1.0,MY,1.0,4788.446275483776,3535.4124463775356,2735.9430639378675,2.13511910070166
SB19,1,1655.394,1619.7274796737804,1.0,382.014,1.0,PH,1.0,7009.932448498927,5175.583268747238,4005.2190121326994,3.126496331838365
Teoman,2,1647.53784,1377.1218794433803,0.43404405206256147,1547.2908,0.8933464866462077,TR,1.0,5959.972569084423,4400.375401242436,3405.31033941674,2.670879717847595
老王樂隊,3,1646.55556,530.897540577309,0.0,1761.5213999999999,0.8617537090381077,TW,1.0,2297.6432413622383,1696.399217098161,1312.7893115964093,1.0302714699151487
Just Hush,1,1644.1796799999997,457.4663255909473,0.0,2771.0772,1.0,PH,1.0,1979.8441899012669,1461.76137063541,1131.2105571218517,0.8890520837937921
YUNGBLUD,2,1634.76635816,381.164195374922,1.0,126617.9135517,0.9964964872563717,US,0.4665323047270107,1649.6202570464438,1217.9499681176421,942.5326798600545,0.7450299928416054
Mahmut Orhan,1,1625.3402782933335,682.4091274358696,1.0,591.5898787,1.0,TR,1.0,2953.362183203798,2180.5305563555794,1687.4431319826147,1.3415840273430102
Halldór Gunnar,1,1605.52526732,279.3032661302831,1.0,410.4419218,1.0,IS,1.0,1208.781756677198,892.4694612092964,690.6536844587422,0.5558738186033274
Silk City,1,1604.7648101333334,0.0,0.0,96664.7871516,1.0,GB,0.4081655376835631,0.0,0.0,0.0,0.0
Murta,1,1596.77523824,590.7413040632817,1.0,817.0307107,1.0,PT,1.0,2556.637883834505,1887.6205089041428,1460.7693775516184,1.1821454038733208
Justin Bieber,5,1592.2377466666667,178.16248855454404,0.0,13543.1453,0.4084696263282356,JP,0.7754681993997362,771.0599624298229,569.2900851858012,440.55546094164686,0.3575408800460887
Armi Millare,1,1584.6505999999997,0.0,1.0,4642.1124,1.0,PH,1.0,0.0,0.0,0.0,0.0
Bengü,1,1584.5622,0.0,1.0,3161.4804,1.0,TR,1.0,0.0,0.0,0.0,0.0
DaVido,1,1576.4432066933332,38.30881650997268,1.0,451.93314519999996,1.0,NO,0.8946366352949675,165.79469033329877,122.40977094150125,94.72902210003134,0.07764933771275004
Hatari,7,1559.0328,0.0,1.0,5390.915300000001,0.7827728808872214,IS,0.9425573798200836,0.0,0.0,0.0,0.0
The 2 Johnnies,1,1557.7986666666668,0.0,1.0,449.365,1.0,IE,1.0,0.0,0.0,0.0,0.0
Duncan Dhu,1,1544.19928,0.0,1.0,823.7244000000001,1.0,PE,1.0,0.0,0.0,0.0,0.0
Boy Peacemaker,2,1543.8392508933334,581.81562417594,1.0,1059.0689232,0.9700489944467855,TH,1.0,2518.0089083726616,1859.0999089471527,1438.6981938311374,1.204205624304082
DR BRS,2,1543.5544799999998,549.4728539417127,0.0460824680447949,989.1012000000001,0.9834043270799793,HU,1.0,2378.0343525387893,1755.753696334327,1358.7218522102269,1.137474393734601
Svanur,1,1540.7734320333334,486.1186534498745,0.0,1159.9824203,1.0,IS,1.0,2103.8470763768214,1553.3153576722852,1202.0612710367304,1.0081400194072665
Berenika Kohoutová,1,1539.9207832666666,477.65083817219426,1.0,411.1292418,1.0,CZ,1.0,2067.1996688173344,1526.2577917397552,1181.122282739623,0.9911274711820385
Ingó Veðurguð,3,1539.1310999999998,495.7195668539126,1.0,402.066,0.8615301965348973,IS,1.0,2145.398359077631,1583.9935596551513,1225.8021542298943,1.0291479131668195
Troye Sivan,1,1533.4836400000002,525.0387561066805,1.0,615.3222000000001,1.0,TH,1.0,2272.287319526738,1677.6783969219864,1298.3018652548337,1.0940308413867306
Skwor,1,1527.1853423666666,527.747606163461,0.0,687.2182852,1.0,CZ,1.0,2284.0108076748606,1686.3340993209124,1305.0002375949878,1.104210505784199
Paul Simon,1,1525.4568315999998,0.0,1.0,375.664378,1.0,IE,1.0,0.0,0.0,0.0,0.0
Peer Tasi,5,1523.6435404666665,1252.3830188603883,1.0,882.2415442,0.33480119128581837,IL,1.0,5420.121885952462,4001.792079111016,3096.859404164723,2.6264621434258397
De La Ghetto,2,1519.8923168000001,0.0,1.0,4358.2031952,0.7190878155134258,CL,1.0,0.0,0.0,0.0,0.0
ONEMANSHOW Foundation,1,1503.97936,509.1408059794154,0.0,1216.854,1.0,CZ,1.0,2203.483426365539,1626.879008927024,1258.9898372113978,1.081716313531739
Zeal,1,1500.2955305866667,538.0749208133597,0.0,1387.1736982,1.0,TH,1.0,2328.7058437094183,1719.3334017244676,1330.537346459981,1.1459964831409915
ZadeKing,1,1497.1515000000002,0.0,1.0,697.932,1.0,NO,1.0,0.0,0.0,0.0,0.0
Haqiem Rusli,1,1494.3058,487.6370269569989,0.0,1070.9838,1.0,MY,1.0,2110.418364355881,1558.1670803341524,1205.8158646424881,1.0427364200380889
FMK,4,1492.3428,0.0,1.0,16426.704,0.5147849501640743,AR,0.9717749099271528,0.0,0.0,0.0,0.0
Doris 68,10,1486.4456311466668,0.0,1.0,428.7823936,0.11550517544384548,NI,1.0,0.0,0.0,0.0,0.0
Milbo,3,1473.6345433333336,1441.8841465134722,1.0,5576.7554504,0.8864662418620872,DK,1.0,6240.253741732321,4607.312994201971,3565.4527501574585,3.1264963318383647
Misha Omar,1,1470.8798000000002,501.01045606861106,0.0,1267.0218,1.0,MY,1.0,2168.296517226431,1600.8997602598997,1238.8853242938276,1.0883960472228251
Bendik,1,1467.5895,1442.249209546761,0.0,2371.3605000000002,1.0,NO,1.0,6241.833678625972,4608.479495450384,3566.3554683121506,3.1401693017362033
Lino Golden,2,1465.2237599999999,519.7089597095498,1.0,469.9404,0.8148139636430491,RO,1.0,2249.2207770515415,1660.647874562525,1285.12248654547,1.1333749287293329
Los Hermanos Campos,1,1459.1829174000004,1427.7438900849806,1.0,336.73451940000007,1.0,CL,1.0,6179.056877684461,4562.1300387323045,3530.4871003215785,3.1264963318383643
Cosculluela,2,1456.0884,151.84488827758497,0.578059189263509,11815.7567,0.9794512018007276,CL,0.318305640128829,657.161419333403,485.19635128530575,375.4779992662946,0.3332190211015387
Kaho Hung,1,1442.7352333333333,0.0,1.0,346.059,1.0,HK,1.0,0.0,0.0,0.0,0.0
Seven Kayne,2,1440.9251714000002,0.0,1.0,7205.843949800001,0.75304860711709,AR,0.966797770439278,0.0,0.0,0.0,0.0
Hael Husaini,4,1440.2662134466666,400.90302614373024,1.0,855.4127673,0.5035177320996714,MY,1.0,1735.0468933405728,1281.0222834013543,991.3423353512508,0.8894343777847642
Yasser Desai,1,1439.6494423133333,185.3185182098899,1.0,378.4270363,1.0,IN,1.0,802.0301627338473,592.1560474045359,458.2507006573731,0.4113196101774725
Bispo,1,1437.1947199999997,275.3127601788682,0.0,1897.074,1.0,PT,1.0,1191.5114581203165,879.7184298813975,680.7860675261365,0.6121080307624548
Da LAB,3,1435.6451200000001,502.758149135547,0.0,881.544,0.9717602297786612,VN,1.0,2175.860265136912,1606.4842373461074,1243.206973205084,1.1189981527928763
DJ Maphorisa,5,1435.52968,596.5230948603269,1.0,369.4266,0.4302213213666802,ZA,1.0,2581.6605888433755,1906.0953079602225,1475.0664359858947,1.3277993025962531
Eza Edmond,1,1434.9379199999998,486.73507424847793,0.0,1122.6828,1.0,MY,1.0,2106.514851179858,1555.285032949019,1203.585539985071,1.0838692122297662
Galena,4,1429.1961867733335,418.4583404789713,0.7427407329686323,746.8751539,0.3320653409140004,BG,1.0,1811.0236049457803,1337.1175168843176,1034.752649507083,0.9355731069385933
Karel Gott,1,1428.22264,426.32071226971436,1.0,604.2408,1.0,CZ,1.0,1845.050745825796,1362.2404838052935,1054.194513260041,0.953801211137007
PORTRAIT,1,1424.31912064,555.4749853524601,0.0,740.0346257,1.0,TH,1.0,2404.0106579755698,1774.9325590109934,1373.563763050985,1.2461621369047196
Elizabeth Tan,1,1420.2552,340.7004988864079,0.0,1280.3616,1.0,MY,1.0,1474.4995762155088,1088.6546186432981,842.4751278886547,0.7665204243880241
El Cuarteto De Nos,9,1415.4695184933335,361.3296069231639,0.5287571916702198,513.3238151,0.5999089668964787,UY,1.0,1563.7791961671137,1154.5716742863358,893.4862373184925,0.8156810579116498
Pipe Bueno,1,1410.0496799999999,680.8770526661684,1.0,348.0996,1.0,CO,1.0,2946.7315982588434,2175.635053473741,1683.6546582593364,1.5429492196854664
Harold 68,10,1407.5157678399999,0.0,1.0,406.0141638,0.11314182360058837,NI,1.0,0.0,0.0,0.0,0.0
Namie Amuro,1,1406.4170523,1376.1148992276796,1.0,324.5577813,1.0,JP,1.0,5955.614512943734,4397.157755050875,3402.8203055342638,3.126496331838364
Doris 666,10,1401.4832,0.0,1.0,404.274,0.10818801110138174,NI,1.0,0.0,0.0,0.0,0.0
Pokáč,3,1400.73247886,358.7601895007411,1.0,355.6818325,0.8776973822524378,CZ,1.0,1552.6591511044667,1146.3615068422434,887.1326502863916,0.8184014607665991
Michele 69,10,1398.37520056,512.9275665950028,1.0,373.1338692,0.1687373784507686,NI,1.0,2219.871946315358,1638.9790042229808,1268.3536380990636,1.1720595470848079
Krisko,7,1395.98298008,261.1108701941906,1.0,723.4126266000001,0.5188940315629266,BG,1.0,1130.0478534813103,834.3385341201117,645.6680118725375,0.5976709931465626
Carla's Dreams,3,1394.12104,425.2059925723188,0.5731983788150847,926.6616,0.6017704845004908,RO,1.0,1840.226409710113,1358.6785731211914,1051.4380640540878,0.9745771953353429
Rybičky 48,2,1394.02328,415.24566727452884,1.0,362.6664,0.7398038527969506,CZ,1.0,1797.1196473820178,1326.8519272135084,1026.8084366937067,0.9518147553558132
Harold 69,10,1391.36608,0.0,1.0,401.3556,0.11578859246015255,NI,1.0,0.0,0.0,0.0,0.0
Matias Damásio,1,1387.75104,634.4039666434088,1.0,629.436,1.0,PT,1.0,2745.603199944309,2027.1376491357669,1568.7372477525248,1.4607358169486702
Konex,11,1383.46,0.0,1.0,331.26,0.21762724144176782,SK,0.7497917044013765,0.0,0.0,0.0,0.0
V:RGO,29,1382.4044,341.35950036564884,0.7741023972435274,1572.2676,0.2003391789031333,BG,1.0,1477.351633682528,1090.7603537579027,844.1046892110389,0.7890313093316997
Emmsjé Gauti,4,1380.4596,214.0403559710375,1.0,1307.079,0.70313156282061,IS,1.0,926.3338774198146,683.9321423524387,529.2732968088617,0.49543799931011295
Nabález,2,1378.3163858533333,52.170213697244854,0.0,1174.1474946,0.9573163880768885,CO,0.512313287697237,225.78469429628697,166.70167576141256,129.00511622443724,0.1209458709715661
Kabát,1,1374.8861878266669,424.57662503768796,1.0,477.66714640000004,1.0,CZ,1.0,1837.5026034165205,1356.6675285948716,1049.8817807614007,0.9867489691924288
Joe Flizzow,2,1374.3106,448.4278114815892,1.0,1301.6574,0.5993498750131947,MY,1.0,1940.7268852086493,1432.8802267480746,1108.8603599395935,1.0426174597998987
Roc Boyz,1,1369.8165433333334,1340.3029715878818,1.0,316.11151,1.0,NO,1.0,5800.625975207697,4282.7263980231755,3314.265523792259,3.126496331838365
Bich Phuong,5,1366.2464276066667,998.1873931862906,0.5982787343362943,573.8526966000001,0.49718663899365556,VN,1.0,4320.002151589355,3189.550116350363,2468.291224932551,2.334535009132784
Mohit Chauhan,1,1360.3461534000003,0.0,1.0,921.235212,1.0,IN,1.0,0.0,0.0,0.0,0.0
Plan B,3,1347.5175081333332,341.0300224963483,0.7044623848252107,11537.689364599999,0.7094170381301271,AR,0.5356349104060191,1475.9257039282602,1089.7075592790945,843.2899651029654,0.8086778484894246
Christos Mastoras,1,1342.4441140933334,350.3606640476812,1.0,710.2032025,1.0,GR,0.6829661402435031,1516.3072914464112,1119.522150255524,866.3625272504697,0.8339432073949926
Thomas DGX YHL,1,1340.8091666666667,1311.9205773661745,1.0,309.4175,1.0,HK,1.0,5677.791320169983,4192.034941278587,3244.0822945927875,3.1264963318383643
MDBCrew,2,1339.4113997333332,0.0,1.0,5089.193962,0.637938234471245,AR,0.9631115917369706,0.0,0.0,0.0,0.0
Japiaguar,1,1335.14784,502.2262056730959,1.0,600.5904,1.0,PY,1.0,2173.558095305877,1604.7844960509015,1241.8915975657092,1.2019526587039988
Max Jenmana,1,1334.5373599999998,500.578643015523,0.0,545.6754,1.0,TH,1.0,2166.427696470771,1599.5199698687168,1237.8175484663386,1.1985576558671367
KANG DANIEL,5,1326.53456,0.0,1.0,382.6542,0.7368088472568706,TH,0.6946203648097943,0.0,0.0,0.0,0.0
湯瑪仕與眾香港人,2,1315.951,1287.5979957666818,1.0,303.68100000000004,0.7164442293064103,HK,1.0,5572.526912345103,4114.3159743790275,3183.938062017282,3.1264963318383643
M Can,1,1310.0376570666667,334.221532899571,1.0,333.56708510000004,1.0,IS,1.0,1446.4596037671831,1067.9521064114201,826.4541131963148,0.8152071817559005
MC Kekel,2,1308.8192000000001,139.3453056994409,0.0,21806.694,0.5097806572605642,BR,0.9152137229054528,603.0651404180936,445.2559099026626,344.5693640705836,0.34019665199185845
Punnany Massif,3,1303.9923565933334,408.3467258985312,0.0,891.8190124,0.8266110100256032,HU,1.0,1767.2620857744084,1304.807449975354,1009.7489180342468,1.000625075275863
Brooze,7,1303.8792301600001,100.80361225467414,1.0,986.9715556,0.3902163105053927,LU,1.0,436.26259437930986,322.10201750707563,249.26449008285553,0.24703362861877187
Tulsi Kumar,1,1299.52316,0.0,1.0,352.2888,1.0,IN,1.0,0.0,0.0,0.0,0.0
Mariska,2,1299.0705,1271.081196913579,1.0,520.839,0.5755818976689533,FI,1.0,5501.044736683668,4061.5391530494303,3143.095761311646,3.1264963318383647
Instrumenti,15,1294.6035105466667,552.4354755192688,0.8527370271385282,608.3723867,0.4082591695971858,LV,1.0,2390.8561249602317,1765.2202855358123,1366.0477440143052,1.363521936372952
Yuna,5,1286.75872,0.0,1.0,824.472,0.4102647512589876,MY,1.0,0.0,0.0,0.0,0.0
Aurora,1,1268.085,0.0,1.0,292.635,1.0,FI,1.0,0.0,0.0,0.0,0.0
Pil C,1,1267.7501733,1240.4356866433052,1.0,292.5577323,1.0,CZ,0.5341347164933573,5368.415662015091,3963.616266509902,3067.31635896692,3.1264963318383656
Dev Negi,1,1265.7112,0.0,1.0,331.1988,1.0,IN,1.0,0.0,0.0,0.0,0.0
TUSHAR JOSHI,1,1258.4078,1231.2946007390547,1.0,290.4018,1.0,IN,1.0,5328.854442304459,3934.407370656787,3044.7125249796018,3.126496331838365
El Nino,16,1257.57008,263.5537242383726,1.0,343.428,0.152024878577169,RO,1.0,1140.620151627852,842.144288284143,651.7086363506709,0.6696599272496552
Lomosonic,3,1254.1344793466667,467.06882240049225,1.0,331.9188263,0.7165389786749798,TH,1.0,2021.40232533859,1492.444632140419,1154.9553557180197,1.1900196164911265
Waa Wei,1,1252.6283991866667,470.22380361776004,0.0,666.9311691,1.0,TW,1.0,2035.056600818181,1502.5258761806767,1162.7569093206466,1.1994984922553797
BasedBoys,1,1242.7179336,0.0,1.0,286.7810616,1.0,DK,1.0,0.0,0.0,0.0,0.0
Marco Rahim,2,1239.7516560000001,0.0,1.0,2362.3064716,0.8788910162845104,DK,1.0,0.0,0.0,0.0,0.0
Red Hot Chili Peppers,3,1234.7789999999998,634.9440455169257,0.0,7264.866,0.9581321940418447,AU,0.556074743842488,2747.9405785883864,2028.8633858517612,1570.0727404199065,1.6430983891463669
Mon Monik,2,1229.7720151600001,310.35933526672613,1.0,307.3074255,0.678907277819748,TH,1.0,1343.187667235821,991.7042237435497,767.4483058431007,0.8064130680470262
Mithoon,1,1227.92072,806.7053870502895,1.0,295.0332,1.0,IN,1.0,3491.2973571342013,2577.699617016215,1994.799615336791,2.0992394500975724
Bitamina,1,1227.6887549333335,0.0,0.0,2284.2586661,1.0,PL,1.0,0.0,0.0,0.0,0.0
Chris Burton,4,1214.7915,1188.6180417617384,1.0,16560.6615,0.7068668724374325,DK,1.0,5144.156831552297,3798.0411686984253,2939.1830655283275,3.126496331838365
BAEKHYUN,1,1213.1443610000001,0.0,1.0,279.95639100000005,1.0,ID,0.5444134733112772,0.0,0.0,0.0,0.0
Della,2,1209.5038800000002,407.16393756643333,0.0,891.3054,0.9733606460815788,TW,1.0,1762.1431590333814,1301.0280367228804,1006.8241505196515,1.0756708252336322
Violette Wautier,1,1207.1535243733333,420.3456484960925,0.0,542.2019247,1.0,TH,1.0,1819.191584976714,1343.1481114867827,1039.4195345521196,1.1126572423205638
Vio,2,1203.2903999999999,0.0,1.0,1322.2776,0.6024709183608647,TR,1.0,0.0,0.0,0.0,0.0
Pluuto,4,1203.1348786600001,303.77911326535445,0.6714835324640586,633.6439041,0.46702508977865503,EE,1.0,1314.7094742653394,970.6781639141512,751.1769079723578,0.8067908105159837
Kubilay Karça,1,1200.7631999999999,0.0,0.0,5574.3402,1.0,TR,1.0,0.0,0.0,0.0,0.0
Emre Kaya,1,1200.092322,0.0,1.0,705.4517309,1.0,TR,1.0,0.0,0.0,0.0,0.0
Redzed,2,1198.95776,655.4611631581188,1.0,297.7728,0.5794699851699013,CZ,1.0,2836.7355212608636,2094.4225938785735,1620.8069229795678,1.7468693758473806
SkandaU,7,1197.00568,351.48458256199325,0.7437641565744283,863.4108,0.32546639444398884,BG,1.0,1521.171438632783,1123.1134543058079,869.1417230461212,0.9382691102232764
El Tonto,1,1194.6945198066667,401.1582157428211,1.0,315.1970419,1.0,DO,1.0,1736.1513148396427,1281.8377014491355,991.973361401499,1.0729418108125004
8 Kambarys,9,1194.3632169733332,446.65632010970245,0.6732648257407113,692.0027503,0.4395624850741291,LT,1.0,1933.060141879379,1427.2197059381704,1104.479863213108,1.1949628770006202
DJ ILG,2,1186.0682166666668,1160.5136199011688,1.0,3560.1929816,0.923119883833659,FI,1.0,5022.5251983183,3708.237928718405,2869.687198986863,3.126496331838365
Calin,5,1183.6034532400001,437.38172596249547,0.3418389964638142,972.7321347,0.4493172777054345,CZ,1.0,1892.9211189418547,1397.5842055869796,1081.5458935951513,1.180787536367208
Grupo 5,3,1183.41392,349.8963283424057,0.23237583685005156,822.1932,0.8189155541544251,PE,1.0,1514.297717633375,1118.038438867365,865.2143302740524,0.9447568766703073
Faizal Tahir,3,1181.9059302266667,493.55768552330784,1.0,1070.9619729,0.383458917115394,MY,1.0,2136.0420678006176,1577.0856094078983,1220.4563116014438,1.3343579798313085
Rafaga,1,1181.0656000000001,1160.672604991294,0.0,520.404,1.0,CL,0.523734636935919,5023.21326143761,3708.74594045665,2870.0803330872636,3.140169301736203
Snow Boyz,1,1178.4865456000002,0.0,1.0,339.94804200000004,1.0,NO,1.0,0.0,0.0,0.0,0.0
Akim And The Majistret,1,1176.6258400000002,223.34444250575447,0.0,956.667,1.0,MY,1.0,966.6005388933175,713.6618809685644,552.280194417885,0.6065325583607482
Nirvana,1,1172.0917866666666,0.0,0.0,1181.1543,1.0,CZ,0.5317124104784616,0.0,0.0,0.0,0.0
Baby Bino,1,1165.9882623999997,0.0,1.0,269.07421439999996,1.0,DK,1.0,0.0,0.0,0.0,0.0
Murat Boz,1,1161.780139173333,0.0,1.0,301.606414,1.0,TR,1.0,0.0,0.0,0.0,0.0
Cyndi Wang,3,1161.7538399999999,374.95250521553186,1.0,893.5194,0.4654011988995427,TW,1.0,1622.7370134423406,1198.1014935668145,927.172577721837,1.0312868805037172
Ñejo & Dalmata,1,1159.6800799999999,569.13471418359,0.0,2389.1196,1.0,CO,0.37389957371744803,2463.127872181455,1818.5800644594153,1407.34117703055,1.5681739264327241
Mimiks,1,1157.4107999999999,0.0,1.0,333.8685,1.0,CH,1.0,0.0,0.0,0.0,0.0
Bakermat,1,1148.9747490000002,1124.2193546712047,1.0,265.14801900000003,1.0,BE,1.0,4865.449177368656,3592.265338123406,2779.9397056864987,3.1264963318383643
Buddha Bless,1,1148.0625406466668,407.7376395340632,0.0,554.9451099,1.0,TH,1.0,1764.6260532789406,1302.86121072417,1008.2427854794732,1.1348347015923976
Yiyo Sarante,2,1146.26928,479.1846383670756,0.5297827400556351,354.9708,0.5616428168176087,DO,0.853966579786281,2073.8377211381962,1531.1588079451653,1184.9150230483747,1.335775837894884
SviMA,1,1143.8817000000001,416.6671050733101,1.0,437.553,1.0,IS,1.0,1803.2714124624044,1331.393907133747,1030.3233302592523,1.1639262234317997
eetu,2,1139.541,1114.9888618147336,1.0,908.8875,0.7106671617774477,FI,1.0,4825.501018062718,3562.770756479422,2757.1147885667747,3.1264963318383647
Melisses,3,1135.0648538666665,146.52169078788907,0.8348090971766106,467.5443188,0.6510813543436857,GR,0.658574396519862,634.1234359188704,468.1869146920239,362.31493815964404,0.4124759154484584
Gene Kasidit,1,1134.7456113933333,511.1762214670716,1.0,288.3142445,1.0,TH,1.0,2212.2923928442533,1633.3828575528337,1264.0229584685565,1.4394264592459916
NODE,3,1129.73549,0.0,1.0,14887.8433893,0.4893425240243974,DK,1.0,0.0,0.0,0.0,0.0
IZ*ONE,4,1128.5896615066667,202.58415698371923,0.07352689966096221,22025.030568899998,0.6287050429819938,JP,0.4341084097835838,876.7532028770593,647.3256683953844,500.9447127929728,0.5735704397036606
De Danske Hyrder,1,1125.8315691999999,0.0,1.0,259.80728519999997,1.0,DK,1.0,0.0,0.0,0.0,0.0
Akull,2,1107.68112,184.08108264748375,1.0,369.6864,0.8277837648341946,IN,1.0,796.6747311500204,588.2020175610514,455.190802925789,0.5310210736110149
Tayna,2,1101.9837337600002,0.0,1.0,317.8799232,0.5052236224398332,CH,1.0,0.0,0.0,0.0,0.0
WUANT,2,1101.69998848,0.0,1.0,317.7980736,0.6183167901997,PT,1.0,0.0,0.0,0.0,0.0
Jovani,5,1100.379729106667,287.8400288999521,1.0,408.33969160000004,0.35270932672664046,LT,1.0,1245.727558421756,919.747337959811,711.7631642794038,0.8358454028469785
Max Korzh,3,1096.3763199999999,467.35795706537334,0.7601222908572123,361.7052,0.36163372824056716,LV,0.8132246923737896,2022.6536558832465,1493.3685162831234,1155.6703202237043,1.3620948291578603
WATEVA,2,1089.0590620000003,387.9186975259496,1.0,332.5487787,0.5847852930334638,EE,1.0,1678.8527078112356,1239.5329126316271,959.2350330474164,1.1381686777898798
Ngo Kien Huy,1,1083.7239144333334,826.7663878210114,1.0,251.96642210000002,1.0,VN,1.0,3578.1182958518484,2641.801375643034,2044.4059242360431,2.437707003101801
Parazitii,12,1079.3744,392.1491819912367,1.0,919.68,0.3936169102296451,RO,1.0,1697.1615966201477,1253.0507573876132,969.696062463496,1.1609046475325089
Los Huasos Quincheros,1,1079.3483999999999,1056.0931498011516,1.0,249.0804,1.0,CL,1.0,4570.609397155843,3374.5788133756087,2611.4790390656303,3.1264963318383656
Mindset,5,1075.7208838133333,473.4536340078868,1.0,368.7557411,0.4871713800688539,TH,1.0,2049.0348120537265,1512.8462889277632,1170.7435479662447,1.4063557858659952
Will Pan,2,1071.6971199999998,693.580598009834,1.0,263.7444,0.6596250005687325,TW,1.0,3001.7105967836287,2216.227225650563,1715.067647154349,2.067960419311907
Kany Garcia,4,1066.22568,310.97764544983886,1.0,581.0148,0.6643348844125829,DO,0.7846932642679669,1345.8636190056288,993.6799362499886,768.9772468111807,0.9319602358948892
Pixa,2,1065.33033464,298.1779738087263,1.0,600.1823169,0.9428313933385731,HU,1.0,1290.468600588557,952.7806076761825,737.3265593656822,0.8943522743094979
Tankcsapda,1,1064.31416,351.10200796116345,1.0,531.9816,1.0,HU,1.0,1519.515714356951,1121.8909976098819,868.1957027531821,1.0540975961551446
頑童Mj116,8,1064.1389199999999,359.74626514509293,0.08375842507480133,1901.0802,0.34362958490651785,TW,1.0,1556.9267354621813,1149.5123557786674,889.5709919010899,1.0802277166769425
Magnus Haven,1,1063.6678,1040.750398336683,1.0,245.4618,1.0,PH,1.0,4504.20831877092,3325.553474994584,2573.5398915021815,3.1264963318383656
Hipsumhaps,4,1059.02511,1036.207738056045,1.0,244.39041000000003,0.5900867386735837,IS,1.0,4484.548380847186,3311.0381217397216,2562.3069220366415,3.1264963318383656
Elina,3,1056.2759999999998,0.0,1.0,9374.620499999999,0.681635752615266,NO,0.6878918458619206,0.0,0.0,0.0,0.0
Yves V,1,1055.3846333333333,0.0,1.0,272.25800000000004,1.0,BE,1.0,0.0,0.0,0.0,0.0
Cat Dealers,1,1054.0972,0.0,1.0,931.3584,1.0,PL,1.0,0.0,0.0,0.0,0.0
Horváth Tamás,1,1052.5061443866668,364.33800503160273,0.0,631.2323658,1.0,HU,1.0,1576.7990824029114,1164.1845351602542,900.9253241100619,1.1061071152593283
Sena Şener,1,1051.0292,1032.8814923454852,0.0,363.03599999999994,1.0,TR,1.0,4470.152898872138,3300.4096290683606,2554.0818701522085,3.140169301736204
Zaeden,1,1048.7646,1026.1682972930194,1.0,242.0226,1.0,IN,1.0,4441.099218903172,3278.9586748619304,2537.4816600590225,3.126496331838365
Yahaira Plasencia,1,1042.09248,578.7368549940041,1.0,258.1512,1.0,PE,1.0,2504.684466909066,1849.2621884254443,1431.0850953215404,1.7745662922598235
Bilal Hancı,1,1037.4156,1015.0638187417999,1.0,239.4036,1.0,TR,1.0,4393.040736537033,3243.4760679918973,2510.0228009785296,3.1264963318383656
Haring 68,9,1035.4656,0.0,1.0,298.692,0.12545900124543005,NI,1.0,0.0,0.0,0.0,0.0
Dappy,1,1033.3929666666666,1011.1278556111782,1.0,238.4753,1.0,GR,0.9016229353731813,4376.006490954562,3230.899319630899,2500.2900560818425,3.126496331838365
Kowalsky Meg A Vega,2,1030.0877600000001,356.2329932634599,1.0,566.9508,0.9474282424506676,HU,1.0,1541.7218328643576,1138.28625052496,880.8834666774382,1.1050381285231075
UDG,1,1016.95568,430.0892985109665,1.0,302.3316,1.0,CZ,1.0,1861.3606098671473,1374.2824057593396,1063.5133730384557,1.3513690250093686
Gers Pardoel,1,1016.7065999999999,0.0,1.0,1163.218,1.0,BE,1.0,0.0,0.0,0.0,0.0
Silly Fools,2,1015.2237836,437.8534533728963,0.0,468.8563316,0.8695375481199964,TH,1.0,1894.962682922532,1399.0915360010883,1082.7123685833153,1.3781114652770319
Kef Lavík,7,1006.8825433333334,985.188616269496,1.0,232.35751000000002,0.16362935719185492,IS,1.0,4263.745436034842,3148.0145783237504,2436.148195259372,3.1264963318383647
Rekami,1,1005.615,983.9483829663202,1.0,232.065,1.0,FI,1.0,4258.377896257476,3144.051608741637,2433.0813793488587,3.1264963318383647
Fobia Kid,5,1005.4470399999999,528.9698724979966,1.0,261.3732,0.7069799045961865,SK,1.0,2289.3005891638395,1690.2396582932458,1308.022625263534,1.681082733401101
24/7,2,1001.6721,477.63028967650956,1.0,378.68399999999997,0.6705009981937446,IS,1.0,2067.1107380752956,1526.1921322681476,1181.0714709662723,1.52364444638934
ansis,2,992.1600000000001,317.083646521366,0.0,719.0436,0.7209009300687746,LV,1.0,1372.2894564251976,1013.1906980178345,784.0760037852297,1.021196881569338
Dong Hung,10,992.1265972799999,0.0,1.0,286.1903646,0.1235218807922089,NI,1.0,0.0,0.0,0.0,0.0
Chimbala,3,989.5424375200001,253.3389477745611,1.0,453.7008847,0.6675182588639991,DO,1.0,1096.4121636259094,809.5045838748905,626.4498089176861,0.8180594921261567
Little Big,2,985.5107166666668,964.2772592494604,1.0,1374.8400003999998,0.8345803512162636,FI,1.0,4173.244285713914,3081.195640645732,2384.439148054092,3.126496331838365
Fatboy L,1,976.7939999999999,955.7483498070371,1.0,225.414,1.0,FI,1.0,4136.332471966831,3053.9428579617233,2363.349087732073,3.1264963318383647
KLEAR,1,974.45972,88.9620549966386,1.0,250.19760000000002,1.0,TH,1.0,385.0141482638068,284.264192076748,219.98300238920098,0.2917146663350518
D’MASIV,1,973.7365733333332,952.7567973493822,1.0,224.70844,1.0,ID,1.0,4123.385491127483,3044.3838247035255,2355.9516564175133,3.126496331838365
NCO,1,972.9720000000001,952.0086972365235,1.0,224.532,1.0,FI,1.0,4120.147828420846,3041.993388981438,2354.10177436476,3.1264963318383647
Logos Timis,3,972.4780000000001,951.525340781831,1.0,224.418,0.4620859289361816,GR,1.0,4118.055935717623,3040.448899793509,2352.90654338531,3.1264963318383643
Eino ja Aapeli,3,972.2503266666669,951.3025728157827,1.0,2330.8515604,0.46590611879790306,FI,1.0,4117.0918300805415,3039.737079951986,2352.3556886865367,3.1264963318383647
PRODUCE X 101,2,967.59334672,0.0,1.0,279.1134654,0.5295782128897605,ID,0.8088260509985413,0.0,0.0,0.0,0.0
edi,3,966.3039533333332,0.0,1.0,3201.229296,0.6665801004215227,FI,1.0,0.0,0.0,0.0,0.0
Berd,1,964.7039999999998,0.0,1.0,278.28,1.0,DK,1.0,0.0,0.0,0.0,0.0
Alan 1,10,963.5547999999999,942.7943968212845,1.0,222.3588,0.13458788228754606,NI,1.0,4080.2697475204654,3012.5505477252495,2331.3168974828473,3.1264963318383656
AK26,2,962.7415199999998,308.58025101440296,0.0,806.1816,0.9100202733478413,HU,1.0,1335.488063082976,986.0194410837717,763.0490336439121,1.0241787858944442
SICKOTOY,1,961.3437600000001,252.27869356403392,1.0,311.562,1.0,RO,1.0,1091.823545795255,806.1167090493499,623.8280405183796,0.8385311712527783
Sanam,1,960.7764400000001,0.0,1.0,257.1252,1.0,IN,1.0,0.0,0.0,0.0,0.0
Rozz Kalliope,1,959.3012,0.0,1.0,221.3772,1.0,TR,1.0,0.0,0.0,0.0,0.0
Skítamórall,2,957.5864999999999,0.0,1.0,279.324,0.7011051681917773,IS,1.0,0.0,0.0,0.0,0.0
Maihuen de los Angeles,1,956.9507566666667,936.332641816762,1.0,220.83479000000003,1.0,CL,1.0,4052.304261567498,2991.903030468281,2315.3384416496046,3.1264963318383647
Deliric,2,956.5188585333335,208.38669047203427,1.0,251.02430320000002,0.7421065120996619,RO,1.0,901.8656790767182,665.8667474443843,515.2930632022754,0.6961355142180708
Irie Maffia,1,954.8780800000001,316.33813619940514,1.0,269.79359999999997,1.0,HU,1.0,1369.063001936905,1010.8085375634128,782.2325256984961,1.0585734019189263
Lipa,1,952.4215558,0.0,1.0,219.78958980000002,1.0,PL,1.0,0.0,0.0,0.0,0.0
Peterpan,1,948.6699508,391.22683763384885,1.0,392.60629800000004,1.0,MY,0.6184525985367663,1693.1698315110907,1250.1035517100993,967.4153138793656,1.3177433844678061
Namewee,3,946.6130831733334,364.9221849476654,1.0,284.3501625,0.7446663105036909,TW,1.0,1579.327323604446,1166.051189790403,902.3698686619588,1.2318139380468383
Arevalo,1,944.3428799999999,644.8522689482194,1.0,225.1044,1.0,EC,1.0,2790.821852018403,2060.5235484763657,1594.5735316712032,2.181965462032568
Krabba Mane,6,942.5988,0.0,1.0,896.886,0.8167108194352459,IS,1.0,0.0,0.0,0.0,0.0
Chilling Sunday,2,941.8541587,467.15926513244824,0.0,596.4396256,0.8033971608072848,TH,1.0,2021.7937476299476,1492.7336276017945,1155.1790000989945,1.5848882906268094
Adira Suhaimi,1,940.4408934266668,203.88302868409656,1.0,645.5820167,1.0,MY,1.0,882.3745206562364,651.4760077117712,504.1565281717674,0.6927346654801455
Jimmy P,2,940.3316000000001,0.0,0.0,3031.3599,0.9436937857494255,PT,0.9929234730590716,0.0,0.0,0.0,0.0
GASHI,4,937.6184999999999,917.4169109592704,1.0,7771.3485,0.4764742566878837,CH,0.5724871301293463,3970.439875620481,2931.46080091379,2268.564125717106,3.126496331838365
Los de Ramon,1,937.4664000000001,917.2680880508523,1.0,216.3384,1.0,CL,1.0,3969.795792867122,2930.9852608217184,2268.196120389224,3.1264963318383656
Aviv Geffen,1,936.5812119733334,700.0035368186312,1.0,267.6904834,1.0,IL,1.0,3029.508092186731,2236.750711886466,1730.9501193316692,2.3882079666895466
SANÉ,1,935.0642158,0.0,1.0,215.78404980000002,1.0,FI,1.0,0.0,0.0,0.0,0.0
Dalyb,4,934.23928,213.0192558339883,1.0,946.4496,0.8161081160581608,SK,0.6475007227009235,921.9147124221881,680.6693781829429,526.748347560594,0.728581416725427
J Boog,1,932.178,0.0,1.0,215.118,1.0,PH,1.0,0.0,0.0,0.0,0.0
Conjunto Alerce,1,931.398,911.3304356021583,1.0,214.938,1.0,CL,1.0,3944.0985425022695,2912.0124304815886,2253.5136514101,3.126496331838364
Yung Nigo Drippin',11,928.3559999999999,908.3539774337904,1.0,1178.3835,0.20211713758721164,IS,1.0,3931.2168874350577,2902.5016286401374,2246.1535448524423,3.1264963318383656
Shapeshifter,1,926.7138833333333,906.7472412188288,1.0,213.85705000000002,1.0,NZ,1.0,3924.263179190442,2897.3675569053535,2242.180450294003,3.126496331838365
Topic,1,926.3123999999998,0.0,1.0,267.2055,1.0,DK,1.0,0.0,0.0,0.0,0.0
YOUNGHEARTED,2,918.4497894,0.0,1.0,3637.1160341,0.6301370388550509,FI,1.0,0.0,0.0,0.0,0.0
Senkise,2,917.9236922266668,301.34925612018293,0.0,843.9108255,0.8085186020640756,HU,1.0,1304.193424707061,962.9139392875933,745.1684218802607,1.0490130578847907
KS,1,914.8290666666667,0.0,1.0,263.893,1.0,AT,1.0,0.0,0.0,0.0,0.0
Grettiskórinn,1,914.5062964266667,0.0,1.0,234.9342416,1.0,IS,1.0,0.0,0.0,0.0,0.0
Jassie Gill,2,914.3184037866665,0.0,1.0,316.7799046,0.7297456405635901,IN,1.0,0.0,0.0,0.0,0.0
Shi Shi,1,912.1741200000001,0.0,1.0,226.8078,1.0,TW,1.0,0.0,0.0,0.0,0.0
Prince Kaybee,5,911.9862701733334,277.91532469447844,1.0,564.7655574,0.5044079095606689,ZA,1.0,1202.7749587253459,888.0345136250286,687.2216198082547,0.9737367136637347
Kaan,1,910.9404304000001,0.0,1.0,1029.4514349,1.0,AT,0.9665861999567358,0.0,0.0,0.0,0.0
Macklemore,2,910.1941333333335,0.0,1.0,1715.217,0.8469254910603148,AU,0.8469254910603148,0.0,0.0,0.0,0.0
Hector Pavez,1,908.5440234,888.968862515122,1.0,209.6640054,1.0,CL,1.0,3847.3210791638894,2840.559556473769,2198.218548503387,3.1264963318383643
Julia Wu,2,907.9954,382.0212857375585,1.0,371.64,0.6240313206328706,TW,1.0,1653.3296128607637,1220.688664964077,944.6520701023186,1.344377587115614
Ego,4,905.7932,225.55460990765442,0.0,831.0768,0.46308211226688073,SK,1.0,976.1658048912208,720.7241217281692,557.7454375585821,0.7956828575531029
Alejandro Gonzalez,1,904.0043999999999,884.5270481988023,1.0,208.6164,1.0,CO,1.0,3828.0975871277797,2826.3664405657423,2187.2349482549857,3.1264963318383656
Herrat,2,903.6105,0.0,1.0,914.2919999999999,0.7719268023782336,FI,1.0,0.0,0.0,0.0,0.0
Hindia,2,900.8428,468.7336499471539,1.0,207.8868,0.531785567914846,ID,1.0,2028.6074439693168,1497.7643255480943,1159.0720969757247,1.6626256274103477
Papi Hans,4,894.8108,267.86633979730436,1.0,587.64,0.723761486624464,BG,1.0,1159.2844912305522,855.9245699743949,662.3727573496749,0.956542511528018
Don Diablo,1,892.4187999999999,0.0,0.0,6914.9544,1.0,PL,0.9011776563559117,0.0,0.0,0.0,0.0
Mr. Vegas,1,891.9924000000001,318.3867510010988,0.0,1244.2728,1.0,CR,0.6627119069065883,1377.9290930251168,1017.3545625119363,787.2982858681836,1.1405417383734842
Aynur Aydın,1,891.9273081333332,0.0,0.0,2491.4483188,1.0,TR,1.0,0.0,0.0,0.0,0.0
Mario Fresh,2,891.1695676000002,49.09488103833088,1.0,281.392777,0.6076486945505356,RO,1.0,212.47512557797927,156.87493610610164,121.40051545752576,0.17603264497527665
Lucas Sugo,1,889.4142122666668,584.5197724979928,1.0,213.68519450000002,1.0,PY,1.0,2529.712048133018,1867.7405876955593,1445.384939846766,2.099967104118601
Whiteberry,1,885.5270666666665,0.0,1.0,255.4405,1.0,JP,1.0,0.0,0.0,0.0,0.0
electric.neon.lamp,1,885.5239165066668,396.30811834834424,1.0,223.85468300000002,1.0,TH,1.0,1715.1608361754352,1266.3399814674353,979.9801696215051,1.430046052807995
Kongsted,1,884.4390519466667,0.0,1.0,255.12664959999998,1.0,DK,1.0,0.0,0.0,0.0,0.0
Wham!,2,883.8892171199999,0.0,0.0,1795.5301545999998,0.7851517249032561,ES,0.4064746372152072,0.0,0.0,0.0,0.0
Owl City,1,883.2579828800001,0.0,1.0,1701.087379,1.0,JP,1.0,0.0,0.0,0.0,0.0
The White Stripes,1,879.41344192,0.0,0.0,1081.6114944,1.0,CZ,0.5745348623025875,0.0,0.0,0.0,0.0
Sto zvířat,1,875.2117677333333,345.1736371845073,1.0,224.32409360000003,1.0,CZ,1.0,1493.8586336470623,1102.9478253863847,853.5361852456954,1.2602068048546164
Adir Getz,1,874.2165564600001,368.1024698161275,1.0,225.17623170000002,1.0,IL,1.0,1593.0911094108044,1176.2132876504563,910.2339924599496,1.3454484234585349
Kidda,1,870.9069425333333,0.0,1.0,200.9785252,1.0,CH,1.0,0.0,0.0,0.0,0.0
Rivo,1,869.5907584,0.0,1.0,250.843488,1.0,FI,1.0,0.0,0.0,0.0,0.0
12:00,1,867.5670934666667,0.0,1.0,246.4738216,1.0,IS,1.0,0.0,0.0,0.0,0.0
Masew,2,867.3164120399999,281.26847223637003,0.43700268467788034,251.1205431,0.6168118453706865,VN,1.0,1217.2868677060123,898.7489668483265,695.5131938253696,1.0362411622471142
Sippinpurpp,2,859.404,0.0,0.16989169238216253,1969.7712,0.9828946630958967,PT,1.0,0.0,0.0,0.0,0.0
Lord Est,3,858.9289254000001,840.4227534695973,1.0,2274.9608058,0.7893190011106783,FI,1.0,3637.2209547188004,2685.438134572969,2078.1750218273046,3.1264963318383647
Midnight Fusic,1,856.6750399999999,0.0,1.0,230.00579999999997,1.0,MY,1.0,0.0,0.0,0.0,0.0
Pihlaja,2,854.4039387000001,835.9952604962336,1.0,416.4041896,0.5264933816122199,FI,1.0,3618.0594432614944,2671.290780253801,2067.226835014686,3.1264963318383643
pins.ku,1,849.1080000000001,0.0,1.0,244.935,1.0,FI,1.0,0.0,0.0,0.0,0.0
หนามเตย สะแบงบิน,1,848.5802498333333,80.87700654189857,1.0,217.7082531,1.0,TH,1.0,350.0232968880044,258.42969705552935,199.99050970675245,0.3045436151811059
Knipi,1,847.9184999999999,829.6495547125169,1.0,195.6735,1.0,FI,1.0,3590.5962005616407,2651.014079947888,2051.535342606678,3.1264963318383647
Slogan,5,840.8743199999999,0.0,1.0,415.878,0.6667118722317603,GR,1.0,0.0,0.0,0.0,0.0
GODSQUAD,1,835.19488,327.1334734238376,1.0,216.92520000000002,1.0,GR,1.0,1415.783567989954,1045.303332163372,808.9269483321042,1.251568175517757
DARA,1,833.7584611200001,158.8336879420607,1.0,270.7979227,1.0,BG,1.0,687.4078738505134,507.52795648803516,392.75971711044855,0.6087230057087101
Filius Dei,1,833.2890137000002,385.6687189736324,1.0,212.08166310000001,1.0,HU,1.0,1669.1151452519516,1232.3434616304262,953.6713459533092,1.4788908066344593
Laura Närhi,2,833.1804,0.0,1.0,513.252,0.5317300273549835,FI,1.0,0.0,0.0,0.0,0.0
Sodagreen,1,832.50284,371.3566705488309,0.0,263.3814,1.0,TW,1.0,1607.1747917563684,1186.6115719770992,918.2808934401965,1.4253543831479292
Deep Jandu,1,831.9078920533335,187.28525634686594,1.0,226.23539290000002,1.0,IN,1.0,810.541904157698,598.4404484062343,463.11399838921704,0.7193590229432134
Mooki,1,831.7551666666666,226.7316624507858,0.0,840.9485,1.0,IL,1.0,981.2599080161159,724.4852071731689,560.6560217668456,0.8710318086470185
Mika Singh,2,831.5216,0.0,1.0,331.5168,0.5788231546636551,IN,1.0,0.0,0.0,0.0,0.0
Manu Pilas,1,831.49353716,0.0,1.0,235.6320153,1.0,PL,0.4960835171365612,0.0,0.0,0.0,0.0
Killa Fonic,3,829.65376,696.0916068528227,1.0,196.3752,0.4145961404495068,RO,1.0,3012.5778584605614,2224.2507577067495,1721.276803005429,2.6809385612942314
İlyas Yalçıntaş,3,825.33821396,0.0,1.0,853.3594855,0.5678768750265447,TR,1.0,0.0,0.0,0.0,0.0
Pause,1,824.1636,384.81984691290137,1.0,209.5116,1.0,TH,1.0,1665.441356989533,1229.6310250693627,951.572277709315,1.4919744393823784
"Tito ""El Bambino""",1,823.2211221,805.4842975830854,1.0,189.9741051,1.0,DO,0.9385181343854637,3486.0126689467797,2573.7978185375123,1991.7801377944668,3.1264963318383643
Chucky73,3,823.0029599999999,644.2225144794662,1.0,193.20600000000002,0.7406602279432315,DO,1.0,2788.0963711331933,2058.5112675631876,1593.0162915781143,2.5012197617894203
Zivert,1,820.6047199999999,328.8436782119347,1.0,303.0,1.0,LV,0.6156910891089108,1423.1850723714654,1050.7680213771337,813.1558972249799,1.2804801090799645
Binz,3,818.0426319000001,395.21612492850795,0.80279347251299,270.0990853,0.47184606293074327,VN,1.0,1710.434855908187,1262.8506890128644,977.279917349973,1.5437467923642871
Tiki Taane,1,815.8908333333333,798.3119445666351,1.0,188.2825,1.0,NZ,1.0,3454.9718236360427,2550.8796975972136,1974.0445341057525,3.1264963318383656
Shenseea,1,812.1401715266667,356.0956650238011,1.0,200.18549769999998,1.0,CR,1.0,1541.127497276822,1137.847439830924,880.5438850606004,1.4010480945573602
DHARIA,1,810.7706845333333,451.3876987548469,1.0,216.87649580000001,1.0,IN,1.0,1953.5368239798845,1442.3380789121534,1116.1794904287603,1.7789716703217262
Artur Pirozhkov,1,807.37592,239.47326425724373,1.0,392.856,1.0,LV,0.6462795528132446,1036.4036090829961,765.1989827644954,592.1631156704002,0.9477604716827516
Estikay,1,806.8512833333333,789.4671574411019,1.0,186.19645,1.0,BE,1.0,3416.6929396574687,2522.6175776807445,1952.1733798541823,3.1264963318383656
Gal Adam,3,806.3357683333335,565.9787782766424,1.0,660.0333913000001,0.45165734632432064,IL,1.0,2449.4694649511534,1808.4957698591124,1399.5372626966866,2.242856934893521
Raj Ranjodh,1,796.9920399999999,0.0,1.0,195.93179999999998,1.0,IN,1.0,0.0,0.0,0.0,0.0
Dante Spinetta,2,792.2598112000001,0.0,1.0,324.2781334,0.563803625249312,AR,0.9638264292537709,0.0,0.0,0.0,0.0
Ypo,1,791.14152,231.1306633917262,1.0,237.00719999999998,1.0,GR,1.0,1000.2981103210408,738.5415197040397,571.533754239837,0.93351379119129
Delia,1,790.78688,230.1697082292018,1.0,434.4048,1.0,RO,1.0,996.1392435611282,735.4709392986377,569.1575298841665,0.9300494961406514
Param Singh,1,787.8400399999999,0.0,1.0,626.3724,1.0,IN,1.0,0.0,0.0,0.0,0.0
陳健安,1,786.8102666666666,0.0,1.0,279.5275,1.0,HK,1.0,0.0,0.0,0.0,0.0
Lê Hiếu,2,784.78223174,268.8869514134195,0.0,422.4083539,0.9814514108737185,VN,1.0,1163.7015419844,859.185773152425,664.896498596376,1.0948078822420064
Lenny Tavárez,1,784.68,78.54398373919638,0.0,1455.8364,1.0,PY,0.8176784149647585,339.9263315324226,250.9748912719644,194.22147300003192,0.31984361940149414
"Franco ""El Gorilla""",1,779.3915922,291.5101474967387,1.0,401.2029226,1.0,PY,1.0,1261.6112695795339,931.4746221123727,720.8385358867264,1.1951304471775037
Nebezao,1,779.0379999999999,197.9814580762608,1.0,342.85200000000003,1.0,BG,1.0,856.8334269721881,632.6184711937163,489.56328140860944,0.8120508514266523
JUDY AND MARY,1,777.9171601066668,0.0,0.0,847.9011609,1.0,JP,1.0,0.0,0.0,0.0,0.0
Ilir7,1,776.1898989,759.4663921057727,1.0,179.1207459,1.0,ID,1.0,3286.854222315782,2426.7548717208415,1877.9882856284594,3.126496331838365
Neeraj Shridhar,1,773.4808847999999,0.0,1.0,178.49558879999998,1.0,IN,1.0,0.0,0.0,0.0,0.0
Anthony Santos,2,770.3247515600001,231.56940158183227,1.0,418.0379955,0.974420530872534,DO,1.0,1002.1969020090349,739.9434382764966,572.618654361872,0.9605603828489508
Imago,1,767.7467200000001,0.0,0.0,2456.004,1.0,PH,1.0,0.0,0.0,0.0,0.0
Yiordano Ignacio,2,767.6811142000001,0.0,1.0,4539.1177008,0.9609710098134759,CL,1.0,0.0,0.0,0.0,0.0
Al James,3,756.60208,0.0,1.0,3459.3846,0.47810260819222006,PH,1.0,0.0,0.0,0.0,0.0
Gubbi,1,755.4065999999999,0.0,1.0,200.96339999999998,1.0,IN,1.0,0.0,0.0,0.0,0.0
Juan Luis Guerra 4.40,9,754.9900800000001,200.66342084254262,1.0,758.208,0.8610328564193467,DO,1.0,868.4405510451904,641.1882595036404,496.1951675722667,0.8492671314352108
Ege Çubukçu,2,751.6522,0.0,1.0,485.84040000000005,0.873346061793132,TR,1.0,0.0,0.0,0.0,0.0
LMEN PRALA,2,750.7728800000001,134.0248952439079,1.0,386.8704,0.8292141244199608,HU,1.0,580.0392188605455,428.2553788367389,331.4131946678504,0.5704193508384837
TEEKS,1,747.2222901,731.1229089266624,1.0,172.4359131,1.0,NZ,1.0,3164.187968310667,2336.1877490655124,1807.901274619731,3.1264963318383647
Mascota,1,741.68450772,192.81387057237058,1.0,330.2352862,1.0,BG,1.0,834.468899742414,616.1062617260421,476.7850085342065,0.8306850895672664
Marc Anthony,6,739.9516800000001,252.80091604870788,0.2183931794032821,55503.274600000004,0.9885956350402431,ES,0.6710092921256218,1094.0836447233717,807.7853884958371,625.1193783825742,1.0916731596525828
30Y,1,738.63712,273.6601562994514,1.0,186.88439999999997,1.0,HU,1.0,1184.3592416492022,874.4377952712474,676.699552627533,1.1838530336401825
Joker,1,733.29984,0.0,1.0,211.5288,1.0,TR,1.0,0.0,0.0,0.0,0.0
Alan 2,10,733.1012754000001,717.3061405014613,1.0,169.17721740000002,0.154804610233529,NI,1.0,3104.391110794414,2292.038448404127,1773.7355373106402,3.1264963318383647
EXO-SC,1,727.5361599999999,0.0,1.0,204.7746,1.0,ID,0.6510074980002403,0.0,0.0,0.0,0.0
Huong Tram,1,722.11152,168.44416456314198,1.0,294.3924,1.0,VN,1.0,729.0005446899477,538.2367162201184,416.5242479722476,0.7453650874038381
Eevil Stöö,4,722.0616000000001,0.0,1.0,970.0245,0.28725511572130397,FI,1.0,0.0,0.0,0.0,0.0
Bossy,1,719.5526624000001,0.0,1.0,764.6454228,1.0,TR,1.0,0.0,0.0,0.0,0.0
Bic Runga,1,717.0344133333334,701.5854492330936,1.0,165.46948,1.0,NZ,1.0,3036.354366824892,2241.805463088541,1734.8618302567745,3.1264963318383647
Xen,2,716.7888582399999,0.0,1.0,444.4740314,0.5348074303717354,CH,1.0,0.0,0.0,0.0,0.0
Can Kazaz,1,716.7654,668.5457441455015,1.0,474.2538,1.0,TR,1.0,2893.36358369081,2136.2323052569996,1653.1621266753218,2.980378664004986
Berksan,2,708.2457321333334,0.0,1.0,285.4989927,0.5724760050966022,TR,1.0,0.0,0.0,0.0,0.0
Portugal. The Man,1,703.2301466666668,0.0,0.0,40055.3461,1.0,GB,0.47773724017329106,0.0,0.0,0.0,0.0
No Party For Cao Dong,4,702.9805395599999,84.93774104164514,1.0,826.8773315,0.6294571453008807,TW,1.0,367.5975338455978,271.40513261456914,210.03178592494922,0.38607773237143006
Gowtham Bharadwaj,1,701.55072,0.0,1.0,202.3704,1.0,IN,1.0,0.0,0.0,0.0,0.0
Tepki,3,701.2940317066667,400.06379202466985,1.0,1253.6122165,0.857445936671757,TR,1.0,1731.4148166135212,1278.3406433602497,989.2670995529619,1.8228312028398195
Nguyen Ha,2,701.28032,235.03405622100578,0.0,320.40180000000004,0.6288410364735778,VN,1.0,1017.1913966278928,751.0141948127168,581.1859601620343,1.0709186802970843
Chillies,2,698.74636,250.69802322436172,1.0,282.4128,0.9009343769120945,VN,1.0,1084.982646666545,801.0659267010377,619.9194009627647,1.1464330586295115
Clicherik & Mäx,2,698.2293084,235.3285637919259,1.0,186.6325956,0.5278247317051191,EE,1.0,1018.465980286952,751.9552472278308,581.9142106468034,1.0769459806133665
YERM,1,697.2950224933332,355.42346118047783,1.0,172.9684926,1.0,TH,1.0,1538.218302000178,1135.699518647669,878.8816772836173,1.628721677356484
Peck Palitchoke,2,696.3814,681.3774182543241,1.0,177.6222,0.9047483929373693,TH,1.0,2948.897103886513,2177.233892660465,1684.8919489714144,3.1264963318383643
Phan Manh Quynh,2,692.5947600000001,0.0,1.0,198.36239999999998,0.8489219731158729,VN,1.0,0.0,0.0,0.0,0.0
Fire EX.,1,692.2708194133334,0.0,0.0,728.0620103,1.0,TW,1.0,0.0,0.0,0.0,0.0
Küberünnak & Karmo,3,690.89337616,263.6147285356059,1.0,177.8710845,0.6658686864868134,EE,1.0,1140.884168882631,842.3392178781918,651.8594861535956,1.2192029145798604
The Weeknd,3,688.89079792,291.8264155759543,0.0,60654.95024209999,0.8915991687247924,US,0.8401337372778911,1262.980029385575,932.4852067939123,721.6205951773794,1.353603807177289
İrem Derici,2,687.7468,0.0,1.0,309.3756,0.5130036111445117,TR,1.0,0.0,0.0,0.0,0.0
Usop,1,686.92312,399.10136525560324,1.0,168.8754,1.0,MY,1.0,1727.2495809658906,1275.2653606686338,986.887236247792,1.8564892104208601
Deeperise,2,681.9675199999999,0.0,1.0,516.6954,0.6192700767221849,TR,1.0,0.0,0.0,0.0,0.0
Adam Mišík,2,680.901234,666.2307823113935,1.0,176.1252484,0.8921551874444369,CZ,1.0,2883.3447834410176,2128.835210445216,1647.4377506511535,3.1264963318383647
Porsche Boy,1,680.4522400000001,294.3702307424559,1.0,174.69119999999998,1.0,SK,1.0,1273.9892718059325,940.6135662739791,727.9108736322931,1.3823359098266457
Bağzıları,1,679.7410334,343.1890451766744,0.0,692.7010768,1.0,TR,1.0,1485.269623404709,1096.6063751610059,848.6287389370733,1.6132708212065485
TRINITY,3,669.7786333333333,655.3478251753658,1.0,154.5643,0.6715848355668159,TH,1.0,2836.2450118307784,2094.060440260381,1620.526663831646,3.126496331838366
Jluch,13,666.0160000000001,651.6662601787928,1.0,153.696,0.12754528419737665,BG,1.0,2820.3117624078986,2082.2965809456605,1611.4229878715107,3.1264963318383647
Pavel Callta,1,665.0220489466668,314.11909424748126,1.0,168.7915342,1.0,CZ,1.0,1359.4593282457577,1003.7179395812519,776.7453378066443,1.509300242256701
Rainie Yang,2,664.1939199999999,371.89068787483905,0.0,1011.3546,0.8535712399983151,TW,1.0,1609.4859369512374,1188.3179399756625,919.6013972741914,1.7891129445684517
Lil Barty,1,660.15976,241.66483662370916,1.0,178.2756,1.0,GR,1.0,1045.8883986156238,772.2018060261047,597.5823775022732,1.1697195933694968
Zayo,6,658.8982400000001,285.2010235839004,0.0,1522.9824,0.6478057789768286,SK,0.7383079410504022,1234.3063476138257,911.3148133954671,705.2375021556136,1.3830888566274924
Valete,2,658.4552164666668,166.79367740697637,1.0,274.1232292,0.8564936648572065,PT,1.0,721.8574890728594,532.9628452647072,412.4429672505754,0.8094139615517612
Diamond,1,656.9531182933332,0.0,1.0,155.59078399999999,1.0,TH,1.0,0.0,0.0,0.0,0.0
Los Totora,1,654.92134344,0.0,1.0,188.9196183,1.0,AR,1.0,0.0,0.0,0.0,0.0
Minelli,1,654.48656,55.53682617953804,1.0,397.0212,1.0,RO,1.0,240.35487747667088,177.45915407450602,137.32998598788637,0.2711425488622807
Cam Sanders,1,651.4053,386.2236645449552,1.0,159.5745,1.0,LU,1.0,1671.516864687094,1234.1167025305451,955.0436005954351,1.894545074365445
Valdimar,1,647.3844,368.387103298647,1.0,159.723,1.0,IS,1.0,1594.3229595276182,1177.1227889760435,910.9378265616629,1.8182748749831528
Đức Phúc,1,647.1951200000001,244.40618804779083,0.0,293.9592,1.0,VN,1.0,1057.7525477033946,780.9613614095147,604.361118358655,1.2066861094526091
馬念先,1,639.26200416,81.8633076823222,1.0,716.7624934,1.0,TW,1.0,354.29185715818,261.5812665290256,202.42940892213682,0.4091925764816061
Vaidas Baumila,1,638.2542287333333,150.36595738826227,1.0,209.9003769,1.0,LT,1.0,650.7608329630103,480.47066127728436,371.82093831630164,0.7527888412597232
Tom Petty,1,638.1527533333333,624.4033449459666,1.0,147.26602,1.0,NZ,1.0,2702.3220409704663,1995.1822424492193,1544.0079765273374,3.1264963318383647
HammAli & Navai,2,635.19007864,179.86698771129258,0.5692393330631027,372.8208354,0.5436650617515353,LV,0.9883644764774323,778.4367737127537,574.7365429559924,444.770301101146,0.9048260706252778
Rhymastic,1,634.4728211466668,227.36115560174704,0.0,368.67005700000004,1.0,VN,1.0,983.9842579579469,726.4966530866272,562.2126156802519,1.1450398328704579
Oğuzhan Koç,3,634.2534414666667,0.0,0.0,2923.5002499,0.609127502848995,TR,1.0,0.0,0.0,0.0,0.0
Doris Schmeler,8,633.7240433333334,620.0700543296507,1.0,146.24401,0.22590450029372147,NI,1.0,2683.568222886077,1981.3358968794441,1533.29273079658,3.126496331838365
MIN,1,633.6680065733333,194.36163375937195,1.0,201.9329155,1.0,VN,1.0,841.1673817545475,621.0518944668293,480.61227615832905,0.9800903438778173
Ngọt,1,627.5831654733333,200.04040266215898,1.0,171.6089247,1.0,VN,1.0,865.7442237842888,639.197503335715,494.654584793811,1.0185064522143803
Diego Torres,1,627.47672,0.0,0.0,3635.4156000000003,1.0,PE,0.3021581356475446,0.0,0.0,0.0,0.0
Andiez,2,626.96549812,228.42943980252977,0.0,290.1301239,0.9747108862693317,VN,1.0,988.6076283565238,729.910186477412,564.8542404257911,1.1641951409863842
Cultura Profética,2,625.2386399999999,373.54732752705786,0.08560507392825242,524.2968,0.9764415880470757,CR,0.9764415880470757,1616.6556196289046,1193.61147026021,923.6978917243912,1.909049431526193
Free Finga,13,621.1347999999999,147.150535853036,0.3058460095940527,518.904,0.6173650617455252,LT,1.0,636.8449810445601,470.1962897496503,363.8699295036938,0.7569955664207678
Vu Cat Tuong,1,612.6910104466666,222.35170301915187,0.0,245.4434582,1.0,VN,1.0,962.3041144470006,710.4897387770151,549.8253746313884,1.1596216145868548
Heijan,1,609.9574433333333,596.8155208962718,1.0,140.75941,1.0,TR,1.0,2582.926163937878,1907.0297091591744,1475.789539306365,3.1264963318383656
Sander Mölder,3,608.78272,211.3654329004592,0.5177085184020992,389.6556,0.5594386427398965,EE,1.0,914.757220071591,675.3848482779694,522.6588182174196,1.1094021332898039
Stillaround,8,607.8904,0.0,1.0,170.5206,0.18766999412387714,ZA,1.0,0.0,0.0,0.0,0.0
LIZER,3,605.8938534133333,195.66135197170405,1.0,279.7872759,0.5411569290024315,LV,0.9676311130630656,846.7923631078099,625.2049386784313,483.8261847693604,1.031872060025544
marp$,2,602.5346346933334,172.73708586221528,1.0,290.8092676,0.8721308137567759,EE,1.0,747.5796505524271,551.9540680143889,427.13966952952137,0.916053677636825
okeiokei,2,597.05048,188.83953139049163,1.0,201.79319999999998,0.6367885538263925,EE,1.0,817.2685684879211,603.4068887560891,466.9573683591251,1.0106463506336836
ERIK,4,595.0958,193.94442305416055,1.0,2370.8445,0.828261195536021,NO,0.828261195536021,839.3617577239473,619.7187635713349,479.58060862811305,1.041376470093277
Mumford & Sons,3,593.4716666666667,0.0,1.0,907.802,0.49779852875406755,IE,0.8491356044600034,0.0,0.0,0.0,0.0
Collie Buddz,1,592.2072000000001,0.0,1.0,599.0472,1.0,CR,1.0,0.0,0.0,0.0,0.0
Vishal Dadlani,1,590.0258871000001,577.313402763795,1.0,136.15982010000002,1.0,IN,1.0,2498.5239836779974,1844.7137717078276,1427.5652205235624,3.126496331838365
Whatcharawale,2,586.56316316,0.0,0.0,188.81458270000002,0.9175984832446947,TH,1.0,0.0,0.0,0.0,0.0
Jose Mari Chan,1,585.3431999999999,572.7316071462053,1.0,135.0792,1.0,PH,1.0,2478.694674010052,1830.0733676665302,1416.2354782381672,3.126496331838365
Suur Papa,1,583.0427309199999,143.640553539972,1.0,146.29799640000002,1.0,EE,1.0,621.6543151956605,458.980695792603,355.1905386376669,0.7872162218168197
Radiohead,1,582.4448151600001,0.0,0.0,560.3365408,1.0,BO,0.4741608864570412,0.0,0.0,0.0,0.0
FM95BLÖ,2,581.2872,0.0,1.0,167.679,0.5374376039933444,IS,1.0,0.0,0.0,0.0,0.0
Kali,12,579.06576,181.63232362018587,0.0,2129.5428,0.2807644908569107,PL,0.5102492422317129,786.0768771409822,580.3773949563715,449.13557676253316,1.0022650880901187
李友廷,3,576.40827556,274.9346043690634,1.0,1154.7057992,0.8557606672492756,TW,1.0,1189.8748576952419,878.5100927340894,679.8509739020636,1.5241108255786011
鳥屎,1,576.373603,0.0,1.0,137.5289634,1.0,TW,1.0,0.0,0.0,0.0,0.0
Kumachan,3,571.18152,0.0,0.0,967.0986,0.9115552436949035,TW,1.0,0.0,0.0,0.0,0.0
Luana,5,567.4397612,158.68350729319724,0.2858060733302029,1363.6669439999998,0.47823851085445096,UY,1.0,686.7579150044631,507.048077950873,392.38835439812146,0.8935716398840063
Dons,2,565.65288,110.00245894404301,0.3439162194312526,411.564,0.6648249117998658,LV,1.0,476.0737939210754,351.49547882370234,272.01115340264715,0.6213978417712686
Jerry Di,1,564.7096,552.5425712281115,1.0,130.3176,1.0,CO,1.0,2391.3196187849226,1765.5624929539097,1366.312567433403,3.126496331838364
Mark B.,2,562.1662371,273.407517416161,1.0,144.1734669,0.7651994106274765,DO,1.0,1183.2658592574394,873.6305276328321,676.0748339194437,1.554043039189897
Separ,2,561.1507200000001,181.46368656986746,0.04913560478012038,390.0204,0.9796072205453868,SK,1.0,785.3470418162866,579.8385419041934,448.7185755517978,1.033302678296828
Ados,1,558.66096,0.0,1.0,161.1522,1.0,TR,1.0,0.0,0.0,0.0,0.0
FACE,3,557.0916,175.48473660403405,1.0,569.3796,0.4830879083128374,LV,0.9058870391563028,759.4710621225369,560.7337518724305,433.9339871711839,1.0065377971458025
Jared Moreno,2,554.9115,542.9555775464917,1.0,128.0565,0.6262079628913799,LU,1.0,2349.828578510743,1734.928769244925,1342.6061045594429,3.1264963318383647
NOËP,6,550.4228070466667,233.18928626596943,0.5997146664842808,421.64998,0.38754953931220393,EE,1.0,1009.2075148143733,745.1195238672707,576.6242621050187,1.3537221102178947
Kalben,2,548.7586,0.0,1.0,188.5602,0.6715977178641092,TR,1.0,0.0,0.0,0.0,0.0
HenryNorrell,7,543.31576,142.3203198189244,1.0,146.286,0.18292112710717362,NI,1.0,615.9405458629095,454.7620975140419,351.92589982258454,0.8370125275107829
Tus,1,543.10828,342.79529315275425,1.0,131.5206,1.0,GR,0.8606073877400194,1483.5655249537176,1095.3482027754594,847.6550794097382,2.0168136688607645
Soobin Hoang Son,3,541.52384,195.1105121115411,0.0,327.14279999999997,0.8853216393574916,VN,1.0,844.4084125617215,623.4448169296835,482.4640826205412,1.151278615784826
Ayushmann Khurrana,1,541.4983749066666,0.0,1.0,303.61373199999997,1.0,IN,1.0,0.0,0.0,0.0,0.0
Amruta Fadnavis,1,539.48959064,0.0,1.0,155.6219973,1.0,IN,1.0,0.0,0.0,0.0,0.0
Omy de Oro,1,536.48618192,293.5490761560056,1.0,133.222764,1.0,DO,0.8009413578898572,1270.4354405268887,937.9896965230361,725.8803444211612,1.7483948853372473
Sukriti Kakar,1,535.6884,0.0,1.0,194.8074,1.0,IN,1.0,0.0,0.0,0.0,0.0
RASA,2,532.5609071466666,138.146523464598,1.0,166.6081312,0.8931573689003722,LT,0.502081188940195,597.876994515672,441.4253906607628,341.60504725886494,0.8288730636009578
Wellhello,1,531.19456,136.15412221933857,1.0,157.2828,1.0,HU,1.0,589.2541870898285,435.0589872509295,336.67829047573184,0.8190200352408155
Bii,3,528.30929164,77.51446431381281,1.0,180.4001037,0.7908383558207456,TW,1.0,335.47072914441486,247.68522459671686,191.67570475960133,0.46882617534104304
Lavrentis Machairitsas,10,526.3953933333335,515.0538685990697,1.0,121.47586000000001,0.31496043740707,CY,0.8733281657771347,2229.074255716578,1645.7732663532802,1273.6115011155878,3.1264963318383647
Imran Khan,1,525.2728,513.9554622556259,1.0,121.2168,1.0,IN,1.0,2224.3205212981843,1642.2634824144668,1270.8953911372016,3.1264963318383647
VLOSPA,2,521.52152,354.84174569525953,1.0,141.3144,0.8803773713082318,GR,1.0,1535.7007264778763,1133.8407387169407,877.443226710736,2.174101537970937
Julio Melgar,4,521.0524800000001,0.0,1.0,324.4056,0.7543408621799377,GT,1.0,0.0,0.0,0.0,0.0
Dzharo & Khanza,1,520.75608,176.8912910433253,1.0,142.4052,1.0,LV,1.0,765.5584143026417,565.2281743687655,437.4120775614164,1.085399088127335
Villemdrillem,4,519.2252000000001,85.83355303917196,1.0,196.8696,0.7461019883212034,EE,1.0,371.4744709649721,274.2675583278605,212.2469259956194,0.5282246669226772
Ν.Ο.Ε.,1,517.2460592,235.59502302100736,1.0,167.5691811,1.0,GR,1.0,1019.6191750185228,752.8066755978151,582.5731039382171,1.455413071222129
Creedence Clearwater Revival,1,514.8899756,0.0,0.0,797.5205378999999,1.0,NZ,1.0,0.0,0.0,0.0,0.0
Biggy,1,509.72174309333343,317.4985444107427,1.0,123.74547440000002,1.0,ZA,1.0,1374.0850709431047,1014.5164386757191,785.1019522459917,1.990333848658197
Mor,1,507.0671666666667,496.14208091265573,1.0,117.0155,1.0,IL,1.0,2147.2269352100348,1585.3436365790064,1226.8469357516058,3.126496331838365
Didi Kempot,1,505.4608,494.5703244411257,1.0,116.6448,1.0,ID,1.0,2140.4246139373627,1580.3213370880856,1222.960338171942,3.126496331838365
Américo Young,1,502.79547968,0.0,1.0,194.4432761,1.0,UY,1.0,0.0,0.0,0.0,0.0
DMN,1,501.74267000000003,490.9323039251642,1.0,115.78677,1.0,PL,1.0,2124.6798183571336,1568.6966172817872,1213.9643378447806,3.1264963318383647
Tedi Aleksandrova,2,500.32735999999994,108.58844458272246,1.0,175.8492,0.5203799619219195,BG,1.0,469.95415634101727,346.97721932507795,268.5146163157229,0.6935003900747663
Decky,1,500.19320000000005,489.4162182453017,1.0,115.42920000000001,1.0,CZ,0.810751525610504,2118.1184317440516,1563.8522050104932,1210.215401517399,3.126496331838364
Thái Đinh,3,497.0245089333334,390.80937876065536,1.0,133.6397217,0.6366411918381001,VN,1.0,1691.3631334474742,1248.769627833025,966.3830326859671,2.5124910449849147
BARANOVSKI,1,490.45880000000005,479.8915521065237,1.0,113.1828,1.0,PL,1.0,2076.897135528971,1533.4176391178462,1186.6630605328937,3.1264963318383643
ซันนี่ สุวรรณเมธานนท์,1,490.0454,479.48705907338643,1.0,113.0874,1.0,TH,1.0,2075.1465516352214,1532.125145534264,1185.662840923776,3.1264963318383647
Shouse,1,490.02599498666666,239.83758621974306,1.0,123.7607152,1.0,LT,1.0,1037.9803387357765,766.3631160382783,593.0640013249633,1.5639233915725852
Vidas Bareikis,2,485.8506027266667,152.74647851657926,1.0,266.3575355,0.9812433262283283,LT,1.0,661.0633637968315,488.07724045633125,377.70742761871134,1.0045829679271125
Wonderframe,4,484.65871999999996,0.0,1.0,1081.6278,0.47141502834893856,TH,1.0,0.0,0.0,0.0,0.0
Super Ed,1,479.97351999999995,205.44201343326046,1.0,123.384,1.0,RO,1.0,889.1215678706728,656.4574971816107,508.0115441762089,1.3676952369822626
Galin,3,478.73554629333336,98.57503531818516,1.0,363.29033549999997,0.5359547677810439,BG,1.0,426.61765473537866,314.980951988121,243.7537243348892,0.6579435231557345
Oge,1,477.43488,191.25456007391534,1.0,123.69239999999999,1.0,GR,1.0,827.7204427349378,611.1237313758055,472.9291870255853,1.280014839669455
Adam Ďurica,1,477.30183644,214.10370206781855,1.0,121.08961590000001,1.0,SK,1.0,926.6080296243574,684.1345547969731,529.4299373513946,1.4333373613218297
Darius & Finlay,1,476.66808280000004,0.0,1.0,110.0003268,1.0,AT,1.0,0.0,0.0,0.0,0.0
Monali Thakur,1,475.58300157333326,182.75388026274365,1.0,123.78175929999999,1.0,IN,1.0,790.9308025081549,583.9611520186048,451.9089321845582,1.227884827857036
SarahStiltner,5,474.1828,152.19305328950927,1.0,125.6196,0.2376030492056972,NI,1.0,658.6682241787537,486.3088575760809,376.33893244339885,1.0255725377978302
Raftaar,2,471.61711999999994,0.0,1.0,252.714,0.5383294950022555,IN,1.0,0.0,0.0,0.0,0.0
Samthing Soweto,5,469.7134,459.593124990789,1.0,108.3954,0.7074820518213872,ZA,1.0,1989.0486519552176,1468.5572221153266,1136.4696500854125,3.1264963318383647
Stan,2,468.63881999999995,121.40259600325064,1.0,144.5471,0.9090953744488821,CY,0.5268144431814958,525.4118410256227,387.92281574641953,300.2011089744654,0.8277650062075941
玖壹壹,1,467.67354192,191.61456312434956,1.0,120.8502219,1.0,TW,1.0,829.2784807978011,612.2740642484074,473.8193929893165,1.3091911544423924
Harry,1,465.94357333333335,455.904521645841,1.0,107.52544,1.0,MY,1.0,1973.0849416385904,1456.770872870327,1127.3485698847,3.126496331838365
Giant Rooks,1,465.70764240000005,0.0,1.0,44561.6561661,1.0,DE,0.8695075720295222,0.0,0.0,0.0,0.0
Nadav Guedj,1,463.73600000000005,0.0,0.0,1163.848,1.0,IL,1.0,0.0,0.0,0.0,0.0
Maudy Ayunda,1,463.72164150000003,453.7304627520598,1.0,107.0126865,1.0,ID,1.0,1963.6759477333107,1449.8240111438151,1121.9726149020617,3.1264963318383643
Liis Lemsalu,2,460.8697599999999,249.97887517281706,1.0,192.07319999999999,0.7863751944571132,EE,1.0,1081.8702840468698,798.7680027168892,618.1411107968381,1.7331751224399912
Trash,1,454.2574399999999,0.0,1.0,131.0358,1.0,TW,1.0,0.0,0.0,0.0,0.0
Tanja Savic,1,454.1049656,0.0,1.0,104.7934536,1.0,AT,1.0,0.0,0.0,0.0,0.0
Two Popetorn,1,452.97552664,0.0,0.0,159.8163892,1.0,TH,1.0,0.0,0.0,0.0,0.0
The Landers,1,452.1062,0.0,1.0,104.3322,1.0,IN,1.0,0.0,0.0,0.0,0.0
Anurag Kulkarni,1,450.57219999999995,0.0,1.0,114.98400000000001,1.0,IN,1.0,0.0,0.0,0.0,0.0
Sælan,1,449.7011755600001,0.0,1.0,115.68148620000001,1.0,IS,1.0,0.0,0.0,0.0,0.0
NCT 127,5,448.45216000000005,0.0,1.0,792.9486,0.5042074606096788,TH,0.7066339482786147,0.0,0.0,0.0,0.0
7th Block,1,447.86248,210.43017567326322,1.0,113.4456,1.0,LT,1.0,910.7095700397876,672.3963815650224,520.3461390324284,1.5013456397709903
Mickey J. Meyer,1,447.64199999999994,204.49318403592167,1.0,114.12719999999999,1.0,IN,1.0,885.0151795652558,653.4256627431711,505.66530409003275,1.4597058871669129
5GANG,4,445.06072,115.20915570272426,1.0,682.944,0.32194616249648583,RO,1.0,498.60758001546503,368.132655736388,284.88613460163253,0.8271515305515796
Ajda Pekkan,1,444.7169999999999,0.0,1.0,102.627,1.0,TR,1.0,0.0,0.0,0.0,0.0
Kobik,1,440.882,0.0,1.0,1202.7444,1.0,PL,1.0,0.0,0.0,0.0,0.0
Black Coffee,2,440.06196,231.20072637674443,0.28259202408678996,402.1836,0.9286445295133864,ZA,1.0,1000.6013321890904,738.765394903769,571.7070041248722,1.6787758589807875
Mon Laferte,2,437.61234885333334,340.16154168720874,0.0,4879.7638111,0.8053355751277911,MX,0.4872646420081567,1472.1670520060786,1086.9324660603786,841.142408867679,2.483779237282598
Jelen,1,437.00383999999997,0.0,1.0,120.20760000000001,1.0,CZ,1.0,0.0,0.0,0.0,0.0
No. 1,1,436.293,426.89278884018717,1.0,100.683,1.0,TR,1.0,1847.5266056014113,1364.068464106756,1055.6091289810233,3.1264963318383656
Trung Quan,1,434.22723829333336,155.56169225683658,1.0,195.9916717,1.0,VN,1.0,673.2471776759813,497.0728112019468,384.6688132451173,1.1447296884359877
Colbie Caillat,1,433.4565378,0.0,1.0,100.0284318,1.0,PH,1.0,0.0,0.0,0.0,0.0
Ricardo Arjona,2,431.55975096000003,261.36213243593915,0.0,566.6830983,0.8285094681815394,GT,0.39201585730442107,1131.1352779793315,835.1414029179687,646.2893264580534,1.9351698138211582
Tsvetelina Yaneva,2,426.4433046466667,120.36185856465836,1.0,140.5143007,0.7636541445635219,BG,1.0,520.9076887946405,384.59730368224075,297.62760112947433,0.9018720648009755
Sam The Kid,2,425.73957140000005,0.0,0.0,1148.4949125,0.9734755377072686,PT,1.0,0.0,0.0,0.0,0.0
Dudu Faruk,2,425.18839999999994,0.0,1.0,459.0285,0.7328041722899558,IL,1.0,0.0,0.0,0.0,0.0
Chyno Miranda,1,424.53627944,0.0,1.0,122.4623883,1.0,PE,0.6556365543297182,0.0,0.0,0.0,0.0
CLR,1,423.605,0.0,1.0,838.2324000000001,1.0,PH,1.0,0.0,0.0,0.0,0.0
KayGee DaKing,1,421.76524,138.9259974276726,1.0,149.4624,1.0,ZA,1.0,601.2504384407063,443.9160765646196,343.53250973360025,1.0525193507284278
Eddy Lover,2,419.50901044,45.64262182565064,0.0,676.0353168,0.9450103929836584,PA,1.0,197.5342764664543,145.84378719695002,112.86386073816396,0.3476535272603143
Yanitsa,3,419.31552,95.17772915696372,1.0,295.94759999999997,0.6846157900925706,BG,1.0,411.91463401375216,304.1253968731513,235.3529560589196,0.7252901034360744
RuthAnne,1,417.32909226666663,0.0,1.0,120.383392,1.0,IE,1.0,0.0,0.0,0.0,0.0
Bilderbuch,4,414.8993333333334,0.0,1.0,558.285,0.3962949031408689,AT,1.0,0.0,0.0,0.0,0.0
Metth,2,413.8183001333333,0.0,1.0,431.0625824,0.7784624908329784,TR,1.0,0.0,0.0,0.0,0.0
Elefánt,5,412.9567299,404.059313574444,1.0,95.29770690000001,0.22452396386045678,HU,1.0,1748.7068219118937,1291.1077012403166,999.1471189237294,3.126496331838365
Lucie,1,409.968,0.0,1.0,118.26,1.0,CZ,1.0,0.0,0.0,0.0,0.0
Binomio de Oro de América,5,409.74544,343.2939323117589,0.0,290.076,0.5214081826831588,PY,1.0,1485.723558860448,1096.9415254305807,848.8881010537506,2.6771293060163908
Skrillex,2,408.77839530666677,340.82349773851894,1.0,97.82097230000001,0.8217408609830389,LU,1.0,1475.0318964084804,1089.0476420432526,842.7792761772574,2.6641516639504537
Pramote Vilepana,1,408.50387370000004,399.7023970034187,1.0,94.27012470000001,1.0,TH,1.0,1729.8507543141616,1277.1858626648127,988.3734515608338,3.1264963318383647
Leon Somov,2,403.60944,95.9187101356354,0.19172296862035731,295.1184,0.782480523071418,LT,1.0,415.1214861980203,306.4930845266605,237.18523410608975,0.7593803666402363
癲佬 dlo,1,403.20566,394.5183366993013,1.0,93.04746,1.0,HK,1.0,1707.4149353280402,1260.6210169664669,975.5544451843567,3.1264963318383647
gnash,1,401.58903546666664,136.48155219264333,1.0,168.67907509999998,1.0,VN,1.0,590.6712538638901,436.1052380016198,337.48795060107983,1.0859490660516755
Mancha De Rolando,1,400.3361357666667,235.19817456490767,0.0,112.47726,1.0,UY,1.0,1017.9016756833197,751.5386090524285,581.591787635782,1.8772689795119015
F4ST,3,399.72608,46.09593162674492,1.0,330.9096,0.5104693245526875,BO,1.0,199.49613185496284,147.29226705022458,113.98479315211212,0.3684830047872397
Snow Patrol,1,398.2425078666667,0.0,0.0,5675.084881,1.0,GB,0.9775271904695234,0.0,0.0,0.0,0.0
Grasu XXL,1,396.00808,180.5107030618083,1.0,100.99199999999999,1.0,RO,1.0,781.222675155931,576.7934336612337,446.36206329116976,1.4565193560223157
DTK BOY BAND,2,395.35184,136.5812702079912,1.0,105.9906,0.6960787088666354,TH,1.0,591.1028181611308,436.4238711657191,337.73453065601836,1.1038872897764156
Mickey Singh,1,390.43357184,0.0,1.0,112.6250688,1.0,IN,1.0,0.0,0.0,0.0,0.0
De Mthuda,1,387.21076888000005,100.45053131954184,1.0,112.36849500000001,1.0,ZA,1.0,434.73451417125614,320.9738031603311,248.39140094165117,0.8289382139054187
Phùng Khánh Linh,2,386.52067999999997,164.5412140811004,0.0,331.1904,0.8281326994985361,VN,1.0,712.1091727941902,525.7654545621563,406.8731358745299,1.360251809973418
El Fecho RD,1,385.48808376,0.0,1.0,137.865565,1.0,DO,1.0,0.0,0.0,0.0,0.0
Nasty C,1,384.92324,81.2876818701212,1.0,209.48340000000002,1.0,ZA,1.0,351.8006368079801,259.7419451863473,201.00601673065157,0.6747889402218149
Bùi Lan Hương,2,381.96288000000004,218.87201180988785,0.37736337101657624,248.62199999999999,0.8662113569997828,VN,1.0,947.2445438558485,699.3709352566224,541.2208868008169,1.8309918892030093
Mamta Sharma,1,381.60512,0.0,1.0,110.0784,1.0,IN,1.0,0.0,0.0,0.0,0.0
Jazzu,8,381.29312,65.6406942830174,1.0,416.2188,0.5568907507301448,LT,1.0,284.08287108223607,209.744468340168,162.31456217862134,0.5500872093893748
Bumkey,1,380.861,0.0,1.0,114.2514,1.0,TH,1.0,0.0,0.0,0.0,0.0
Moksi,3,379.39887855999996,39.901212621487076,1.0,106.51508879999999,0.534889378038992,LU,1.0,172.68633680657862,127.49802114123976,98.66665683224456,0.3360527095524259
Am Mi,1,379.00886504000005,0.0,1.0,97.35661830000001,1.0,VN,1.0,0.0,0.0,0.0,0.0
Öed,2,378.90216000000004,115.4652773316293,0.0,230.994,0.9764877009792463,EE,1.0,499.71603519681776,368.9510519381936,285.5194653504048,0.9737369983274667
Lo Blanquito,2,376.87816053333336,154.17890414075663,1.0,139.0683266,0.7004131507252924,DO,1.0,667.2626825025958,492.6543302367123,381.2494915865195,1.30719787408095
CIX,1,374.5664,0.0,1.0,108.048,1.0,TH,1.0,0.0,0.0,0.0,0.0
BCA,3,372.65488000000005,0.0,1.0,1069.2996,0.5724696801532517,PA,1.0,0.0,0.0,0.0,0.0
Karan Randhawa,1,371.45264000000003,0.0,1.0,107.1498,1.0,IN,1.0,0.0,0.0,0.0,0.0
Daði Freyr,1,368.08199999999994,0.0,1.0,155.69549999999998,1.0,IS,1.0,0.0,0.0,0.0,0.0
Kimberley Chen,2,367.06696,0.0,1.0,101.1462,0.5833298729957231,TW,1.0,0.0,0.0,0.0,0.0
Noizy,2,364.99352448,0.0,1.0,3904.1678647999997,0.9672153150857009,DE,0.8528184665467922,0.0,0.0,0.0,0.0
Bermudu Divstūris,1,364.3139773000001,110.10968783453067,0.0,212.08708860000002,1.0,LV,1.0,476.53786413552734,351.8381118027057,272.27630614977323,0.9657551829612595
Tellaman,1,362.63029608000005,93.32396716693977,1.0,137.6623979,1.0,ZA,1.0,403.8918360500601,298.20199330050843,230.76902273705718,0.8223306119870413
Dorothea Berger,5,362.3464,354.539415535436,1.0,83.61840000000001,0.31190264343732954,NI,1.0,1534.39228785218,1132.874690454837,876.6956327362791,3.126496331838365
Agus Padilla,4,358.9664,0.0,1.0,4826.0112,0.736749056860871,AR,0.7959355751184333,0.0,0.0,0.0,0.0
Motive,5,358.87904000000003,0.0,1.0,772.8786,0.574544048703121,TR,1.0,0.0,0.0,0.0,0.0
RSAC,1,358.4358452133334,125.77939507073532,1.0,122.0135324,1.0,LV,1.0,544.3539570227532,401.9081856982243,311.023941245549,1.1212834627603083
Wahlstedt,3,357.52713464,235.78145743731292,1.0,88.7061108,0.5300061379762351,LU,1.0,1020.4260346172996,753.4023973212892,583.0341140019923,2.107259349922916
Danny Paz,1,356.84791999999993,46.37403679493042,1.0,99.5352,1.0,BO,1.0,200.6997284272402,148.18090817873275,114.67248421185339,0.4152494658753588
Beissoul & Einius,6,355.86616000000004,279.5629791773444,1.0,182.832,0.3129167760567078,LT,1.0,1209.905754966256,893.2993332204304,691.2958959707667,2.510211516656797
Sun-El Musician,1,355.46857709999995,117.2320699960228,1.0,89.0626085,1.0,ZA,1.0,507.362443239729,374.5965587706282,289.88834323802985,1.0538106119721722
Marko Glass,2,353.48040000000003,345.86443916438,1.0,81.5724,0.5054945054945055,RO,1.0,1496.8483188101318,1105.1551739767576,855.2443819998568,3.126496331838364
Neil Diamond,1,352.5552333333334,86.62902909592763,1.0,95.94900000000001,1.0,MT,1.0,374.91716950051756,276.80937639398536,214.2139580218068,0.7851518009726097
Quimico Ultra Mega,1,351.0837401933333,74.62735327573162,1.0,95.7999749,1.0,DO,1.0,322.97575477234284,238.45991739459546,184.53653340826395,0.6792109405672885
Smuggler,4,350.0744,342.5318236083438,1.0,102.76079999999999,0.35400658616904507,GR,1.0,1482.4252691194918,1094.5063274705162,847.0035789310261,3.126496331838364
Cihan Mürtezaoğlu,1,349.54400000000004,342.0128514148848,1.0,80.664,1.0,TR,1.0,1480.1792369539266,1092.8480338161091,845.7202783004601,3.126496331838364
Moving and Cut,2,348.87306792000004,245.50204036016862,1.0,84.80396940000001,0.5794824198405977,TH,1.0,1062.4952286665198,784.4629843455549,607.0709127969818,2.2485627481151393
Geo Ong,1,343.876,0.0,1.0,99.195,1.0,PH,1.0,0.0,0.0,0.0,0.0
Ricus Nel,2,343.44336,123.37222592763678,1.0,99.24719999999999,0.9578688366019394,ZA,1.0,533.9360976624673,394.216456997928,305.071557441269,1.1478354305581218
GJan,3,340.80591999999996,100.64135262806666,1.0,231.8472,0.39496703000942,LT,1.0,435.560359567645,321.583542504829,248.8632587957746,0.943597289932138
Stabil,1,338.0310362,0.0,1.0,326.3111361,1.0,TR,1.0,0.0,0.0,0.0,0.0
Baani Sandhu,1,335.26207,328.0386347125303,1.0,77.36817,1.0,IN,1.0,1419.700967409522,1048.195632059537,811.1652070811925,3.1264963318383647
Lost Identities,2,334.2847615466667,198.30684201060174,1.0,83.8035416,0.624174236569496,LU,1.0,858.2416388029933,633.6581841501411,490.36788214325117,1.8955640730326302
Zero12Finest,1,330.98052,104.18419144815125,1.0,110.8818,1.0,ZA,1.0,450.893223346504,332.9041242392273,257.6238963580777,1.005811835207786
Nicole Favre,1,329.95456,0.0,1.0,95.1792,1.0,PE,1.0,0.0,0.0,0.0,0.0
Berk Coşkun,1,329.849,0.0,1.0,902.3298,1.0,TR,1.0,0.0,0.0,0.0,0.0
Akim,2,329.12152000000003,50.60133552280563,0.0,566.7887999999999,0.8259775069655576,PA,1.0,218.9948298525731,161.68857341411783,125.12563602123072,0.4912731729426803
Sheen & Jickson,2,328.12519999999995,296.3827189407163,1.0,526.6248,0.552147183345714,CZ,1.0,1282.6990124877714,947.044154368691,732.8873008983101,2.886228044565584
ToTo H,1,327.57088,95.04997381581343,0.0,247.82760000000002,1.0,BG,1.0,411.3617284647404,303.7171748639256,235.0370460507868,0.9271800193714582
Nino Xypolitas,2,326.38633976,0.0,1.0,474.81985399999996,0.7641858375197598,GR,0.6874225549970369,0.0,0.0,0.0,0.0
TAEYONG,1,326.12380372000007,0.0,1.0,80.41682550000002,1.0,TH,1.0,0.0,0.0,0.0,0.0
Jacky Cheung,2,326.0833333333333,319.05765978590296,1.0,344.66949999999997,0.7816749088619678,HK,1.0,1380.8326834868462,1019.4983455402931,788.9572912589211,3.126496331838364
Zomb,1,325.20488,103.94212302678602,1.0,81.1128,1.0,LV,1.0,449.8455882949416,332.13063284192,257.0253160069656,1.0212965833782075
Ricky Hsiao,2,324.88300000000004,209.2729930310269,1.0,128.01659999999998,0.6144468764207143,TW,1.0,905.7014608026178,668.6987872491877,517.4846885863766,2.0582757092528317
JamesPonder,6,324.47187499999995,53.26521089207151,1.0,89.69046420000001,0.26110996981549794,NI,1.0,230.52367444162388,170.20056630441388,131.71279615083756,0.5245464381293876
Dame 5,3,322.5352,0.0,0.0,1307.6604,0.7258618522056643,UY,1.0,0.0,0.0,0.0,0.0
Mark Les,1,322.46400653999996,100.9833288659601,1.0,81.0995605,1.0,LT,1.0,437.040380346886,322.67627354592173,249.7088885371335,1.0006582657339012
Alisia,1,321.59198032,103.98315341038908,1.0,82.2588099,1.0,BG,1.0,450.0231615108084,332.26173895054086,257.1267748477548,1.0331779375217127
Justinas Jarutis,2,320.60287999999997,93.1285334849131,1.0,184.1664,0.9663782318598833,LT,1.0,403.04602900760364,297.577515845171,230.2857595284698,0.9281810439293964
Elandré,1,319.99136641333337,105.74029619195997,1.0,93.56275000000001,1.0,ZA,1.0,457.62780633887553,337.87641110695193,261.4717907619115,1.055892272638745
Jigar Saraiya,1,319.5504,312.6654826710429,1.0,73.7424,1.0,IN,1.0,1353.1683199835277,999.0731534374823,773.1508857798258,3.126496331838365
TerryFerrell,5,318.44636130666663,55.612922236359225,1.0,87.7801223,0.28728673689715284,NI,1.0,240.6842095554358,177.70230700204706,137.51815429234085,0.5580290076887334
Prince Paris,1,317.8227,207.18323807083354,1.0,76.482,1.0,LU,1.0,896.6573214096,662.0213054237039,512.3171981274564,2.0829893693046593
Sip€lga 14,10,316.2880508666667,58.92498232869659,0.8908469492116421,222.1090809,0.616010772930086,EE,1.0,255.01829834753934,188.2854717714928,145.7081283575011,0.5952974551380247
Blaiz Fayah,1,316.2797733333334,309.4653237434681,1.0,72.98764000000001,1.0,CR,1.0,1339.3185222933148,988.8475511613364,765.2376179372933,3.1264963318383647
"Arturo ""Zambo"" Cavero",1,316.2062644,0.0,1.0,72.9706764,1.0,PE,1.0,0.0,0.0,0.0,0.0
Mag Lam,1,315.73971,308.93689641936027,1.0,72.86301,1.0,HK,1.0,1337.0315697704848,987.1590451307094,763.9309369112522,3.1264963318383656
Dessita,2,315.6879431333334,70.14822231061441,1.0,85.5899777,0.6937534393118553,BG,1.0,303.5907619957955,224.14756203080475,173.46065754368155,0.7100288969101812
BOYZ,2,314.02583333333337,307.259946319401,1.0,272.90549999999996,0.7344593641388687,HK,1.0,1329.7739865858211,981.8006160191522,759.784219326324,3.126496331838364
Sokrat St,3,313.60992,0.0,1.0,1130.0166,0.48173133031851045,TR,1.0,0.0,0.0,0.0,0.0
TonyJones,5,313.14504000000005,53.498436838741064,1.0,86.406,0.2803555308659121,NI,1.0,231.53304061704995,170.94580297080904,132.2895110658131,0.5458997625215747
Monday Kiz,1,313.0161684866667,141.32043665186876,1.0,79.9267705,1.0,TW,1.0,611.6132046617448,451.56712882019883,349.45341533315104,1.442631960525815
Lesha Svik,1,312.89129612,104.54471832261005,1.0,154.3894849,1.0,LV,1.0,452.45352843951486,334.05613090874346,258.51539761991836,1.0676427725897057
Luqman Podolski,1,312.6604,305.923932118756,1.0,72.1524,1.0,MY,1.0,1323.99192175437,977.5315937111158,756.4805589611987,3.1264963318383647
Ismail Izzani,1,310.9886,0.0,0.0,836.6238000000001,1.0,MY,1.0,0.0,0.0,0.0,0.0
Once Tiros,1,309.5718534133333,120.91791787703723,0.0,390.2280962,1.0,UY,1.0,523.3142283304887,386.37410336594974,299.0026098008477,1.248091837503301
Ece Seçkin,2,309.2690154666667,0.0,1.0,172.21055740000003,0.5855667975440859,TR,1.0,0.0,0.0,0.0,0.0
Smash Mouth,1,309.12936340000005,0.0,0.0,885.0528274000001,1.0,AU,0.8002737014927251,0.0,0.0,0.0,0.0
Sima,11,307.96272,0.0,1.0,890.3352,0.16050898582915737,SK,1.0,0.0,0.0,0.0,0.0
Nýdönsk,2,307.13288424000007,0.0,1.0,88.59602430000001,0.6754366459759978,IS,1.0,0.0,0.0,0.0,0.0
Ornatos Violeta,1,306.8038636,0.0,1.0,70.8008916,1.0,PT,1.0,0.0,0.0,0.0,0.0
100 Kila,1,306.124,81.3115134907391,1.0,90.6264,1.0,BG,1.0,351.90377641187405,259.81809536499463,201.06494692797583,0.848734811269272
António Variações,1,305.2868000000001,125.92029445975068,1.0,78.8268,1.0,PT,1.0,544.9637479977334,402.35840743584123,311.3723535054903,1.3179685706550075
Daddy Was a Milkman,1,304.95005198666667,105.64876984320985,1.0,134.2811319,1.0,LT,1.0,457.2316943200035,337.5839531193057,261.2454668421624,1.1070139221818067
Flash Voyage,1,303.1210076266667,92.95461588049386,0.0,194.390225,1.0,LT,1.0,402.29334025354905,297.0217896166117,229.8557007040651,0.9798786034072341
Pipa Para Tabaco,1,299.7861126,294.6098237487024,0.0,261.5546346,1.0,PY,1.0,1275.026193640005,941.379147873353,728.5033328427685,3.1401693017362033
Josh A,1,299.6774022666667,0.0,1.0,69.15632360000001,1.0,TR,1.0,0.0,0.0,0.0,0.0
Adonis 88,5,298.8120837,292.3739866324704,1.0,68.95663470000001,0.2884531138524369,NI,1.0,1265.3498330501423,934.2348835970286,722.974614315521,3.126496331838365
Sachin-Jigar,1,297.8794,291.46139819809537,1.0,68.7414,1.0,IN,1.0,1261.4002900816308,931.318851430213,720.7179899182196,3.126496331838365
Mario,1,297.40577186666667,103.65042079693704,0.0,192.0235265,1.0,ZA,1.0,448.5831457223616,331.19854445099713,256.30400249494943,1.1136251404007065
Sub Focus,1,296.8654963733333,94.46719653459955,0.0,16418.8037707,1.0,GB,0.9869547898134805,408.8395576519985,301.85500213184105,233.59596989702118,1.0168072942779212
Dub Sharma,1,295.2768,0.0,1.0,678.1398,1.0,IN,1.0,0.0,0.0,0.0,0.0
Chi Pu,1,291.40852,38.94493819625346,0.0,355.51800000000003,1.0,VN,1.0,168.54772756074127,124.4423972923644,96.30200687919607,0.4270376078652896
Christopher Scott,6,287.3208,281.13028997438334,1.0,66.3048,0.2220472725956492,NI,1.0,1216.688836040647,898.3074272608645,695.1715004048443,3.1264963318383647
DJ Pedro Fuentes,1,286.3641733333333,280.1942744398406,1.0,66.08404,1.0,EC,1.0,1212.6379041707921,895.3165374965923,692.856946097624,3.1264963318383647
Marpo,2,282.36,276.2763735767367,1.0,82.5516,0.7893244952248049,CZ,1.0,1195.6818293156532,882.7975042578805,683.1688650954327,3.126496331838364
GAYAZOV$ BROTHER$,1,281.62434334666665,82.45432669549527,1.0,95.294515,1.0,LV,1.0,356.8496969245067,263.46977441351623,203.8908650113855,0.9355362227660733
Atanas Kolev,2,281.0652,79.58524888245029,1.0,215.3748,0.8185135865477299,BG,1.0,344.43276758835503,254.30208953302002,196.7962857390685,0.9047797078151973
Tuan Alto Sax,1,280.35591999999997,93.03844810370157,1.0,74.0472,1.0,NI,1.0,402.6561532755346,297.28966224164316,230.0629987949072,1.0604008727250818
Jony,2,278.7340287333334,133.53251514890738,1.0,69.3202735,0.8307685557530294,BG,0.8307685557530294,577.9082732241632,426.68205603180496,330.195650270759,1.530785666790668
Maiyarap,3,278.49432,0.0,1.0,188.0232,0.609419475894464,TH,1.0,0.0,0.0,0.0,0.0
Lumevärv,1,276.5511240266667,62.99343327392858,1.0,284.0219601,1.0,EE,1.0,272.6259308993139,201.28556401299906,155.768485596766,0.727842147528534
Nora Fatehi,1,275.8548,269.91133226284177,1.0,63.6588,1.0,IN,1.0,1168.1349054026905,862.4590203200057,667.4295603029026,3.1264963318383647
Sanjith Hegde,1,275.3946,0.0,1.0,63.5526,1.0,IN,1.0,0.0,0.0,0.0,0.0
Abi,4,274.0242266666667,268.12019980038394,1.0,519.89623,0.583507898489666,RO,1.0,1160.3831584417317,856.7357395081781,663.000495610286,3.1264963318383647
Rupinn,1,273.182,267.29611944482264,1.0,63.042,1.0,IN,1.0,1156.816664882097,854.1025209242683,660.9627316351485,3.126496331838365
Jordan Chan,1,272.8336,0.0,0.0,319.7022,1.0,TW,1.0,0.0,0.0,0.0,0.0
Doc Ketamer,4,272.558,266.6855639231061,1.0,62.897999999999996,0.42153963560049607,EE,0.7821997519793953,1154.174274099079,852.1515872132012,659.4529661874238,3.1264963318383656
Jobe London,1,271.09992,138.1323831686017,1.0,68.0694,1.0,ZA,1.0,597.8157974803806,441.38020757886045,341.57008151118686,1.6281089554687453
F.I.R.飛兒樂團,3,270.5794,264.7495941229965,1.0,402.783,0.5964561562925943,TW,1.0,1145.7956933245923,845.9655015710256,654.6657515802633,3.1264963318383643
Feduk,1,269.86126232,87.26737394362024,0.0,166.4022418,1.0,LV,1.0,377.6798282300427,278.849106505914,215.79244017535422,1.0333054255681065
The Clash,1,269.81863999999996,0.0,0.0,999.4631999999999,1.0,PL,0.9281318211615995,0.0,0.0,0.0,0.0
ÁTOA,1,267.8052,263.18111298323697,1.0,124.1568,1.0,PT,1.0,1139.007547186161,840.9536678853244,650.787253153848,3.140169301736204
The FifthGuys,1,266.4792,167.96734202026565,1.0,64.548,1.0,LU,1.0,726.936929756306,536.7131051151384,415.34517387607536,2.0140900494865583
Pang Nakarin,1,262.912,95.59404106214483,1.0,130.5798,1.0,TH,1.0,413.71636817548483,305.4556557951458,236.382401060337,1.1618170939141075
Arun Dev Yadav,1,260.6578,0.0,1.0,60.1518,1.0,IN,1.0,0.0,0.0,0.0,0.0
Summer Walker,2,259.72528105333333,140.2552251205537,1.0,70824.6856418,0.999848577513577,US,0.7625173120984073,607.0031323060022,448.16341365926246,346.81938860291035,1.7255286502788856
Singto Numchok,1,259.6565686,0.0,1.0,132.0064934,1.0,TH,1.0,0.0,0.0,0.0,0.0
Maxtract,2,259.59024,61.775259898560016,1.0,91.83840000000001,0.8485078137249777,EE,1.0,267.35386311071693,197.39308344505764,152.7562188887376,0.7604025615333522
Stefan Valdobrev,1,259.43191057333337,80.76684150498392,0.0,82.142278,1.0,BG,1.0,349.5465194815276,258.07768208448545,199.71809653487014,0.9947800234525693
GLDN,1,259.116,253.53318039279543,1.0,59.796,1.0,LU,1.0,1097.2527726482322,810.1252235206297,626.9301021676871,3.1264963318383647
Montano,1,258.0032,252.4443563790677,1.0,59.5392,1.0,CO,1.0,1092.5405090851839,806.6460584025602,624.237687119245,3.1264963318383656
Kabliz,1,257.9668,252.40874064030083,1.0,59.5308,1.0,PA,1.0,1092.386369622841,806.5322539360811,624.1496174681275,3.126496331838365
Oat Pramote,3,257.44678960000005,0.0,0.0,941.5531839,0.6080281384941955,TH,1.0,0.0,0.0,0.0,0.0
Arena Hash,1,256.46816,0.0,1.0,73.9812,1.0,PE,1.0,0.0,0.0,0.0,0.0
Bareto,1,256.13536,0.0,1.0,73.8852,1.0,PE,1.0,0.0,0.0,0.0,0.0
Tanya Chua,6,254.99841510000002,250.22267418695793,0.34164401988865534,457.8451197,0.5602914784110562,TW,1.0,1082.925408838901,799.5470239500036,618.7439705117162,3.13549801333649
Sophia Treadway,1,254.26049999999998,248.78229523943858,1.0,58.6755,1.0,LU,1.0,1076.6916693678734,794.9445205813885,615.1822397775793,3.1264963318383647
Benny Dayal,1,252.75761055999996,0.0,1.0,72.91084919999999,1.0,IN,1.0,0.0,0.0,0.0,0.0
Rochy RD,1,250.5622166666667,245.16369378104292,1.0,57.822050000000004,1.0,DO,1.0,1061.0309164944936,783.3818513056232,606.2342583792415,3.126496331838365
Jay Sean,1,250.48079853333337,132.96272845828116,1.0,62.50078900000001,1.0,RO,1.0,575.4423236977972,424.86139267962557,328.7866969037297,1.696183480599556
Kreisais Krasts,3,250.14207547333336,155.7492852971988,1.0,66.4875753,0.6572593706842547,LV,1.0,674.0590516222161,497.6722351255489,385.13268832362985,1.98955827077002
Grebz,1,249.43464,72.28397202283232,0.0,210.0324,1.0,LV,1.0,312.83395963084695,230.97201281990473,178.7418826015258,0.9259821042494528
Lucy Beahan,6,248.898,243.53533372468706,1.0,57.438,0.2146244646401337,NI,1.0,1053.9836235763123,778.1786840019055,602.2076929611951,3.1264963318383656
Kchiporros,2,248.77319999999997,243.4132226203437,1.0,164.55,0.6511139471285323,PY,1.0,1053.4551454197085,777.7884972596918,601.9057398716501,3.1264963318383647
Paola Jara,1,247.73407230000004,243.45654554797184,1.0,309.0008978,1.0,CO,1.0,1053.6426404149813,777.9269288305574,602.0128676543018,3.140169301736204
Pets Tseng,3,247.564187,0.0,1.0,66.7986054,0.41806852302937453,TW,1.0,0.0,0.0,0.0,0.0
Netta,3,247.18633333333332,0.0,1.0,2977.0125,0.6464779707844693,IL,1.0,0.0,0.0,0.0,0.0
Radikal Chef,15,246.35519999999997,241.0473199736921,1.0,777.492,0.16972727693661158,SK,1.0,1043.2158811355139,770.2286291293067,596.0553987617169,3.126496331838365
Kuizz,1,245.3856166666667,240.09862693213603,1.0,56.62745,1.0,MY,1.0,1039.1100829570396,767.1972303942284,593.7094958524918,3.1264963318383643
Jóhanna Guðrún,1,245.33552298666663,0.0,1.0,70.7698624,1.0,IS,1.0,0.0,0.0,0.0,0.0
Carakukly,1,243.60710660000007,0.0,1.0,392.5565066,1.0,IL,1.0,0.0,0.0,0.0,0.0
Menor Menor,6,241.88944,149.9559425983701,1.0,254.03640000000001,0.623381531150654,HN,1.0,648.9863517517583,479.1605237923463,370.80706465400965,1.9809071606943498
Anelia,1,241.8500495666666,74.370092076693,1.0,77.1870105,1.0,BG,1.0,321.86236770599277,237.6378798764629,183.90038476078837,0.9825835483691203
Oliver Tree,1,241.37959144,0.0,1.0,62.790811500000004,1.0,LT,0.347382705827906,0.0,0.0,0.0,0.0
Sarath Santosh,1,241.1786,0.0,1.0,55.6566,1.0,IN,1.0,0.0,0.0,0.0,0.0
Elder Dayán Díaz,1,237.2056908,232.09494278930703,1.0,54.739774800000006,1.0,CO,1.0,1004.4713638611254,741.6227221773855,573.9181986755,3.126496331838365
Ramz,1,234.83460000000005,62.808784220852715,0.0,32786.042,1.0,IT,0.6566822552109217,271.82679807914235,200.69554713566487,155.31189033167811,0.8546251154457853
Agustín Casanova,2,233.8388,228.80059380059438,1.0,127.4952,0.5767464186887036,UY,1.0,990.2139260128106,731.096150441485,565.7720201561052,3.1264963318383647
Oli Geir,1,231.17237000000003,226.1916137368594,1.0,53.34747000000001,1.0,IS,1.0,978.9226598981269,722.7595668273813,559.3206036772967,3.1264963318383643
Wany Hasrita,1,229.84780000000003,0.0,1.0,53.0418,1.0,MY,1.0,0.0,0.0,0.0,0.0
AG,1,229.65780543333332,68.61010388333581,1.0,58.4743327,1.0,EE,1.0,296.9340210265147,219.23274759598496,169.65723922476246,0.9546061244568732
Lyanno,3,229.5228,0.0,1.0,2237.0843999999997,0.6332993069014294,CL,0.7677789894739778,0.0,0.0,0.0,0.0
Sel,1,228.78128000000004,82.34627696779462,1.0,71.49000000000001,1.0,LT,1.0,356.3820742523194,263.1245185788787,203.62368251984097,1.1501138492575906
Šorty,1,228.34248996,129.45201947193934,1.0,56.3722614,1.0,SK,1.0,560.2485129182512,413.64347675292237,320.10550913935754,1.8115046254658191
SAINt JHN,4,227.9212,223.01049226964915,1.0,52.5972,0.4586936186717164,EE,0.6774885355113961,965.1552534205231,712.5947957481983,551.4544111601825,3.1264963318383647
Emanuela,7,226.4288,0.0,1.0,255.9588,0.2314825667255824,BG,1.0,0.0,0.0,0.0,0.0
Jay Trak,1,226.14583992,0.0,1.0,65.2343769,1.0,IN,1.0,0.0,0.0,0.0,0.0
Malkata,1,225.93191503999998,19.085318719009763,1.0,90.3167889,1.0,BG,1.0,82.59833623695494,60.98412077364374,47.193668283868035,0.26992255947039107
Páll Óskar,1,221.5666908,0.0,1.0,63.9134685,1.0,IS,1.0,0.0,0.0,0.0,0.0
Rooftop,1,221.10544213333336,0.0,1.0,166.5374959,1.0,TH,1.0,0.0,0.0,0.0,0.0
Maejor,1,220.38848000000002,0.0,1.0,63.5736,1.0,CO,1.0,0.0,0.0,0.0,0.0
DJ Project,1,219.78653735999995,44.010245109900886,1.0,60.1716552,1.0,RO,1.0,190.46960006162294,140.6277852927108,108.82736303164826,0.6398380309453128
Adonis 66,4,219.0292866666667,214.31016088456641,1.0,50.54522000000001,0.29130449921871937,NI,1.0,927.5015517612363,684.794261328507,529.940463219751,3.1264963318383643
Björgvin Halldórsson,1,217.97880000000004,0.0,1.0,62.8785,1.0,IS,1.0,0.0,0.0,0.0,0.0
Konyha,1,216.72039999999998,212.97837412482028,1.0,71.6088,1.0,HU,1.0,921.7377826465047,680.538747139991,526.6472563579916,3.1401693017362047
SummerFoster,5,215.99123797333334,0.0,1.0,62.3051648,0.23010550804289023,BO,1.0,0.0,0.0,0.0,0.0
EGO,1,214.53128424000002,0.0,1.0,61.8840243,1.0,IS,1.0,0.0,0.0,0.0,0.0
Mugison,1,213.57959999999997,93.67645407777418,1.0,54.738,1.0,IS,1.0,405.41734541193557,299.328309536456,231.64064299078422,1.4014836133060276
Diogo Piçarra,2,212.43039999999996,207.85345144303588,1.0,306.3636,0.8399862124612715,PT,1.0,899.5579022321007,664.1628663709564,513.9744839204164,3.1264963318383647
James Blunt,2,208.47827,203.98647260643077,1.0,443.6339561,0.8915539053346146,PH,0.8915539053346146,882.8222101082401,651.8065464230082,504.4123215503584,3.1264963318383643
EdithFernandez,4,208.28326341333332,25.242167876233992,1.0,58.230108099999995,0.3852038718780947,NI,1.0,109.24423638333748,80.65735956610285,62.41816105120331,0.387248395498971
Sverrir Bergmann,2,205.49876984000002,0.0,1.0,114.0209465,0.5198912403345117,IS,1.0,0.0,0.0,0.0,0.0
Early B,1,204.75364,106.26289635365922,1.0,56.8482,1.0,ZA,1.0,459.8895397953111,339.54629736070615,262.76406253580456,1.658316293476913
Happy Raikoti,1,204.36416000000003,0.0,1.0,58.9512,1.0,IN,1.0,0.0,0.0,0.0,0.0
CA$HANOVA BULHAR,1,203.9648,199.5702481984148,1.0,47.0688,1.0,CZ,0.7991535794411585,863.709467275823,637.6951990241457,493.4919993462846,3.1264963318383647
Himesh Reshammiya,1,203.1431116,0.0,1.0,46.8791796,1.0,IN,1.0,0.0,0.0,0.0,0.0
AJ Mitchell,1,201.78704000000002,0.0,1.0,58.2078,1.0,TW,1.0,0.0,0.0,0.0,0.0
Kush Kush,1,200.889,196.5607182726203,1.0,46.359,1.0,LU,1.0,850.6846827078633,628.0787216066772,486.05011382687485,3.1264963318383643
Musketeers,1,200.61522390000002,196.29284085343923,1.0,46.2958209,1.0,TH,1.0,849.5253502667567,627.2227616342824,485.3877136727198,3.126496331838365
Viento En Contra,1,199.01453,194.72663492519732,1.0,45.92643,1.0,GT,1.0,842.7470508952937,622.2181980275365,481.51484132880375,3.126496331838366
Mesa,4,198.39278420000002,22.653577092768877,0.0,254.3484536,0.7416788375551578,LV,1.0,98.04121195076317,72.38592667590231,56.01716264210422,0.36486169075045577
Vilhjálmur Vilhjálmsson,2,198.3072,0.0,1.0,57.204,0.5047986154814349,IS,1.0,0.0,0.0,0.0,0.0
Fly Project,1,198.04512,0.0,1.0,57.1284,1.0,RO,1.0,0.0,0.0,0.0,0.0
Sadam,1,197.548,193.29170225009636,1.0,45.588,1.0,GR,1.0,836.5368820571213,617.6330973620054,477.9665779921823,3.126496331838365
Abin Fang,2,197.51684333333333,193.26121687369954,1.0,45.58081,0.5524686814473021,TW,1.0,836.4049460173303,617.5356861579597,477.8911945646188,3.126496331838365
Danny Wolf,1,196.77852826666668,96.31432931213554,1.0,49.69803950000001,1.0,LU,1.0,416.83366539939766,307.75722310329445,238.1635106786412,1.563977664708589
Riot Ten,2,196.69650000000001,192.4585483610873,1.0,45.39150000000001,0.6462765055131467,LU,1.0,832.9311196344612,614.970885735445,475.90637722497456,3.1264963318383647
Gabrielle Aplin,1,195.26673920000002,0.0,1.0,56.326944,1.0,TW,1.0,0.0,0.0,0.0,0.0
Daily Vitamin,1,194.83346740000002,0.0,1.0,44.9615694,1.0,TH,1.0,0.0,0.0,0.0,0.0
Dudi Buzaglo,1,194.5945456,0.0,1.0,56.133041999999996,1.0,IL,1.0,0.0,0.0,0.0,0.0
Alkilados,1,194.2096,0.0,0.0,2437.8756,1.0,PE,0.47313373988402035,0.0,0.0,0.0,0.0
Mihaela Fileva,1,194.10767999999996,0.0,1.0,79.518,1.0,BG,1.0,0.0,0.0,0.0,0.0
AXEC,1,191.139,187.02078824579928,1.0,44.109,1.0,LU,1.0,809.3973267232068,597.5953823712531,462.4600287061762,3.126496331838364
S.H.E,1,191.001239,0.0,1.0,44.077209,1.0,TW,1.0,0.0,0.0,0.0,0.0
Miri Mesika,1,187.3872,0.0,1.0,54.054,1.0,IL,1.0,0.0,0.0,0.0,0.0
Aria Ohlsson,1,187.06272,0.0,1.0,53.9604,1.0,NI,1.0,0.0,0.0,0.0,0.0
Khea,5,186.7008,0.0,0.7378008021390374,7913.410800000001,0.8145250844300918,AR,0.3939107521120981,0.0,0.0,0.0,0.0
Gajendra Verma,1,185.84384,0.0,1.0,53.6088,1.0,IN,1.0,0.0,0.0,0.0,0.0
Santiago Cruz,2,185.68368000000004,98.39205354030494,0.0,372.252,0.7552528932013798,DO,0.7552528932013798,425.82573762688776,314.39626262527014,243.3012518635403,1.6931819889893935
Logi Pedro,2,185.5426716,0.0,1.0,259.0289892,0.8346998159077091,IS,1.0,0.0,0.0,0.0,0.0
J Alvarez,1,185.3332762666667,0.0,1.0,42.769217600000005,1.0,DO,1.0,0.0,0.0,0.0,0.0
Tia Ray,2,184.6988,180.7193464654165,1.0,165.83757509999998,0.7429846645170827,TW,1.0,782.1256518501419,577.4601206949479,446.8779911477842,3.1264963318383656
Á Móti Sól,1,183.9376725333333,0.0,1.0,53.058944,1.0,IS,1.0,0.0,0.0,0.0,0.0
Smilers,1,183.36864,0.0,1.0,60.696,1.0,EE,1.0,0.0,0.0,0.0,0.0
DJ Zinhle,1,183.29999999999998,119.33983540665577,1.0,44.120999999999995,1.0,ZA,1.0,516.4845291037013,381.33159014511176,295.1003694595539,2.0803687405625304
Amylea X Megat,1,179.09216,0.0,1.0,51.6612,1.0,MY,1.0,0.0,0.0,0.0,0.0
Somkiat,1,178.52514749333338,0.0,1.0,45.6931036,1.0,TH,1.0,0.0,0.0,0.0,0.0
Dara Ekimova,1,178.12288,75.38285970580807,1.0,45.852000000000004,1.0,BG,1.0,326.24547088551833,240.87401883326598,186.40472960515763,1.3522912880886833
Punch,1,176.29768,72.5977182420681,1.0,45.5298,1.0,TW,1.0,314.191805213153,231.97453929629475,179.51770590392542,1.3158116391338486
senjasa,1,175.2439814666667,87.76668517231683,1.0,44.113151,1.0,LT,1.0,379.84077075146297,280.4445766535589,217.02712369541754,1.600309319078684
Wikw,1,172.96517333333335,169.23852827456102,1.0,39.915040000000005,1.0,LU,1.0,732.438429165247,540.7749799624538,418.4885294204852,3.1264963318383656
Sandy Lam,2,171.38420000000002,0.0,1.0,39.550200000000004,0.5330643081450914,TW,1.0,0.0,0.0,0.0,0.0
Nacho Fano,1,169.94262999999998,166.28110756655744,1.0,39.21753,1.0,LU,1.0,719.6391653106434,531.3250093179645,411.17549818824574,3.126496331838365
TINA LTT,1,169.51177611333335,56.18283368286038,1.0,44.776417699999996,1.0,NI,1.0,243.15069900612042,179.52336899191522,138.92741615237807,1.0590613413895695
CaryLamb,3,167.37047288,26.735006427319878,1.0,46.3188366,0.5071367077471026,NI,1.0,115.70501298369169,85.42748931008738,66.109612497133,0.5104095593452528
Kimmese,1,167.12488,0.0,0.0,78.3834,1.0,VN,1.0,0.0,0.0,0.0,0.0
RonTurner,3,164.00983941333334,25.577325501716356,1.0,45.4343431,0.494506722602973,NI,1.0,110.69474725242753,81.72830280847406,63.24692990922971,0.49831341278558605
Veronica Effertz,4,163.1191466666667,159.60464053689805,1.0,37.642880000000005,0.31279221993641293,NI,1.0,690.7444385989816,509.99141370593776,394.6661081725533,3.1264963318383656
JeffreyLewis,3,161.34560000000002,25.438443325202158,1.0,44.676,0.47998925597636316,NI,1.0,110.09368646418858,81.2845267547154,62.903505758684915,0.5037914064884037
Madison Mars,1,159.7284,156.28694967139268,1.0,36.8604,1.0,EE,1.0,676.3859806830372,499.390256690411,386.46221048133344,3.1264963318383643
Soraia Ramos,1,159.3176,155.885000619596,1.0,36.7656,1.0,PT,1.0,674.646406750884,498.105891997292,385.4682815615815,3.1264963318383656
Sartiboy,3,156.60735999999997,0.0,1.0,79.9284,0.5651958502860059,GT,1.0,0.0,0.0,0.0,0.0
Fiki,1,156.58861226666664,65.39547601637808,1.0,40.372802,1.0,BG,1.0,283.02160398276953,208.96091210991545,161.7081929739303,1.3344579090723407
Afro Music,1,154.50084,29.084483875751626,1.0,42.4341,1.0,IS,0.5755159176228553,125.87319152573583,92.93487331449494,71.91933781396908,0.6015169452444072
Ella Mai,3,154.44182762666665,0.0,0.0,107364.0189092,0.9841989352947497,US,0.8651415234060384,0.0,0.0,0.0,0.0
kaw,1,152.07478866666668,18.23506935760856,1.0,39.5123468,1.0,EE,1.0,78.91858722818823,58.267283265881396,45.09119428742534,0.383148868900273
Sidhu Moose Wala,1,149.82253000000003,0.0,1.0,34.57443000000001,1.0,IN,1.0,0.0,0.0,0.0,0.0
SKiNNY BARBER,1,149.38559999999998,0.0,1.0,34.4736,1.0,CZ,1.0,0.0,0.0,0.0,0.0
Wean,1,148.77958333333333,145.57403224816278,1.0,34.33375,1.0,VN,1.0,630.0221149058674,465.158821544107,359.9715933390165,3.126496331838365
Mig 21,1,147.14634410666665,0.0,1.0,42.4460608,1.0,CZ,1.0,0.0,0.0,0.0,0.0
理想混蛋,1,146.90626495999996,0.0,1.0,42.376807199999995,1.0,TW,1.0,0.0,0.0,0.0,0.0
Loote,1,146.31216600000002,0.0,1.0,33.764346,1.0,MY,0.7620576213737414,0.0,0.0,0.0,0.0
Lenna,2,145.28609368,0.0,0.0,227.1840355,0.6774355115282739,EE,1.0,0.0,0.0,0.0,0.0
LUISA,3,144.2064433333333,141.0994234683826,1.0,33.27841,0.42341115455936745,SK,1.0,610.6566934548239,450.8609161091236,348.90689981400396,3.1264963318383647
kizaru,3,143.61331235333336,36.3498903969506,1.0,48.7577591,0.6716022947822473,LV,0.8614554211536765,157.31675815260192,116.1503320281656,89.88504173314922,0.8087713466450777
Edo Ferragamo,1,142.60341333333335,139.5309317729063,1.0,32.908480000000004,1.0,LU,1.0,603.868501632867,445.84904869429704,345.0283752856931,3.126496331838366
Aysha Monet,1,141.94037,138.8821741313934,1.0,32.75547,1.0,LU,1.0,601.0607779265501,443.7760461447803,343.4241446526626,3.126496331838365
Keanu Silva,1,141.91320000000002,0.0,1.0,362.46000000000004,1.0,PL,0.9096474093693097,0.0,0.0,0.0,0.0
Junior A,1,141.70166867999998,39.48458395344111,1.0,41.6925702,1.0,LT,1.0,170.8832317436834,126.16675005355442,97.63642854804374,0.8903688377761625
陳雪燃,1,140.49167496,0.0,1.0,40.526444700000006,1.0,TW,1.0,0.0,0.0,0.0,0.0
The Travellers,3,139.84879999999998,0.0,1.0,70.042,0.7772836298221066,MT,1.0,0.0,0.0,0.0,0.0
System Of A Down,1,137.6014848,134.63677298242837,1.0,31.7541888,1.0,PT,1.0,582.6873319953751,430.2105374827126,332.9262296581048,3.126496331838365
GAZIROVKA,1,136.91392000000002,76.74066729165486,1.0,33.8652,1.0,LV,1.0,332.12185415016626,245.21267846068804,189.76228007330604,1.7909988879194167
Tisoki,1,131.7225,128.884454662352,1.0,30.3975,1.0,LU,1.0,557.7921793527099,411.82991307057904,318.7020499806387,3.126496331838365
Joseph Murray,3,131.38887666666668,128.55801945667872,1.0,30.320510000000006,0.34839882310686726,NI,1.0,556.3794177805951,410.78684094269676,317.89484969021987,3.126496331838365
บิวกิ้น,1,130.67340000000002,127.85795819146608,1.0,30.155400000000004,1.0,TH,1.0,553.349659848761,408.54990576884745,316.1637568216516,3.126496331838365
ByeAlex és a Slepp,3,129.48650866666665,0.0,0.0,632.426035,0.7602364156308018,HU,1.0,0.0,0.0,0.0,0.0
Eula Glover,3,129.246,126.46131243553947,1.0,29.826,0.34572520619593644,NI,1.0,547.3051909326072,404.0871449047813,312.7101683599813,3.1264963318383647
Gery-Nikol,1,128.86559868,0.0,1.0,68.9519623,1.0,BG,1.0,0.0,0.0,0.0,0.0
Solo Ansamblis,3,128.855025,0.0,1.0,43.9931782,0.7068286419006663,LT,1.0,0.0,0.0,0.0,0.0
Suzanitta,1,128.42128,70.28699147699746,1.0,31.8888,1.0,BG,1.0,304.1913336934959,224.59097697854318,173.80380224578113,1.7488610686526656
Matroda,1,127.74450000000002,124.99216321140904,1.0,29.4795,1.0,LU,1.0,540.9469381109701,399.39271066252604,309.0772952513937,3.1264963318383647
Yuvan Shankar Raja,1,127.1166,0.0,1.0,612.597,1.0,IN,1.0,0.0,0.0,0.0,0.0
DorisAlvarez,3,126.73030552,0.0,1.0,36.5568189,0.3470329088180044,NI,1.0,0.0,0.0,0.0,0.0
Dept,1,126.6434,123.91478711371336,1.0,29.2254,1.0,TH,1.0,536.2842193751028,395.95012555153875,306.41318830509607,3.1264963318383647
Mihaela Marinova,1,125.78591999999999,65.56738318161429,1.0,31.4748,1.0,BG,1.0,283.76559186396634,209.5102142976844,162.13328043781934,1.6656094282864442
Mystic Natives,1,124.74149999999999,122.05386476314814,1.0,28.7865,1.0,LU,1.0,528.2304324676958,390.00384217801536,301.81154903421844,3.1264963318383647
Nap A Lean,1,124.50619999999999,121.82363445183421,1.0,28.7322,1.0,TH,1.0,527.2340309432661,389.26817759113385,301.242241646639,3.126496331838365
Foo Fighters,2,124.47429973333331,0.0,1.0,35.906048,0.5794229206177188,HU,1.0,0.0,0.0,0.0,0.0
Tamta,1,123.903,0.0,1.0,5829.294,1.0,SE,0.34197734751412434,0.0,0.0,0.0,0.0
Aerozen,2,123.69239999999999,121.02736829226221,1.0,103.0272,0.7229430674617965,RO,1.0,523.7879129637467,386.7238348762838,299.2732558752313,3.126496331838365
Ronald El Killa,1,123.67590906666666,0.0,0.0,1582.2282778,1.0,CL,0.7309380487170054,0.0,0.0,0.0,0.0
Tep No,1,122.16749999999999,119.53532323606738,1.0,28.1925,1.0,LU,1.0,517.3305704877464,381.95624061986337,295.583766562354,3.1264963318383647
Good Band,1,121.80928170666667,0.0,0.0,49.918597299999995,1.0,TW,1.0,0.0,0.0,0.0,0.0
Natasha Kay,1,121.05067260000001,0.0,1.0,27.934770600000004,1.0,GR,1.0,0.0,0.0,0.0,0.0
Hoang Dung,1,120.63927095999999,0.0,0.0,124.85805489999998,1.0,VN,1.0,0.0,0.0,0.0,0.0
KAZKA,2,119.96061220000003,0.0,1.0,358.4093711,0.7348118900789533,GR,0.41068804715748125,0.0,0.0,0.0,0.0
Francois van Coke,1,119.61039999999998,117.0333175876998,1.0,27.6024,1.0,ZA,1.0,506.50227325817053,373.96147684971953,289.39687357136546,3.126496331838365
Rytmus,1,119.14825727999998,0.0,1.0,31.6527936,1.0,SK,1.0,0.0,0.0,0.0,0.0
Lennard Ellis,1,118.87208666666668,116.31091168637994,1.0,27.43202,1.0,LU,1.0,503.37581116365254,371.65314292130563,287.6105274812035,3.1264963318383656
Thùy Trang,1,118.6926078,116.13529980645241,1.0,27.390601800000002,1.0,VN,1.0,502.6157898446997,371.0920029030297,287.17627909740514,3.1264963318383647
Jaden,5,118.1128,0.0,1.0,27.2568,0.2133045698688034,ZA,1.0,0.0,0.0,0.0,0.0
The Neighbourhood,3,118.00884333333335,115.97123106769811,0.0,225.4884327,0.8658487016926256,LV,0.6197431279586876,501.90572547275383,370.56774716873036,286.77057428594657,3.1401693017362033
Pøla,1,115.14047999999998,0.0,1.0,33.2136,1.0,HU,1.0,0.0,0.0,0.0,0.0
JINU,1,115.00501376,0.0,1.0,33.1745232,1.0,TH,0.7017788126040045,0.0,0.0,0.0,0.0
Madison Beer,2,114.55795780000001,0.0,1.0,31190.308351199998,0.9402046438880992,US,0.42124618830498045,0.0,0.0,0.0,0.0
Passenger,2,113.5004,0.0,0.0,4895.6593,0.9976108631578999,AU,0.43476799948068284,0.0,0.0,0.0,0.0
Jay 305,1,113.23645666666668,110.79670493181037,1.0,26.131490000000003,1.0,LU,1.0,479.5111689064413,354.0333663987074,273.9751437469714,3.1264963318383656
Secondhand Serenade,1,112.13522320000001,0.0,0.0,352.3169706,1.0,MY,1.0,0.0,0.0,0.0,0.0
GIMARIO,1,111.1239272,0.0,1.0,25.6439832,1.0,CR,1.0,0.0,0.0,0.0,0.0
G5SH,1,110.60400000000001,108.2209662242577,1.0,25.524,1.0,TW,1.0,468.36376628994395,345.8030002866506,267.60592560920554,3.1264963318383656
Ae Jirakorn,1,110.46607000000002,108.08600801414492,1.0,25.492170000000005,1.0,TH,1.0,467.77968782728095,345.3717626476001,267.2722045383647,3.126496331838365
Egor Kreed,1,109.77512000000002,0.0,1.0,28.7604,1.0,LV,0.8354403972128343,0.0,0.0,0.0,0.0
Novi,1,109.23913,106.88550321956974,1.0,25.209030000000002,1.0,LU,1.0,462.5840869501717,341.53573923821426,264.3036282267759,3.1264963318383647
Don Criminals,1,108.82996410000001,106.48515306004552,1.0,25.114607100000004,1.0,LU,1.0,460.8514327788812,340.2564835527509,263.31365300529006,3.1264963318383643
Sergei Barracuda,6,108.81010140000002,0.0,1.0,456.8975694,0.3264652000575952,CZ,0.9387023127814432,0.0,0.0,0.0,0.0
AOA,1,108.5266,106.18832513320964,1.0,25.0446,1.0,TH,1.0,459.5668069748129,339.30801680688944,262.5796648061552,3.1264963318383643
Azteca,2,108.21719999999999,105.88559135369186,1.0,43.3476,0.5761149406195498,RO,1.0,458.2566215448998,338.34067884181866,261.8310727716584,3.1264963318383647
EVR3stNess,1,108.10281213333334,0.0,1.0,24.9468028,1.0,IS,1.0,0.0,0.0,0.0,0.0
Paulie Garand,2,106.7716,0.0,1.0,427.9656,0.9424262136956802,CZ,1.0,0.0,0.0,0.0,0.0
CRZY,1,106.35291333333336,104.0614719331857,1.0,24.542980000000004,1.0,LU,1.0,450.3621120819138,332.51199341699026,257.3204388069354,3.1264963318383647
Gruppa Skryptonite,1,106.10079999999999,0.0,1.0,30.606,1.0,LV,1.0,0.0,0.0,0.0,0.0
Trinh Thang Binh,1,105.94532,60.399943769814804,1.0,26.1306,1.0,VN,1.0,261.4017055540786,192.99847803488979,149.35537376159778,1.8216800707656533
Rag'n'Bone Man,1,105.2376,0.0,0.0,280.5408,1.0,CZ,1.0,0.0,0.0,0.0,0.0
Schuz,1,104.57105880000002,102.31800859308582,1.0,24.131782800000003,1.0,LU,1.0,442.81666978133865,326.94103175465403,253.00924905164962,3.126496331838365
Surf,1,103.8765,101.63841450575117,1.0,23.9715,1.0,LU,1.0,439.87549066053083,324.76949621420795,251.3287668759234,3.1264963318383656
Mesto,1,103.4722,101.24282540730566,1.0,23.8782,1.0,VN,1.0,438.1634416323671,323.50545374724567,250.3505646795851,3.1264963318383647
KK,1,102.14880000000001,0.0,1.0,29.466,1.0,IS,1.0,0.0,0.0,0.0,0.0
Felipe Peláez,2,102.09888000000001,0.0,0.0,2797.3788,0.9453355405424536,PE,0.39020071218098884,0.0,0.0,0.0,0.0
D Gerrard,5,101.86384,0.0,1.0,425.322,0.42255561668571107,TH,1.0,0.0,0.0,0.0,0.0
Sabrina Carpenter,3,101.45460000000001,0.0,1.0,215.11200000000002,0.6987532076313734,SG,0.6514420394957046,0.0,0.0,0.0,0.0
OG Version,9,101.23568,28.7011974833586,1.0,103.9176,0.19374581399108526,LT,1.0,124.2143867250387,91.71014220108111,70.97155742179257,0.9059073066045599
Skylar Grey,2,101.1114,0.0,1.0,17626.4509,0.7846133335894635,SG,0.4511334156327523,0.0,0.0,0.0,0.0
G&G Sindikatas,1,101.00111181333335,0.0,1.0,41.9918495,1.0,LT,1.0,0.0,0.0,0.0,0.0
Goonew,1,100.932,98.75735563765122,1.0,23.292,1.0,LU,1.0,427.40670915316457,315.5635277651098,244.20456116947238,3.1264963318383647
Gigolo Y La Exce,2,99.8088,0.0,1.0,73.0824,0.6848379363567698,DO,1.0,0.0,0.0,0.0,0.0
Grandha,1,99.66319999999999,0.0,1.0,22.9992,1.0,BO,1.0,0.0,0.0,0.0,0.0
Guo Ding,1,99.4407102,97.29819662824488,1.0,22.9478562,1.0,TW,1.0,421.0916924507146,310.90101567570196,240.59639159802325,3.1264963318383656
Max B,1,99.30125790000001,97.16174891705727,1.0,22.915674900000003,1.0,LU,1.0,420.5011676555373,310.4650185712855,240.2589873285589,3.126496331838365
Badoxa,1,98.97471999999999,0.0,1.0,28.5504,1.0,PT,1.0,0.0,0.0,0.0,0.0
Simock,1,98.10450000000002,95.99077592987314,1.0,22.6395,1.0,LU,1.0,415.4333759176142,306.72335938683693,237.36343648446984,3.126496331838365
Franco De Vita,1,98.03860542666666,18.76977213668643,0.0,44.210378199999994,1.0,NI,1.0,81.23269895895632,59.97584152143772,46.4133930915317,0.6117573914930883
PH e Michel,1,97.7964,95.68931414102556,1.0,22.5684,1.0,EE,0.6954325517094699,414.12869546849896,305.76008586699743,236.61798979465567,3.1264963318383643
Ruben Pol,1,97.55841333333333,95.45645504899312,1.0,22.51348,1.0,LU,1.0,413.1209169837535,305.0160214266377,236.04218202806513,3.1264963318383647
Bjartmar Guðlaugsson,1,97.46897160000002,0.0,1.0,28.116049500000003,1.0,IS,1.0,0.0,0.0,0.0,0.0
Dj Coss,1,97.46359999999999,0.0,0.0,768.18,1.0,CR,1.0,0.0,0.0,0.0,0.0
Bohemia Suburbana,1,96.98021666666668,94.89071599855814,1.0,22.380050000000004,1.0,GT,1.0,410.6724850241834,303.2082916692232,234.64323755799634,3.1264963318383643
teamwork.,1,96.9696,0.0,1.0,27.972,1.0,LU,1.0,0.0,0.0,0.0,0.0
Kalipzo,1,96.798,94.7124253062791,1.0,22.338,1.0,LU,1.0,409.9008702156702,302.63859192929004,234.20236507829617,3.1264963318383647
5HOW,1,96.51541770000001,94.43593142229777,1.0,22.272788700000003,1.0,LU,1.0,408.7042470346381,301.75509940489763,233.51865835926003,3.1264963318383647
Bon Jovi,3,96.38719999999999,0.0,1.0,210.9847,0.9376352882460197,IE,0.7096889016122969,0.0,0.0,0.0,0.0
Confetti,1,96.018,93.94923090413342,1.0,22.158,1.0,LU,1.0,406.59788173689765,300.1999247904561,232.31515826864026,3.1264963318383647
U2,1,95.53786666666666,22.043924360585148,1.0,25.942,1.0,MT,1.0,95.40272830256855,70.43787768616014,54.50962958831377,0.7372770624229988
Shadow Blow,2,95.3888,0.0,1.0,27.516,0.5409507195813346,DO,1.0,0.0,0.0,0.0,0.0
Cá Hồi Hoang,2,95.12256000000001,0.0,1.0,49.7916,0.8252355819053815,VN,1.0,0.0,0.0,0.0,0.0
"Secreto ""El Famoso Biberon""",3,95.09687303999999,0.0,1.0,2114.5047778,0.9885867940080472,ES,0.9885867940080472,0.0,0.0,0.0,0.0
Those 2 Guys,1,94.51632666666669,92.47991208124698,1.0,21.811460000000004,1.0,LU,1.0,400.2388949178209,295.50494862217005,228.6818657807617,3.126496331838365
Aof Pongsak,1,93.97959999999999,0.0,1.0,21.6876,1.0,TH,1.0,0.0,0.0,0.0,0.0
Sophie Francis,1,93.7716,91.75123102595387,1.0,21.6396,1.0,EE,1.0,397.08527491803284,293.17656343061446,226.88000265683135,3.126496331838365
Gian Varela,2,93.626,0.0,0.5031380172174394,695.7888,0.970040908965479,PA,1.0,0.0,0.0,0.0,0.0
Boro Purvi,5,93.40223359999999,0.0,0.8072796180611539,186.4525613,0.5668198005065431,BG,1.0,0.0,0.0,0.0,0.0
Nicky Lee,1,92.68211333333333,90.68521804491239,1.0,21.388180000000002,1.0,TW,1.0,392.47173401062736,289.7702873636943,224.2439941230331,3.126496331838365
Destripando la Historia,1,91.4316,89.46164781951683,1.0,21.099600000000002,1.0,BO,0.7826309503497696,387.1763094817153,285.8605620141127,221.21838222786366,3.1264963318383656
FYRE,3,90.6516,69.04365358077935,1.0,30.192,0.5393481717011128,BG,1.0,298.8103577129543,220.61808715984242,170.72930938020303,2.433692148399393
WeiBird,1,88.74402420000001,86.83197755553962,1.0,20.4793902,1.0,TW,1.0,375.79549934937177,277.4578661338751,214.71580357244517,3.1264963318383643
Lazyloxy,2,88.1452,0.0,1.0,984.0143999999999,0.8665598796115178,TH,1.0,0.0,0.0,0.0,0.0
Antikvariniai Kašpirovskio dantys,1,87.28362482666665,0.0,1.0,57.0809226,1.0,LT,1.0,0.0,0.0,0.0,0.0
Rap Viet,1,86.13271333333336,84.27692904822915,1.0,19.876780000000004,1.0,NI,1.0,364.73764075053407,269.29361228795216,208.39774761128913,3.1264963318383647
lost spaces,1,85.61488,0.0,1.0,24.6966,1.0,MY,1.0,0.0,0.0,0.0,0.0
KHANS,2,85.52448666666668,82.7493490862861,1.0,79.200073,0.757864167625199,SK,1.0,358.1265086451147,264.4124718541933,204.620388529032,3.091658098864083
Killakikitt,1,85.3132839,83.47515474505809,1.0,19.6876809,1.0,HU,1.0,361.2676843691659,266.731669170435,206.41514144895686,3.1264963318383643
JillReece,2,85.12192,0.0,1.0,24.5544,0.5039096862476786,NI,1.0,0.0,0.0,0.0,0.0
Lilas ir Innomine,5,84.87517376,0.0,1.0,84.519805,0.5371909980151989,LT,1.0,0.0,0.0,0.0,0.0
AndreaRuby,2,84.58500232,0.0,1.0,24.3995199,0.5017949758921281,NI,1.0,0.0,0.0,0.0,0.0
Pink Sweat$,1,84.28992,0.0,1.0,232.26119999999997,1.0,MY,0.5423015122629179,0.0,0.0,0.0,0.0
ChadCaver,2,83.96128000000002,0.0,1.0,24.2196,0.5055739979190408,NI,1.0,0.0,0.0,0.0,0.0
Wu Bai,3,83.41319999999999,0.0,1.0,122.0046,0.6913854067797444,TW,1.0,0.0,0.0,0.0,0.0
Joshua Dietrich,1,83.22600000000001,77.62705635937998,1.0,47.6100246,1.0,PY,1.0,335.95801027261007,248.0449946904791,191.9541193738989,2.980378664004987
DanaHuntley,2,83.0336,0.0,1.0,23.951999999999998,0.5070140280561123,NI,1.0,0.0,0.0,0.0,0.0
Gringod,2,82.72576000000001,0.0,1.0,23.8632,0.6112843206275772,BG,1.0,0.0,0.0,0.0,0.0
Iglė,1,82.64056805333334,18.314077362907234,1.0,22.4952229,1.0,LT,1.0,79.2605217739588,58.51974086473825,45.28656318059042,0.7081236521386404
Sun Rai,1,82.4122,0.0,1.0,331.00980000000004,1.0,TH,1.0,0.0,0.0,0.0,0.0
AB6IX,1,82.2302,0.0,1.0,311.8381,1.0,SG,0.47320548707807036,0.0,0.0,0.0,0.0
SusanMiller,2,82.1974244,0.0,1.0,23.710795500000003,0.5042786396601497,NI,1.0,0.0,0.0,0.0,0.0
Morgenshtern,1,81.94662666666667,80.18103429066932,1.0,18.910760000000003,1.0,LV,1.0,347.0112355824017,256.20582767986133,198.269528043157,3.126496331838365
JanieReaves,2,81.46943999999999,0.0,1.0,23.500799999999998,0.5076082516339869,NI,1.0,0.0,0.0,0.0,0.0
BennieNolen,2,81.3904,0.0,1.0,23.478,0.5167901865576284,NI,1.0,0.0,0.0,0.0,0.0
Duke Dumont,1,81.31448,19.087012057671778,1.0,22.056,1.0,LT,1.0,82.60566474732605,60.9895315698162,47.19785552665313,0.7500451527183867
Mamamoo,3,81.25520312,0.0,1.0,4004.7111684,0.9877487729234661,SG,0.6832615193302988,0.0,0.0,0.0,0.0
Love Harder,1,80.82359999999998,79.08220395033554,1.0,18.6516,1.0,LT,1.0,342.25566617040886,252.69468892597126,195.5523696165435,3.1264963318383656
Weldon S. Kesterson,1,80.68527999999999,25.364827251270704,1.0,21.414,1.0,BO,0.6524516671336509,109.77508737152694,81.04929822069855,62.72146988992987,1.0045115815511647
Maian,2,80.31715796000002,0.0,1.0,124.704038,0.9679847416007492,EE,1.0,0.0,0.0,0.0,0.0
Felix & Dean,1,80.30117333333334,78.57103329965396,1.0,18.53104,1.0,LU,1.0,340.043397887071,251.06132386898338,194.28836043336509,3.1264963318383647
Huỳnh Tú,1,79.41695666666668,77.70586764544383,1.0,18.326990000000002,1.0,VN,1.0,336.29909344766253,248.29682370409975,192.14900182497465,3.1264963318383647
Chaleeda,1,79.03578453333333,0.0,1.0,22.798783999999998,1.0,MY,1.0,0.0,0.0,0.0,0.0
Joanna Wang,1,78.95888,0.0,1.0,22.7766,1.0,TW,1.0,0.0,0.0,0.0,0.0
Vicente Garcia,3,78.22879999999999,0.0,0.0,404.0856,0.4819473893650256,DO,1.0,0.0,0.0,0.0,0.0
Meresha,1,78.06369792000001,0.0,1.0,22.5183744,1.0,LU,1.0,0.0,0.0,0.0,0.0
เล็ก พงษธร,1,77.88976000000001,0.0,1.0,22.4682,1.0,TH,1.0,0.0,0.0,0.0,0.0
VeraQuintana,2,76.63929173333334,0.0,1.0,22.107488,0.5014053518880118,NI,1.0,0.0,0.0,0.0,0.0
DianeKennedy,1,76.5492,25.148068811361423,1.0,20.236800000000002,1.0,NI,1.0,108.83699004313432,80.35668087053777,62.18547538748448,1.0497390027660352
PaulaSanchez,2,76.15493461333332,0.0,1.0,21.967769599999997,0.5075779381808521,NI,1.0,0.0,0.0,0.0,0.0
GeorgeGoin,2,75.28823466666665,0.0,1.0,21.71776,0.5101567749160134,NI,1.0,0.0,0.0,0.0,0.0
Sia Babez,1,74.68508666666668,73.07594880482706,1.0,17.235020000000002,1.0,LU,1.0,316.26151384118907,233.50264950636378,180.7002617141972,3.1264963318383656
Blaq Diamond,1,74.5054635,72.90019573393515,1.0,17.1935685,1.0,ZA,1.0,315.5008814693677,232.9410583346672,180.2656641971391,3.1264963318383647
alt-J,1,74.18315666666668,72.58483320704633,1.0,17.119190000000003,1.0,LV,0.38728643119212997,314.13604075509903,231.93336720252418,179.48584413218367,3.126496331838366
Khalil Fong,2,74.16847983999999,0.0,1.0,65.6567498,0.6741423560384648,TW,1.0,0.0,0.0,0.0,0.0
Slender2003,2,73.76178333333334,72.17253863113159,1.0,17.02195,0.5124430514717762,NI,1.0,312.35169297912194,230.6159450215229,178.46633307567836,3.1264963318383643
The Unfits,1,73.74119999999999,0.0,1.0,21.2715,1.0,LU,1.0,0.0,0.0,0.0,0.0
Michela,1,73.588801,0.0,1.0,8185.4665138,1.0,NL,0.2713065867481064,0.0,0.0,0.0,0.0
Lloyd P-White,1,73.37854333333334,71.79755578154403,1.0,16.933510000000002,1.0,LU,1.0,310.72882463988515,229.41774656730922,177.53908546320082,3.126496331838365
Lucky2135,2,72.8988,71.32814882453543,1.0,16.8228,0.503530922319709,NI,1.0,308.6973032260801,227.91783079541867,176.3783484304397,3.126496331838366
Coldly1989,2,72.60205333333334,71.03779575420799,1.0,16.75432,0.5054427753558486,NI,1.0,307.440699609267,226.9900534306,175.66037108418834,3.1264963318383643
The Face 1234,2,72.3944,70.83461644448121,1.0,16.706400000000002,0.511061629076282,NI,1.0,306.56137067647387,226.34082604563935,175.15795469352886,3.126496331838365
Happy9282,2,72.32679999999999,70.76847292962859,1.0,16.6908,0.5024804083686821,NI,1.0,306.2751116749802,226.12947489360707,174.99439677002533,3.1264963318383656
Silence2001,2,72.23311333333334,70.67680480199309,1.0,16.66918,0.5026264039382861,NI,1.0,305.8783860588076,225.83656387393157,174.76772226322112,3.126496331838365
Wistful2010,2,71.99382666666668,70.44267371929038,1.0,16.613960000000002,0.5050186710453137,NI,1.0,304.86510259326417,225.08843498834037,174.18876915194775,3.1264963318383643
Comfortable5343,2,71.73920000000001,70.19353314667883,1.0,16.5552,0.5000724847781967,NI,1.0,303.7868603543049,224.2923456490188,173.57270097341788,3.1264963318383643
Fragile1988,2,71.7132,70.16809333327397,1.0,16.5492,0.5039518526575303,NI,1.0,303.67676073834576,224.21105674439102,173.50979407976268,3.1264963318383647
Blest Jones,1,71.27250000000001,69.73688849606168,1.0,16.4475,1.0,LU,1.0,301.8105722478394,222.8332098109499,172.44352223230715,3.126496331838365
Vuvanhy1985,2,69.66435666666666,68.1633936372823,1.0,16.07639,0.5237736830221212,NI,1.0,295.00072750141,217.80535557821284,168.55262601491043,3.1264963318383647
Harlem Yu,1,69.02271999999999,0.0,1.0,19.9104,1.0,TW,1.0,0.0,0.0,0.0,0.0
Razko,1,68.65950000000001,67.18018724887364,1.0,15.8445,1.0,LU,1.0,290.7455608439514,214.66367489585622,166.12137941995988,3.1264963318383647
蕭秉治,1,68.51312,0.0,1.0,19.7634,1.0,TW,1.0,0.0,0.0,0.0,0.0
David Tao,1,68.34036663999998,0.0,1.0,19.713567299999998,1.0,TW,1.0,0.0,0.0,0.0,0.0
Magnolia1982,2,68.094,66.62687130731803,1.0,15.713999999999999,0.5221076746849943,NI,1.0,288.35089419684135,212.89564122020167,164.7531544829594,3.126496331838366
Jah Khalib,1,68.08546316000002,22.841831058602033,1.0,37.9259803,1.0,LV,1.0,98.85594628120634,72.98746248243046,56.48267203953458,1.0719977377683516
Sunset2002,2,68.04750333333334,66.58137644101234,1.0,15.703270000000002,0.5139853036978922,NI,1.0,288.1539993836345,212.7502695624256,164.64065598813932,3.1264963318383647
Dom Kennedy,1,67.6845,66.22619424619154,1.0,15.6195,1.0,LU,1.0,286.61682524548576,211.61534097231385,163.76237090789002,3.1264963318383656
Tom Wilson,1,67.5444224,0.0,1.0,19.483968,1.0,LU,1.0,0.0,0.0,0.0,0.0
Los Angeles De Charly,1,67.5012,0.0,1.0,15.5772,1.0,PY,1.0,0.0,0.0,0.0,0.0
Dee Gomes,1,67.3955334,65.94345361602862,1.0,15.5528154,1.0,LU,1.0,285.3931671037549,210.71188795739,163.0632174011168,3.1264963318383643
Olivia O'Brien,1,67.33409175999999,37.424961433407596,1.0,36.1505157,1.0,VN,1.0,161.96950093648005,119.58555168012965,92.54344878535161,1.776003040278176
Pavell & Venci Venc',2,66.48928,18.47354477490967,1.0,22.5732,0.5153899314231035,BG,1.0,79.95067230847906,59.02929378634236,45.68088995369449,0.8878016694772806
Indifferent2527,2,66.20511300000001,64.77868158336193,1.0,15.278103000000002,0.5084012589782907,NI,1.0,280.35221214722185,206.99004294344445,160.18300011235618,3.1264963318383643
Panos Mouzourakis,1,65.54463240000001,0.0,1.0,93.94516010000001,1.0,CY,1.0,0.0,0.0,0.0,0.0
Dat G,1,65.1976,63.79287609401706,1.0,15.0456,1.0,VN,1.0,276.0857969789994,203.84005724466502,157.7453265297705,3.1264963318383656
Yella Beezy,1,64.532,63.141616870852744,1.0,14.892,1.0,EE,1.0,273.2672468104468,201.7590612861934,156.13491005219745,3.1264963318383656
Isaac,1,63.4608,0.0,1.0,18.306,1.0,VN,1.0,0.0,0.0,0.0,0.0
Chris Burke,1,63.453,62.08586461455122,1.0,14.643,1.0,LU,1.0,268.6981127481448,198.3855717441398,153.52427396550684,3.1264963318383656
Red Bull Pilvaker,3,63.318824400000004,61.264226284458864,1.0,373.22064800000004,0.8284847857613709,HU,1.0,265.1421879007101,195.7601562668128,151.49254856596883,3.0916580988640843
Snoh Aalegra,3,63.01984,0.0,1.0,18.1788,0.39025678262591595,ZA,1.0,0.0,0.0,0.0,0.0
Papa Roach,1,62.950049066666665,0.0,1.0,14.5269344,1.0,HU,1.0,0.0,0.0,0.0,0.0
Luciano Pereyra,1,62.8992,61.54399658902778,1.0,14.5152,1.0,BO,1.0,266.3529909282163,196.65411807556768,152.1843571306511,3.1264963318383647
Manos,1,62.5710852,0.0,1.0,14.439481200000001,1.0,GR,1.0,0.0,0.0,0.0,0.0
Fat Joe,1,62.282282400000014,60.94037087248272,1.0,14.372834400000002,1.0,DO,1.0,263.74059128058553,194.72532746212116,150.6917275207581,3.1264963318383643
LindaTirado,1,61.70944,0.0,1.0,17.8008,1.0,BO,1.0,0.0,0.0,0.0,0.0
Baghdad,1,61.453599999999994,0.0,1.0,115.02,1.0,GR,1.0,0.0,0.0,0.0,0.0
Lifetime Member,1,61.3275,60.006159868704216,1.0,14.1525,1.0,LU,1.0,259.6974691434896,191.7402037908173,148.38163540919447,3.1264963318383647
Hellberg,1,59.92367333333334,58.63257954359804,1.0,13.828540000000002,1.0,LU,1.0,253.7528238791389,187.35114486694715,144.98508253110495,3.126496331838365
GioBulla,1,58.96795666666668,57.69745440252455,1.0,13.607990000000003,1.0,LU,1.0,249.70574549584293,184.36310021433704,142.67272996516272,3.126496331838365
Jake & Kellini,1,58.921240559999994,0.0,1.0,16.9965117,1.0,LU,1.0,0.0,0.0,0.0,0.0
Covi Quintana,3,58.68510648,0.0,1.0,57.1943996,0.4035917530638787,DO,1.0,0.0,0.0,0.0,0.0
KOLIDESCOPES,1,58.3279281,57.07121565984079,1.0,13.460291100000001,1.0,LU,1.0,246.99548013457968,182.36205324838193,141.12418346594777,3.1264963318383656
MATRANG,2,57.66744247333333,16.662344991728286,1.0,45.5037938,0.6612898439250576,LV,1.0,72.1120770570146,53.24189102147715,41.20220332436736,0.9232573656460896
Lotfi Begi,1,57.00448000000001,0.0,1.0,16.4436,1.0,HU,1.0,0.0,0.0,0.0,0.0
The Him,1,56.27310762666667,0.0,1.0,16.2326272,1.0,LU,1.0,0.0,0.0,0.0,0.0
Roxx Remora,1,55.7505,54.5493198933626,1.0,12.8655,1.0,LU,1.0,236.08110152026612,174.30373374815477,134.88810672015487,3.1264963318383647
Otira,1,55.6725,54.47300045314804,1.0,12.8475,1.0,LU,1.0,235.7508026723889,174.05986703427138,134.69938603918928,3.126496331838365
Carla Morrison,2,55.068,53.88152479148513,1.0,511.34880000000004,0.9751480789629309,MX,0.9751480789629309,233.19098660134014,172.16990000167507,133.23680076170595,3.126496331838365
SHANNI,1,54.619351800000004,53.44254300331496,1.0,12.604465800000002,1.0,LU,1.0,231.291140658235,170.7672030500892,132.15129827686,3.1264963318383647
Prusax,3,54.444,50.96599407670654,1.0,83.6772,0.8563909882261836,LV,1.0,220.5730162213859,162.85378221254805,126.02735399005526,2.991216336282199
Nija,1,53.2142,0.0,1.0,12.2802,1.0,ZA,1.0,0.0,0.0,0.0,0.0
Exploit,1,53.10257333333334,51.95844449683404,1.0,12.25444,1.0,RO,1.0,224.8681896322731,166.02500073784444,128.48145898066414,3.1264963318383643
Urbanstep,1,52.77480936,0.0,1.0,15.2235027,1.0,LU,1.0,0.0,0.0,0.0,0.0
Oscar,1,51.93235666666667,50.813440895170494,1.0,11.984390000000001,1.0,RO,1.0,219.91278941731474,162.36632262205504,125.65012454206655,3.1264963318383656
Tshego,1,51.34257128,0.0,1.0,14.8103571,1.0,ZA,1.0,0.0,0.0,0.0,0.0
Lani Rose,1,51.168,50.06555278075672,1.0,11.808,1.0,LU,1.0,216.67604420747753,159.97656430750544,123.8007667134265,3.1264963318383647
Big Baby Tape,2,51.116,50.233400140292794,0.0,193.9056,0.9097148303091814,LV,0.8751578087481744,217.40246187141923,160.5128940275478,124.2158151978083,3.140169301736204
ILuvJupiter,2,51.102999999999994,50.00195324724457,1.0,11.793,0.5006868481302468,ZA,1.0,216.4007951675798,159.77334204593592,123.64349947928848,3.1264963318383643
Pournaras,1,50.41925616,0.0,1.0,14.5440162,1.0,GR,1.0,0.0,0.0,0.0,0.0
R3LL,1,49.68615990000001,48.615639871532366,1.0,11.466036900000002,1.0,LU,1.0,210.4010432104479,155.34359667048446,120.21546065247628,3.1264963318383643
Deadrose,1,49.32719999999999,0.0,1.0,14.229,1.0,LU,1.0,0.0,0.0,0.0,0.0
FIESTA!,1,49.166,0.0,1.0,3550.9536,1.0,AR,0.9057881240689825,0.0,0.0,0.0,0.0
S I,2,49.041421,30.166530735478318,1.0,11.317251,0.6286685697790038,NI,1.0,130.55612460428196,96.39238310764227,74.59499449633189,1.9655299773561268
Steven Pineda,2,48.4224,0.0,1.0,20.686799999999998,0.5401705435350079,HN,1.0,0.0,0.0,0.0,0.0
Jason William,1,48.37664,0.0,1.0,13.9548,1.0,BO,1.0,0.0,0.0,0.0,0.0
Calle 13,1,48.29448,18.13614822969473,0.0,43.806,1.0,NI,1.0,78.49047173770775,57.95119642968131,44.846584754529175,1.199954869162714
D14,1,47.8296,0.0,1.0,11.0376,1.0,NI,1.0,0.0,0.0,0.0,0.0
Los Rivera Destino,1,47.77741540000001,0.0,1.0,45.950382100000006,1.0,DO,1.0,0.0,0.0,0.0,0.0
La Beriso,1,46.567029600000005,0.0,1.0,13.432797,1.0,UY,1.0,0.0,0.0,0.0,0.0
Mahalo,1,46.534800000000004,0.0,1.0,13.4235,1.0,LU,1.0,0.0,0.0,0.0,0.0
LauGadoi,1,46.45888,0.0,1.0,13.4016,1.0,BO,1.0,0.0,0.0,0.0,0.0
Tritan,1,46.2431307,45.24679293324503,1.0,10.6714917,1.0,LU,1.0,195.82118964675897,144.5789785062721,111.88506558570184,3.1264963318383656
Milo K,2,45.618559999999995,0.0,1.0,60.0984,0.7810390958827523,DO,1.0,0.0,0.0,0.0,0.0
StephenFlint24,1,45.562183333333344,44.58051701222472,1.0,10.514350000000002,1.0,NI,1.0,192.93764950989936,142.44999906221375,110.23751621725238,3.1264963318383643
ScottHall41,1,45.447783333333334,44.468581833243356,1.0,10.48795,1.0,NI,1.0,192.4532111996794,142.09232788185147,109.96072588516952,3.1264963318383656
JulieHarder67,1,45.115199999999994,44.14316422010623,1.0,10.4112,1.0,NI,1.0,191.04485361220276,141.0525073101542,109.15604187049678,3.126496331838365
EmilyZimmer,1,44.95306088000001,0.0,1.0,12.9672291,1.0,BO,1.0,0.0,0.0,0.0,0.0
Eaze,1,44.58688,0.0,1.0,12.8616,1.0,GR,1.0,0.0,0.0,0.0,0.0
2Kvėpavimas,1,44.574400000000004,43.61401610128523,1.0,10.2864,1.0,LT,1.0,188.75478160025384,139.36169809389602,107.8475784824687,3.1264963318383647
Katie Sky,1,43.48487000000001,42.547960720554734,1.0,10.034970000000001,1.0,VN,1.0,184.1410571934884,135.95528654546817,105.2114651038477,3.1264963318383647
Boris Dali,1,43.3628,42.428520796618926,1.0,10.0068,1.0,BG,1.0,183.62413949656047,135.57363513824063,104.91611723813652,3.1264963318383647
Tereza Kerndlová,1,43.22239999999999,42.29114580423271,1.0,9.9744,1.0,SK,1.0,183.02960157038146,135.13467505325056,104.57642001239849,3.1264963318383656
Sean Matsukawa,2,43.15467970666667,23.317963368135036,1.0,11.073575300000002,0.5033618455640068,NI,1.0,100.9165739906568,74.50886805580835,57.660039345061996,1.7265536104604198
El Polaco,2,42.61457408,0.0,1.0,45.7100404,0.7310729657548061,UY,1.0,0.0,0.0,0.0,0.0
Ngơ,1,42.4294,41.51523149538461,1.0,9.7914,1.0,VN,1.0,179.6715632836294,132.65536346210277,102.65775975591502,3.126496331838366
FILV,1,42.336863400000006,41.424688655495366,1.0,9.7700454,1.0,LT,1.0,179.27970774046935,132.36604812164188,102.43386783070676,3.1264963318383634
Musicologo The Libro,2,41.97856,0.0,1.0,70.9236,0.8292641659475831,DO,1.0,0.0,0.0,0.0,0.0
MariaBrewer62,1,41.8548,40.95301161913728,1.0,9.6588,1.0,NI,1.0,177.2383617709336,130.85887866982839,101.26751740613514,3.1264963318383647
Red Tan,1,41.8184,40.917395880370485,1.0,9.6504,1.0,EE,1.0,177.0842223085909,130.74507420334947,101.17944775501788,3.126496331838365
SusanCarter,1,41.22970488,0.0,1.0,11.893184100000001,1.0,NI,1.0,0.0,0.0,0.0,0.0
RickSpencer,1,40.80128,0.0,1.0,11.7696,1.0,NI,1.0,0.0,0.0,0.0,0.0
CarolAnderson88,1,40.7756388,39.89710163599265,1.0,9.409762800000001,1.0,NI,1.0,172.66854509101267,127.48488513656612,98.65649129670385,3.126496331838365
PennyNakamura,1,40.22304,0.0,1.0,11.6028,1.0,NI,1.0,0.0,0.0,0.0,0.0
Edavārdi,1,40.07758664,0.0,1.0,17.8956613,1.0,LV,1.0,0.0,0.0,0.0,0.0
LouChamberlain,1,39.89006839999999,0.0,1.0,11.506750499999999,1.0,NI,1.0,0.0,0.0,0.0,0.0
VIŅA,1,39.78624,0.0,1.0,11.4768,1.0,LV,1.0,0.0,0.0,0.0,0.0
MOTi,2,39.2184,0.0,1.0,4665.1905,0.9975750186407181,NO,0.9975750186407181,0.0,0.0,0.0,0.0
LindaCourtney,1,38.08294741333333,0.0,1.0,10.9854656,1.0,NI,1.0,0.0,0.0,0.0,0.0
IsisWampler68,1,38.05373,37.233838098414346,1.0,8.78163,1.0,NI,1.0,161.14234841579528,118.97484725776752,92.0708440882137,3.1264963318383643
MarySchroeter,1,37.863743146666664,0.0,1.0,10.9222336,1.0,NI,1.0,0.0,0.0,0.0,0.0
JustaTee,1,37.736399999999996,36.92334517580809,1.0,8.7084,1.0,VN,1.0,159.79858260301472,117.98271617678529,91.30306545115205,3.1264963318383656
TheFatRat,1,36.62566058666666,0.0,1.0,10.5650944,1.0,LU,1.0,0.0,0.0,0.0,0.0
Temry,1,35.8384,35.06623879725359,1.0,8.2704,1.0,NI,1.0,151.76131063800153,112.04862613895605,86.7108622143227,3.1264963318383647
Rochi Errede,1,35.64134912000001,0.0,1.0,10.2811584,1.0,DO,1.0,0.0,0.0,0.0,0.0
Phạm Toàn Thắng,1,35.55978608,0.0,1.0,10.2576306,1.0,VN,1.0,0.0,0.0,0.0,0.0
Quân A.P,1,35.3938,0.0,1.0,22.4658,1.0,VN,1.0,0.0,0.0,0.0,0.0
CecilDowns84,1,34.9934442,34.239488109278554,1.0,8.0754102,1.0,NI,1.0,148.18326028867844,109.4068749296905,84.66649511224803,3.1264963318383647
Marty McKay,1,34.5852,33.84003979113953,1.0,7.9812,1.0,NI,1.0,146.4545091487737,108.13050093589624,83.67874994014225,3.1264963318383656
Bad Art,2,33.870720000000006,0.0,1.0,24.5652,0.8181329685897123,EE,1.0,0.0,0.0,0.0,0.0
Lorena,1,33.444320000000005,14.665957839899507,1.0,8.5716,1.0,BG,1.0,63.4720192380354,46.8627512769147,36.265590297531205,1.401217046030976
Khanh Phuong,1,32.809400000000004,0.0,1.0,42.077999999999996,1.0,VN,1.0,0.0,0.0,0.0,0.0
EMIL TRF,2,32.53536,0.0,1.0,22.4928,0.5827464788732395,BG,1.0,0.0,0.0,0.0,0.0
Raiden,1,32.2523656,0.0,1.0,9.303567,1.0,VN,1.0,0.0,0.0,0.0,0.0
Mike Posner,2,32.0216,0.0,1.0,634.2481,0.983098727453815,NO,0.5465148417472594,0.0,0.0,0.0,0.0
Tekno,1,31.1428,0.0,1.0,7.1868,1.0,ZA,1.0,0.0,0.0,0.0,0.0
Onirama,1,31.04931648,0.0,1.0,8.9565336,1.0,CY,1.0,0.0,0.0,0.0,0.0
Horkýže Slíže,1,29.36544,0.0,1.0,8.4708,1.0,SK,1.0,0.0,0.0,0.0,0.0
CynthiaGorecki58,1,29.357647800000006,28.725118539903196,1.0,6.774841800000001,1.0,NI,1.0,124.31791339392505,91.78657815810266,71.03070877389656,3.1264963318383647
Tiwa Savage,1,27.7784,0.0,1.0,6.4104,1.0,ZA,1.0,0.0,0.0,0.0,0.0
Juluka,1,25.0302,0.0,1.0,5.7762,1.0,ZA,1.0,0.0,0.0,0.0,0.0
Salatiel,1,24.562337799999998,0.0,1.0,5.6682318,1.0,ZA,1.0,0.0,0.0,0.0,0.0
LEILAH SAFKA & FREDDY FENDER,1,24.492086666666673,23.964389026752425,1.0,5.652020000000001,1.0,NI,1.0,103.71420523217711,76.57441912240067,59.25850351284053,3.1264963318383647
Giorgos Sabanis,2,24.008746666666667,23.491462895556158,1.0,27.175234000000003,0.7961202468394568,GR,0.7961202468394568,101.66745337149777,75.06325838536993,58.08906435979044,3.126496331838366
Ozols,1,23.374000000000002,0.0,1.0,5.394,1.0,LV,1.0,0.0,0.0,0.0,0.0
DJ Koze J,1,22.583513333333336,22.096937124079954,1.0,5.2115800000000005,1.0,EE,1.0,95.6321594233406,70.60727159668947,54.64071813925806,3.1264963318383647
Snotkop,1,22.4588,22.071012737123556,0.0,12.9042,1.0,ZA,1.0,95.51996264726954,70.52443431383304,54.576613005018714,3.1401693017362033
George Dalaras,1,21.991666666666667,21.517842171607416,1.0,5.075,1.0,CY,1.0,93.12592516539199,68.75686516434537,53.208747550020284,3.1264963318383647
Midnight Office,1,21.808799999999998,21.338915483993258,1.0,5.0328,1.0,NI,1.0,92.35155786647974,68.18513320179652,52.76630239797873,3.1264963318383647
The Bonfyre,1,21.805317300000002,21.33550782098768,1.0,5.0319963,1.0,EE,1.0,92.33681002292204,68.17424455302164,52.757876019573615,3.1264963318383643
Disturbed,2,21.668400000000002,0.0,1.0,3090.321,0.9983819156650717,NO,0.9091589514487329,0.0,0.0,0.0,0.0
Timo Odv,1,21.5955454,0.0,1.0,4.9835874,1.0,ZA,1.0,0.0,0.0,0.0,0.0
Chika Toro,1,21.186880000000002,0.0,1.0,6.1116,1.0,NI,1.0,0.0,0.0,0.0,0.0
D.K. Smith,1,21.112,20.657128484743115,1.0,4.872,1.0,NI,1.0,89.40088815877628,66.00659055777155,51.08039764801946,3.1264963318383643
YT,1,21.041280000000004,0.0,1.0,6.0696,1.0,NI,1.0,0.0,0.0,0.0,0.0
Paul Ereck,1,20.976799999999997,20.52484145503787,1.0,4.8408,1.0,EE,1.0,88.82837015578907,65.58388825370702,50.753281801012456,3.1264963318383656
Anne Dorko,1,20.92896,0.0,1.0,6.0372,1.0,NI,1.0,0.0,0.0,0.0,0.0
Vashoun Stjon,1,20.89979528,0.0,1.0,6.0287871,1.0,NI,1.0,0.0,0.0,0.0,0.0
Talley,1,20.87072,0.0,1.0,6.0204,1.0,NI,1.0,0.0,0.0,0.0,0.0
Catswithnicefaces,1,20.85824,0.0,1.0,6.0168,1.0,NI,1.0,0.0,0.0,0.0,0.0
CMC$,1,20.7688,20.321322947799022,1.0,4.7928,1.0,EE,1.0,87.94757322811641,64.93357701668464,50.25002665177089,3.126496331838365
King V,1,20.76256,0.0,1.0,5.9892,1.0,NI,1.0,0.0,0.0,0.0,0.0
Grimes,1,20.7025221,20.256473047458027,1.0,4.7775051,1.0,LT,1.0,87.66691279209428,64.72635940545267,50.089667543809725,3.1264963318383643
JayBe,1,20.6856,20.23991554490348,1.0,4.7736,1.0,BG,1.0,87.59525445704732,64.67345252187567,50.04872459207425,3.1264963318383643
Decayer,1,20.669999999999998,0.0,1.0,4.77,1.0,NI,1.0,0.0,0.0,0.0,0.0
Johnny Clegg,1,20.560911800000003,0.0,1.0,4.744825800000001,1.0,ZA,1.0,0.0,0.0,0.0,0.0
GPS,1,20.4048,19.96516556013104,1.0,4.7088,1.0,EE,1.0,86.40617860468925,63.79553235189549,49.369330140598144,3.1264963318383656
Victor Crone,1,20.2904,0.0,0.0,4711.5154,1.0,SE,0.8113755714350419,0.0,0.0,0.0,0.0
Asena,1,20.077142800000004,0.0,1.0,26.2031834,1.0,EE,1.0,0.0,0.0,0.0,0.0
Videoclub,1,20.03980333333333,0.0,1.0,9.043909,1.0,LT,1.0,0.0,0.0,0.0,0.0
NorsePrez,1,20.037377706666668,0.0,1.0,5.780012800000001,1.0,NI,1.0,0.0,0.0,0.0,0.0
F.O.,1,19.848628800000004,0.0,1.0,18.0432133,1.0,BG,1.0,0.0,0.0,0.0,0.0
$hea Butta,1,19.76426816,0.0,1.0,5.7012312,1.0,NI,1.0,0.0,0.0,0.0,0.0
Akil Hamilton,1,19.7184,19.293554486242833,1.0,4.5504,1.0,NI,1.0,83.49954874336939,61.64950526972161,47.708588148100944,3.1264963318383647
Olaf Carlsen,1,19.708,19.283378560880895,1.0,4.548,1.0,BG,1.0,83.45550889698578,61.6169897078705,47.683425390638874,3.1264963318383656
K.O,1,19.445950160000002,0.0,1.0,5.6094087,1.0,ZA,1.0,0.0,0.0,0.0,0.0
Streetza Ria,1,18.765149866666665,0.0,1.0,5.413024,1.0,NI,1.0,0.0,0.0,0.0,0.0
Styl3z,1,18.697420560000005,0.0,1.0,5.3934867,1.0,CY,1.0,0.0,0.0,0.0,0.0
Donny Montell,2,18.69504,0.0,1.0,12.1308,0.5554456424967851,LT,1.0,0.0,0.0,0.0,0.0
Moonlight Young,1,18.564,0.0,1.0,4.284,1.0,NI,1.0,0.0,0.0,0.0,0.0
6LACK,1,18.4668068,0.0,0.0,12915.1044424,1.0,US,0.9904844955727541,0.0,0.0,0.0,0.0
micem,1,18.239059626666666,0.0,1.0,5.2612672,1.0,NI,1.0,0.0,0.0,0.0,0.0
Elderbrook,2,18.212419680000004,0.0,1.0,268.59705080000003,0.9804406541905336,IE,0.9804406541905336,0.0,0.0,0.0,0.0
Jeremy Voltz,1,18.200000000000003,0.0,1.0,4.2,1.0,NI,1.0,0.0,0.0,0.0,0.0
Keith Lawsen,1,18.200000000000003,0.0,1.0,4.2,1.0,NI,1.0,0.0,0.0,0.0,0.0
Samylon92,1,18.200000000000003,0.0,1.0,4.2,1.0,NI,1.0,0.0,0.0,0.0,0.0
Thomas Deil,1,18.199924600000003,0.0,1.0,4.1999826,1.0,NI,1.0,0.0,0.0,0.0,0.0
Lizzy Ashliegh,1,18.08352,0.0,1.0,5.2164,1.0,NI,1.0,0.0,0.0,0.0,0.0
Xciryl,1,17.950400000000002,0.0,1.0,5.178,1.0,NI,1.0,0.0,0.0,0.0,0.0
Legend Russell,1,17.921110480000003,0.0,1.0,5.1695511000000005,1.0,NI,1.0,0.0,0.0,0.0,0.0
Splash Danero,1,17.9088,0.0,1.0,4.1328,1.0,NI,1.0,0.0,0.0,0.0,0.0
Trilltypefella,1,17.858880000000003,0.0,1.0,5.1516,1.0,NI,1.0,0.0,0.0,0.0,0.0
Melanie Weichl,1,17.7008,0.0,1.0,4.0848,1.0,NI,1.0,0.0,0.0,0.0,0.0
FKA twigs,1,17.697618900000002,17.31631240485592,1.0,4.084065900000001,1.0,BG,1.0,74.94234785693187,55.33154057312332,42.819316542018996,3.1264963318383647
David Scott,1,17.515680000000003,0.0,1.0,5.0526,1.0,ZA,1.0,0.0,0.0,0.0,0.0
GoldFish,1,17.34512,0.0,1.0,5.0034,1.0,ZA,1.0,0.0,0.0,0.0,0.0
lil waii,1,16.932686506666663,0.0,1.0,4.884428799999999,1.0,NI,1.0,0.0,0.0,0.0,0.0
Kamaniu Silelis,1,16.848,0.0,1.0,4.86,1.0,LT,1.0,0.0,0.0,0.0,0.0
Elina Born,3,16.6489856,0.0,1.0,157.9247841,0.9179229696347578,EE,1.0,0.0,0.0,0.0,0.0
Mizzery,1,16.567135866666668,0.0,1.0,3.8231852,1.0,NI,1.0,0.0,0.0,0.0,0.0
Philip Anthony,1,16.49856,0.0,1.0,4.7592,1.0,NI,1.0,0.0,0.0,0.0,0.0
SADBOI,1,16.49024,0.0,0.0,9.0588,1.0,LT,1.0,0.0,0.0,0.0,0.0
Arop,2,16.3904,0.0,1.0,9.239999999999998,0.5116883116883117,EE,1.0,0.0,0.0,0.0,0.0
Phillydark1,1,16.35010901333333,0.0,1.0,4.7163775999999995,1.0,NI,1.0,0.0,0.0,0.0,0.0
Rockin Chefs,1,16.34048,0.0,1.0,4.7136,1.0,NI,1.0,0.0,0.0,0.0,0.0
Tim Hustle,1,16.261440000000004,0.0,1.0,4.6908,1.0,NI,1.0,0.0,0.0,0.0,0.0
Tiny Tree,1,16.240777280000003,0.0,1.0,4.6848396,1.0,NI,1.0,0.0,0.0,0.0,0.0
Exciting Valence,1,16.24064,0.0,1.0,4.6848,1.0,NI,1.0,0.0,0.0,0.0,0.0
Tom. G,1,16.224,0.0,1.0,4.68,1.0,NI,1.0,0.0,0.0,0.0,0.0
Synco,1,16.21152,0.0,1.0,4.6764,1.0,NI,1.0,0.0,0.0,0.0,0.0
Michael Sterling,1,16.19910656,0.0,1.0,4.6728192,1.0,NI,1.0,0.0,0.0,0.0,0.0
Flood District,1,16.19061808,0.0,1.0,4.6703706,1.0,NI,1.0,0.0,0.0,0.0,0.0
Lloyd Miller,1,16.13664,0.0,1.0,4.6548,1.0,NI,1.0,0.0,0.0,0.0,0.0
Saviour3.0,1,16.12416,0.0,1.0,4.6512,1.0,NI,1.0,0.0,0.0,0.0,0.0
OGK John,1,16.08256,0.0,1.0,4.6392,1.0,NI,1.0,0.0,0.0,0.0,0.0
MiyaGi,1,15.995199999999999,0.0,1.0,4.614,1.0,EE,1.0,0.0,0.0,0.0,0.0
JOSEPH CHASE,1,15.928632720000003,0.0,1.0,4.5947979000000005,1.0,NI,1.0,0.0,0.0,0.0,0.0
Focuz,1,15.92448,0.0,1.0,4.5936,1.0,NI,1.0,0.0,0.0,0.0,0.0
His Kings,1,15.907840000000002,0.0,1.0,4.5888,1.0,NI,1.0,0.0,0.0,0.0,0.0
ThereGoJo,1,15.90355312,0.0,1.0,4.5875634000000005,1.0,NI,1.0,0.0,0.0,0.0,0.0
The ocn,1,15.899520000000003,0.0,1.0,4.5864,1.0,NI,1.0,0.0,0.0,0.0,0.0
SIXN,1,15.816320000000003,0.0,1.0,4.5624,1.0,NI,1.0,0.0,0.0,0.0,0.0
Mila Robert,1,15.16312616,0.0,1.0,4.3739787,1.0,BG,1.0,0.0,0.0,0.0,0.0
